ex_factory_vials,shipment_date,valid_order,wholesaler_name_2,wholesaler_name,week_end_date,month_year,quarter_year,year,is_business_day,unit_price,discount,gross_sales,net_sales
30,2022-02-21,1,ASD HEALTHCARE-BROOKS              ,CENCORA,2022-02-25,2022-02,2022-Q1,2022,1,6785,0.15,203550,173017.5
10,2022-02-21,1,ASD HEALTHCARE - RENO DC           ,CENCORA,2022-02-25,2022-02,2022-Q1,2022,1,6785,0.15,67850,57672.5
5,2022-02-21,1,MCKESSON SPECIALTY CARE DIST       ,MSH,2022-02-25,2022-02,2022-Q1,2022,1,6785,0.15,33925,28836.25
10,2022-02-21,1,MCKESSON SPECIALTY CARE DIST       ,MSH,2022-02-25,2022-02,2022-Q1,2022,1,6785,0.15,67850,57672.5
5,2022-02-21,1,McKesson Specialty Care DC         ,MSH,2022-02-25,2022-02,2022-Q1,2022,1,6785,0.15,33925,28836.25
30,2022-02-21,0,PANTHERRX RARE                     ,PANTHERRX,2022-02-25,2022-02,2022-Q1,2022,1,6649.3,0.15,199479,169557.15
10,2022-02-21,1,DOTHAN D AND S                     ,CENCORA,2022-02-25,2022-02,2022-Q1,2022,1,6785,0.15,67850,57672.5
10,2022-03-01,1,DOTHAN D AND S                     ,CENCORA,2022-03-04,2022-03,2022-Q1,2022,1,6785,0.15,67850,57672.5
20,2022-03-01,1,MCKESSON PLASMA AND BIOLOGICS      ,MPB,2022-03-04,2022-03,2022-Q1,2022,1,6785,0.15,135700,115345
5,2022-03-01,1,ASD HEALTHCARE-BROOKS              ,CENCORA,2022-03-04,2022-03,2022-Q1,2022,1,6785,0.15,33925,28836.25
5,2022-03-01,1,MCKESSON SPECIALTY CARE DIST       ,MSH,2022-03-04,2022-03,2022-Q1,2022,1,6785,0.15,33925,28836.25
30,2022-03-03,1,ASD HEALTHCARE-BROOKS              ,CENCORA,2022-03-04,2022-03,2022-Q1,2022,1,6785,0.15,203550,173017.5
25,2022-03-07,1,MCKESSON PLASMA AND BIOLOGICS      ,MPB,2022-03-11,2022-03,2022-Q1,2022,1,6785,0.15,169625,144181.25
2,2022-03-09,1,MCKESSON SPECIALTY CARE DIST       ,MSH,2022-03-11,2022-03,2022-Q1,2022,1,6785,0.15,13570,11534.5
10,2022-03-09,1,McKesson Specialty Care DC         ,MSH,2022-03-11,2022-03,2022-Q1,2022,1,6785,0.15,67850,57672.5
10,2022-03-09,0,PANTHERRX RARE                     ,PANTHERRX,2022-03-11,2022-03,2022-Q1,2022,1,6649.3,0.15,66493,56519.05
20,2022-03-09,1,ASD HEALTHCARE-BROOKS              ,CENCORA,2022-03-11,2022-03,2022-Q1,2022,1,6785,0.15,135700,115345
25,2022-03-09,1,MCKESSON PLASMA AND BIOLOGICS      ,MPB,2022-03-11,2022-03,2022-Q1,2022,1,6785,0.15,169625,144181.25
50,2022-03-10,1,ASD HEALTHCARE-BROOKS              ,CENCORA,2022-03-11,2022-03,2022-Q1,2022,1,6785,0.15,339250,288362.5
5,2022-03-14,1,DOTHAN D AND S                     ,CENCORA,2022-03-18,2022-03,2022-Q1,2022,1,6785,0.15,33925,28836.25
10,2022-03-14,0,DOTHAN D AND S                     ,CENCORA,2022-03-18,2022-03,2022-Q1,2022,1,6785,0.15,67850,57672.5
10,2022-03-14,0,DOTHAN D AND S                     ,CENCORA,2022-03-18,2022-03,2022-Q1,2022,1,6785,0.15,67850,57672.5
-10,2022-03-14,0,DOTHAN D AND S                     ,CENCORA,2022-03-18,2022-03,2022-Q1,2022,1,6785,0.15,-67850,-57672.5
-10,2022-03-14,0,DOTHAN D AND S                     ,CENCORA,2022-03-18,2022-03,2022-Q1,2022,1,6785,0.15,-67850,-57672.5
25,2022-03-14,1,MCKESSON PLASMA AND BIOLOGICS      ,MPB,2022-03-18,2022-03,2022-Q1,2022,1,6785,0.15,169625,144181.25
20,2022-03-16,0,PANTHERRX RARE                     ,PANTHERRX,2022-03-18,2022-03,2022-Q1,2022,1,6649.3,0.15,132986,113038.1
5,2022-03-17,1,DOTHAN D AND S                     ,CENCORA,2022-03-18,2022-03,2022-Q1,2022,1,6785,0.15,33925,28836.25
4,2022-03-21,1,MCKESSON SPECIALTY CARE DIST       ,MSH,2022-03-25,2022-03,2022-Q1,2022,1,6785,0.15,27140,23069
20,2022-03-21,1,MCKESSON PLASMA AND BIOLOGICS      ,MPB,2022-03-25,2022-03,2022-Q1,2022,1,6785,0.15,135700,115345
10,2022-03-24,1,ASD HEALTHCARE-BROOKS              ,CENCORA,2022-03-25,2022-03,2022-Q1,2022,1,6785,0.15,67850,57672.5
50,2022-03-28,1,MCKESSON PLASMA AND BIOLOGICS      ,MPB,2022-04-01,2022-03,2022-Q1,2022,1,6785,0.15,339250,288362.5
9,2022-03-30,1,MCKESSON SPECIALTY CARE DIST       ,MSH,2022-04-01,2022-03,2022-Q1,2022,1,6785,0.15,61065,51905.25
12,2022-04-01,1,ASD HEALTHCARE-BROOKS              ,CENCORA,2022-04-01,2022-04,2022-Q2,2022,1,6785,0.15,81420,69207
10,2022-04-01,1,DOTHAN D AND S                     ,CENCORA,2022-04-01,2022-04,2022-Q2,2022,1,6785,0.15,67850,57672.5
2,2022-04-01,1,McKesson Specialty Care DC         ,MSH,2022-04-01,2022-04,2022-Q2,2022,1,6785,0.15,13570,11534.5
4,2022-04-04,1,MCKESSON SPECIALTY CARE DIST       ,MSH,2022-04-08,2022-04,2022-Q2,2022,1,6785,0.15,27140,23069
15,2022-04-07,1,ASD HEALTHCARE-BROOKS              ,CENCORA,2022-04-08,2022-04,2022-Q2,2022,1,6785,0.15,101775,86508.75
50,2022-04-11,1,MCKESSON PLASMA AND BIOLOGICS      ,MPB,2022-04-15,2022-04,2022-Q2,2022,1,6785,0.15,339250,288362.5
6,2022-04-12,1,McKesson Specialty Care DC         ,MSH,2022-04-15,2022-04,2022-Q2,2022,1,6785,0.15,40710,34603.5
10,2022-04-13,0,PANTHERRX RARE                     ,PANTHERRX,2022-04-15,2022-04,2022-Q2,2022,1,6649.3,0.15,66493,56519.05
5,2022-04-14,1,DOTHAN D AND S                     ,CENCORA,2022-04-15,2022-04,2022-Q2,2022,1,6785,0.15,33925,28836.25
4,2022-04-18,1,McKesson Specialty Care DC         ,MSH,2022-04-22,2022-04,2022-Q2,2022,1,6785,0.15,27140,23069
4,2022-04-18,1,MCKESSON SPECIALTY CARE DIST       ,MSH,2022-04-22,2022-04,2022-Q2,2022,1,6785,0.15,27140,23069
15,2022-04-21,1,ASD HEALTHCARE-BROOKS              ,CENCORA,2022-04-22,2022-04,2022-Q2,2022,1,6785,0.15,101775,86508.75
10,2022-04-21,1,DOTHAN D AND S                     ,CENCORA,2022-04-22,2022-04,2022-Q2,2022,1,6785,0.15,67850,57672.5
2,2022-04-26,1,MCKESSON SPECIALTY CARE DIST       ,MSH,2022-04-29,2022-04,2022-Q2,2022,1,6785,0.15,13570,11534.5
10,2022-04-28,1,ASD HEALTHCARE-BROOKS              ,CENCORA,2022-04-29,2022-04,2022-Q2,2022,1,6785,0.15,67850,57672.5
10,2022-04-28,1,DOTHAN D AND S                     ,CENCORA,2022-04-29,2022-04,2022-Q2,2022,1,6785,0.15,67850,57672.5
50,2022-05-02,1,MCKESSON PLASMA AND BIOLOGICS      ,MPB,2022-05-06,2022-05,2022-Q2,2022,1,6785,0.15,339250,288362.5
2,2022-05-03,1,McKesson Specialty Care DC         ,MSH,2022-05-06,2022-05,2022-Q2,2022,1,6785,0.15,13570,11534.5
13,2022-05-03,0,PANTHERRX RARE                     ,PANTHERRX,2022-05-06,2022-05,2022-Q2,2022,1,6649.3,0.15,86440.9,73474.765
15,2022-05-05,1,ASD HEALTHCARE-BROOKS              ,CENCORA,2022-05-06,2022-05,2022-Q2,2022,1,6785,0.15,101775,86508.75
5,2022-05-09,1,MCKESSON SPECIALTY CARE DIST       ,MSH,2022-05-13,2022-05,2022-Q2,2022,1,6785,0.15,33925,28836.25
4,2022-05-09,1,McKesson Specialty Care DC         ,MSH,2022-05-13,2022-05,2022-Q2,2022,1,6785,0.15,27140,23069
5,2022-05-12,1,ASD HEALTHCARE-BROOKS              ,CENCORA,2022-05-13,2022-05,2022-Q2,2022,1,6785,0.15,33925,28836.25
4,2022-05-16,1,McKesson Specialty Care DC         ,MSH,2022-05-20,2022-05,2022-Q2,2022,1,6785,0.15,27140,23069
9,2022-05-16,1,MCKESSON SPECIALTY CARE DIST       ,MSH,2022-05-20,2022-05,2022-Q2,2022,1,6785,0.15,61065,51905.25
10,2022-05-16,1,DOTHAN D AND S                     ,CENCORA,2022-05-20,2022-05,2022-Q2,2022,1,6785,0.15,67850,57672.5
12,2022-05-17,1,PANTHERRX RARE                     ,PANTHERRX,2022-05-20,2022-05,2022-Q2,2022,1,6649.3,0.15,79791.6,67822.86
20,2022-05-19,1,ASD HEALTHCARE-BROOKS              ,CENCORA,2022-05-20,2022-05,2022-Q2,2022,1,6785,0.15,135700,115345
4,2022-05-19,1,DOTHAN D AND S                     ,CENCORA,2022-05-20,2022-05,2022-Q2,2022,1,6785,0.15,27140,23069
9,2022-05-23,1,McKesson Specialty Care DC         ,MSH,2022-05-27,2022-05,2022-Q2,2022,1,6785,0.15,61065,51905.25
25,2022-05-26,1,ASD HEALTHCARE-BROOKS              ,CENCORA,2022-05-27,2022-05,2022-Q2,2022,1,6785,0.15,169625,144181.25
5,2022-05-26,1,DOTHAN D AND S                     ,CENCORA,2022-05-27,2022-05,2022-Q2,2022,1,6785,0.15,33925,28836.25
4,2022-06-01,1,McKesson Specialty Care DC         ,MSH,2022-06-03,2022-06,2022-Q2,2022,1,6785,0.15,27140,23069
8,2022-06-01,1,MCKESSON SPECIALTY CARE DIST       ,MSH,2022-06-03,2022-06,2022-Q2,2022,1,6785,0.15,54280,46138
50,2022-06-01,1,MCKESSON PLASMA AND BIOLOGICS      ,MPB,2022-06-03,2022-06,2022-Q2,2022,1,6785,0.15,339250,288362.5
5,2022-06-01,0,PANTHERRX RARE                     ,PANTHERRX,2022-06-03,2022-06,2022-Q2,2022,1,6649.3,0.15,33246.5,28259.525
13,2022-06-02,1,ASD HEALTHCARE-BROOKS              ,CENCORA,2022-06-03,2022-06,2022-Q2,2022,1,6785,0.15,88205,74974.25
3,2022-06-02,1,DOTHAN D AND S                     ,CENCORA,2022-06-03,2022-06,2022-Q2,2022,1,6785,0.15,20355,17301.75
12,2022-06-06,0,PANTHERRX RARE                     ,PANTHERRX,2022-06-10,2022-06,2022-Q2,2022,1,6649.3,0.15,79791.6,67822.86
-12,2022-06-06,0,PANTHERRX RARE                     ,PANTHERRX,2022-06-10,2022-06,2022-Q2,2022,1,6649.3,0.15,-79791.6,-67822.86
6,2022-06-06,1,MCKESSON SPECIALTY CARE DIST       ,MSH,2022-06-10,2022-06,2022-Q2,2022,1,6785,0.15,40710,34603.5
2,2022-06-06,1,McKesson Specialty Care DC         ,MSH,2022-06-10,2022-06,2022-Q2,2022,1,6785,0.15,13570,11534.5
20,2022-06-09,1,ASD HEALTHCARE-BROOKS              ,CENCORA,2022-06-10,2022-06,2022-Q2,2022,1,6785,0.15,135700,115345
6,2022-06-13,1,PANTHERRX RARE                     ,PANTHERRX,2022-06-17,2022-06,2022-Q2,2022,1,6649.3,0.15,39895.8,33911.43
10,2022-06-13,0,PANTHERRX RARE                     ,PANTHERRX,2022-06-17,2022-06,2022-Q2,2022,1,6649.3,0.15,66493,56519.05
3,2022-06-13,1,DOTHAN D AND S                     ,CENCORA,2022-06-17,2022-06,2022-Q2,2022,1,6785,0.15,20355,17301.75
4,2022-06-14,1,McKesson Specialty Care DC         ,MSH,2022-06-17,2022-06,2022-Q2,2022,1,6785,0.15,27140,23069
9,2022-06-14,1,MCKESSON SPECIALTY CARE DIST       ,MSH,2022-06-17,2022-06,2022-Q2,2022,1,6785,0.15,61065,51905.25
15,2022-06-16,1,ASD HEALTHCARE-BROOKS              ,CENCORA,2022-06-17,2022-06,2022-Q2,2022,1,6785,0.15,101775,86508.75
5,2022-06-16,1,DOTHAN D AND S                     ,CENCORA,2022-06-17,2022-06,2022-Q2,2022,1,6785,0.15,33925,28836.25
1,2022-06-20,1,PANTHERRX RARE                     ,PANTHERRX,2022-06-24,2022-06,2022-Q2,2022,1,6649.3,0.15,6649.3,5651.905
4,2022-06-20,0,PANTHERRX RARE                     ,PANTHERRX,2022-06-24,2022-06,2022-Q2,2022,1,6649.3,0.15,26597.2,22607.62
4,2022-06-21,1,MCKESSON SPECIALTY CARE DIST       ,MSH,2022-06-24,2022-06,2022-Q2,2022,1,6785,0.15,27140,23069
14,2022-06-21,1,McKesson Specialty Care DC         ,MSH,2022-06-24,2022-06,2022-Q2,2022,1,6785,0.15,94990,80741.5
50,2022-06-23,1,ASD HEALTHCARE-BROOKS              ,CENCORA,2022-06-24,2022-06,2022-Q2,2022,1,6785,0.15,339250,288362.5
37,2022-06-27,1,MCKESSON PLASMA AND BIOLOGICS      ,MPB,2022-07-01,2022-06,2022-Q2,2022,1,6785,0.15,251045,213388.25
2,2022-06-29,1,McKesson Specialty Care DC         ,MSH,2022-07-01,2022-06,2022-Q2,2022,1,6785,0.15,13570,11534.5
2,2022-06-29,1,MCKESSON SPECIALTY CARE DIST       ,MSH,2022-07-01,2022-06,2022-Q2,2022,1,6785,0.15,13570,11534.5
-1,2022-06-30,0,PANTHERRX RARE                     ,PANTHERRX,2022-07-01,2022-06,2022-Q2,2022,1,6649.3,0.15,-6649.3,-5651.905
-1,2022-06-30,0,PANTHERRX RARE                     ,PANTHERRX,2022-07-01,2022-06,2022-Q2,2022,1,6649.3,0.15,-6649.3,-5651.905
-4,2022-06-30,0,PANTHERRX RARE                     ,PANTHERRX,2022-07-01,2022-06,2022-Q2,2022,1,6649.3,0.15,-26597.2,-22607.62
5,2022-07-01,1,DOTHAN D AND S                     ,CENCORA,2022-07-01,2022-07,2022-Q3,2022,1,6785,0.15,33925,28836.25
7,2022-07-05,0,PANTHERRX RARE                     ,PANTHERRX,2022-07-08,2022-07,2022-Q3,2022,1,6649.3,0.15,46545.1,39563.335
17,2022-07-05,1,MCKESSON PLASMA AND BIOLOGICS      ,MPB,2022-07-08,2022-07,2022-Q3,2022,1,6785,0.15,115345,98043.25
20,2022-07-07,1,ASD HEALTHCARE-BROOKS              ,CENCORA,2022-07-08,2022-07,2022-Q3,2022,1,6785,0.15,135700,115345
4,2022-07-07,1,DOTHAN D AND S                     ,CENCORA,2022-07-08,2022-07,2022-Q3,2022,1,6785,0.15,27140,23069
3,2022-07-11,1,MCKESSON SPECIALTY CARE DIST       ,MSH,2022-07-15,2022-07,2022-Q3,2022,1,6785,0.15,20355,17301.75
8,2022-07-11,1,McKesson Specialty Care DC         ,MSH,2022-07-15,2022-07,2022-Q3,2022,1,6785,0.15,54280,46138
7,2022-07-11,1,MCKESSON PLASMA AND BIOLOGICS      ,MPB,2022-07-15,2022-07,2022-Q3,2022,1,6785,0.15,47495,40370.75
20,2022-07-14,1,ASD HEALTHCARE-BROOKS              ,CENCORA,2022-07-15,2022-07,2022-Q3,2022,1,6785,0.15,135700,115345
6,2022-07-18,1,DOTHAN D AND S                     ,CENCORA,2022-07-22,2022-07,2022-Q3,2022,1,6785,0.15,40710,34603.5
27,2022-07-18,1,MCKESSON PLASMA AND BIOLOGICS      ,MPB,2022-07-22,2022-07,2022-Q3,2022,1,6785,0.15,183195,155715.75
7,2022-07-18,1,MCKESSON SPECIALTY CARE DIST       ,MSH,2022-07-22,2022-07,2022-Q3,2022,1,6785,0.15,47495,40370.75
5,2022-07-18,1,McKesson Specialty Care DC         ,MSH,2022-07-22,2022-07,2022-Q3,2022,1,6785,0.15,33925,28836.25
4,2022-07-19,1,PANTHERRX RARE                     ,PANTHERRX,2022-07-22,2022-07,2022-Q3,2022,1,6649.3,0.15,26597.2,22607.62
15,2022-07-21,0,PANTHERRX RARE                     ,PANTHERRX,2022-07-22,2022-07,2022-Q3,2022,1,6649.3,0.15,99739.5,84778.575
5,2022-07-21,1,DOTHAN D AND S                     ,CENCORA,2022-07-22,2022-07,2022-Q3,2022,1,6785,0.15,33925,28836.25
12,2022-07-21,1,ASD HEALTHCARE-BROOKS              ,CENCORA,2022-07-22,2022-07,2022-Q3,2022,1,6785,0.15,81420,69207
24,2022-07-25,1,MCKESSON PLASMA AND BIOLOGICS      ,MPB,2022-07-29,2022-07,2022-Q3,2022,1,6785,0.15,162840,138414
9,2022-07-27,0,PANTHERRX RARE                     ,PANTHERRX,2022-07-29,2022-07,2022-Q3,2022,1,6649.3,0.15,59843.7,50867.145
15,2022-07-28,1,ASD HEALTHCARE-BROOKS              ,CENCORA,2022-07-29,2022-07,2022-Q3,2022,1,6785,0.15,101775,86508.75
25,2022-08-01,1,MCKESSON PLASMA AND BIOLOGICS      ,MPB,2022-08-05,2022-08,2022-Q3,2022,1,6785,0.15,169625,144181.25
55,2022-08-02,1,DOTHAN D AND S                     ,CENCORA,2022-08-05,2022-08,2022-Q3,2022,1,6785,0.15,373175,317198.75
19,2022-08-04,1,ASD HEALTHCARE-BROOKS              ,CENCORA,2022-08-05,2022-08,2022-Q3,2022,1,6785,0.15,128915,109577.75
10,2022-08-04,1,DOTHAN D AND S                     ,CENCORA,2022-08-05,2022-08,2022-Q3,2022,1,6785,0.15,67850,57672.5
13,2022-08-04,1,McKesson Specialty Care DC         ,MSH,2022-08-05,2022-08,2022-Q3,2022,1,6785,0.15,88205,74974.25
4,2022-08-08,1,McKesson Specialty Care DC         ,MSH,2022-08-12,2022-08,2022-Q3,2022,1,6785,0.15,27140,23069
16,2022-08-08,1,MCKESSON PLASMA AND BIOLOGICS      ,MPB,2022-08-12,2022-08,2022-Q3,2022,1,6785,0.15,108560,92276
8,2022-08-11,1,DOTHAN D AND S                     ,CENCORA,2022-08-12,2022-08,2022-Q3,2022,1,6785,0.15,54280,46138
10,2022-08-11,1,ASD HEALTHCARE-BROOKS              ,CENCORA,2022-08-12,2022-08,2022-Q3,2022,1,6785,0.15,67850,57672.5
16,2022-08-15,1,McKesson Specialty Care DC         ,MSH,2022-08-19,2022-08,2022-Q3,2022,1,6785,0.15,108560,92276
5,2022-08-15,1,MCKESSON SPECIALTY CARE DIST       ,MSH,2022-08-19,2022-08,2022-Q3,2022,1,6785,0.15,33925,28836.25
17,2022-08-15,1,MCKESSON PLASMA AND BIOLOGICS      ,MPB,2022-08-19,2022-08,2022-Q3,2022,1,6785,0.15,115345,98043.25
15,2022-08-16,0,PANTHERRX RARE                     ,PANTHERRX,2022-08-19,2022-08,2022-Q3,2022,1,6649.3,0.15,99739.5,84778.575
18,2022-08-18,1,ASD HEALTHCARE-BROOKS              ,CENCORA,2022-08-19,2022-08,2022-Q3,2022,1,6785,0.15,122130,103810.5
4,2022-08-18,1,DOTHAN D AND S                     ,CENCORA,2022-08-19,2022-08,2022-Q3,2022,1,6785,0.15,27140,23069
3,2022-08-22,1,MCKESSON SPECIALTY CARE DIST       ,MSH,2022-08-26,2022-08,2022-Q3,2022,1,6785,0.15,20355,17301.75
2,2022-08-22,1,McKesson Specialty Care DC         ,MSH,2022-08-26,2022-08,2022-Q3,2022,1,6785,0.15,13570,11534.5
25,2022-08-22,1,MCKESSON PLASMA AND BIOLOGICS      ,MPB,2022-08-26,2022-08,2022-Q3,2022,1,6785,0.15,169625,144181.25
16,2022-08-25,1,DOTHAN D AND S                     ,CENCORA,2022-08-26,2022-08,2022-Q3,2022,1,6785,0.15,108560,92276
27,2022-08-25,1,ASD HEALTHCARE-BROOKS              ,CENCORA,2022-08-26,2022-08,2022-Q3,2022,1,6785,0.15,183195,155715.75
6,2022-08-29,1,McKesson Specialty Care DC         ,MSH,2022-09-02,2022-08,2022-Q3,2022,1,6785,0.15,40710,34603.5
11,2022-08-29,1,MCKESSON PLASMA AND BIOLOGICS      ,MPB,2022-09-02,2022-08,2022-Q3,2022,1,6785,0.15,74635,63439.75
11,2022-08-30,0,PANTHERRX RARE                     ,PANTHERRX,2022-09-02,2022-08,2022-Q3,2022,1,6649.3,0.15,73142.3,62170.955
18,2022-09-01,1,DOTHAN D AND S                     ,CENCORA,2022-09-02,2022-09,2022-Q3,2022,1,6785,0.15,122130,103810.5
19,2022-09-01,1,ASD HEALTHCARE-BROOKS              ,CENCORA,2022-09-02,2022-09,2022-Q3,2022,1,6785,0.15,128915,109577.75
11,2022-09-01,0,PANTHERRX RARE                     ,PANTHERRX,2022-09-02,2022-09,2022-Q3,2022,1,6649.3,0.15,73142.3,62170.955
6,2022-09-06,0,PANTHERRX RARE                     ,PANTHERRX,2022-09-09,2022-09,2022-Q3,2022,1,6649.3,0.15,39895.8,33911.43
16,2022-09-06,1,McKesson Specialty Care DC         ,MSH,2022-09-09,2022-09,2022-Q3,2022,1,6785,0.15,108560,92276
31,2022-09-06,1,MCKESSON PLASMA AND BIOLOGICS      ,MPB,2022-09-09,2022-09,2022-Q3,2022,1,6785,0.15,210335,178784.75
8,2022-09-08,1,DOTHAN D AND S                     ,CENCORA,2022-09-09,2022-09,2022-Q3,2022,1,6785,0.15,54280,46138
2,2022-09-12,1,MCKESSON SPECIALTY CARE DIST       ,MSH,2022-09-16,2022-09,2022-Q3,2022,1,6785,0.15,13570,11534.5
10,2022-09-13,0,PANTHERRX RARE                     ,PANTHERRX,2022-09-16,2022-09,2022-Q3,2022,1,6649.3,0.15,66493,56519.05
10,2022-09-13,1,MCKESSON PLASMA AND BIOLOGICS      ,MPB,2022-09-16,2022-09,2022-Q3,2022,1,6785,0.15,67850,57672.5
20,2022-09-15,1,DOTHAN D AND S                     ,CENCORA,2022-09-16,2022-09,2022-Q3,2022,1,6785,0.15,135700,115345
20,2022-09-15,1,ASD HEALTHCARE-BROOKS              ,CENCORA,2022-09-16,2022-09,2022-Q3,2022,1,6785,0.15,135700,115345
16,2022-09-19,1,MCKESSON PLASMA AND BIOLOGICS      ,MPB,2022-09-23,2022-09,2022-Q3,2022,1,6785,0.15,108560,92276
9,2022-09-19,1,McKesson Specialty Care DC         ,MSH,2022-09-23,2022-09,2022-Q3,2022,1,6785,0.15,61065,51905.25
50,2022-09-22,1,ASD HEALTHCARE-BROOKS              ,CENCORA,2022-09-23,2022-09,2022-Q3,2022,1,6785,0.15,339250,288362.5
14,2022-09-22,1,DOTHAN D AND S                     ,CENCORA,2022-09-23,2022-09,2022-Q3,2022,1,6785,0.15,94990,80741.5
3,2022-09-26,1,McKesson Specialty Care DC         ,MSH,2022-09-30,2022-09,2022-Q3,2022,1,6785,0.15,20355,17301.75
-11,2022-09-27,0,PANTHERRX RARE                     ,PANTHERRX,2022-09-30,2022-09,2022-Q3,2022,1,6649.3,0.15,-73142.3,-62170.955
6,2022-09-29,1,DOTHAN D AND S                     ,CENCORA,2022-09-30,2022-09,2022-Q3,2022,1,6785,0.15,40710,34603.5
21,2022-10-03,1,MCKESSON PLASMA AND BIOLOGICS      ,MPB,2022-10-07,2022-10,2022-Q4,2022,1,6785,0.15,142485,121112.25
39,2022-10-03,1,MCKESSON PLASMA AND BIOLOGICS      ,MPB,2022-10-07,2022-10,2022-Q4,2022,1,6785,0.15,264615,224922.75
16,2022-10-06,1,DOTHAN D AND S                     ,CENCORA,2022-10-07,2022-10,2022-Q4,2022,1,6785,0.15,108560,92276
13,2022-10-10,1,ASD HEALTHCARE-BROOKS              ,CENCORA,2022-10-14,2022-10,2022-Q4,2022,1,6785,0.15,88205,74974.25
50,2022-10-10,1,MCKESSON PLASMA AND BIOLOGICS      ,MPB,2022-10-14,2022-10,2022-Q4,2022,1,6785,0.15,339250,288362.5
14,2022-10-13,1,DOTHAN D AND S                     ,CENCORA,2022-10-14,2022-10,2022-Q4,2022,1,6785,0.15,94990,80741.5
13,2022-10-13,1,ASD HEALTHCARE-BROOKS              ,CENCORA,2022-10-14,2022-10,2022-Q4,2022,1,6785,0.15,88205,74974.25
7,2022-10-13,1,MCKESSON SPECIALTY CARE DIST       ,MSH,2022-10-14,2022-10,2022-Q4,2022,1,6785,0.15,47495,40370.75
12,2022-10-13,1,McKesson Specialty Care DC         ,MSH,2022-10-14,2022-10,2022-Q4,2022,1,6785,0.15,81420,69207
6,2022-10-17,0,DOTHAN D AND S                     ,CENCORA,2022-10-21,2022-10,2022-Q4,2022,1,6785,0.15,40710,34603.5
32,2022-10-17,0,ASD HEALTHCARE-BROOKS              ,CENCORA,2022-10-21,2022-10,2022-Q4,2022,1,6785,0.15,217120,184552
5,2022-10-17,0,PANTHERRX RARE                     ,PANTHERRX,2022-10-21,2022-10,2022-Q4,2022,1,6649.3,0.15,33246.5,28259.525
6,2022-10-17,0,PANTHERRX RARE                     ,PANTHERRX,2022-10-21,2022-10,2022-Q4,2022,1,6649.3,0.15,39895.8,33911.43
7,2022-10-17,0,PANTHERRX RARE                     ,PANTHERRX,2022-10-21,2022-10,2022-Q4,2022,1,6649.3,0.15,46545.1,39563.335
60,2022-10-17,1,MCKESSON PLASMA AND BIOLOGICS      ,MPB,2022-10-21,2022-10,2022-Q4,2022,1,6785,0.15,407100,346035
10,2022-10-20,1,ASD HEALTHCARE-BROOKS              ,CENCORA,2022-10-21,2022-10,2022-Q4,2022,1,6785,0.15,67850,57672.5
6,2022-10-20,1,DOTHAN D AND S                     ,CENCORA,2022-10-21,2022-10,2022-Q4,2022,1,6785,0.15,40710,34603.5
6,2022-10-24,0,SONEXUS,SONEXUS,2022-10-28,2022-10,2022-Q4,2022,1,6785,0.15,40710,34603.5
4,2022-10-27,1,ASD HEALTHCARE-BROOKS              ,CENCORA,2022-10-28,2022-10,2022-Q4,2022,1,6785,0.15,27140,23069
9,2022-10-27,1,DOTHAN D AND S                     ,CENCORA,2022-10-28,2022-10,2022-Q4,2022,1,6785,0.15,61065,51905.25
-21,2022-10-28,1,MCKESSON PLASMA AND BIOLOGICS      ,MPB,2022-10-28,2022-10,2022-Q4,2022,1,6785,0.15,-142485,-121112.25
21,2022-10-28,1,MCKESSON PLASMA AND BIOLOGICS      ,MPB,2022-10-28,2022-10,2022-Q4,2022,1,6785,0.15,142485,121112.25
-39,2022-10-28,1,MCKESSON PLASMA AND BIOLOGICS      ,MPB,2022-10-28,2022-10,2022-Q4,2022,1,6785,0.15,-264615,-224922.75
39,2022-10-28,1,MCKESSON PLASMA AND BIOLOGICS      ,MPB,2022-10-28,2022-10,2022-Q4,2022,1,6785,0.15,264615,224922.75
-50,2022-10-28,1,MCKESSON PLASMA AND BIOLOGICS      ,MPB,2022-10-28,2022-10,2022-Q4,2022,1,6785,0.15,-339250,-288362.5
50,2022-10-28,1,MCKESSON PLASMA AND BIOLOGICS      ,MPB,2022-10-28,2022-10,2022-Q4,2022,1,6785,0.15,339250,288362.5
-7,2022-10-28,1,MCKESSON SPECIALTY CARE DIST       ,MSH,2022-10-28,2022-10,2022-Q4,2022,1,6785,0.15,-47495,-40370.75
7,2022-10-28,1,MCKESSON SPECIALTY CARE DIST       ,MSH,2022-10-28,2022-10,2022-Q4,2022,1,6785,0.15,47495,40370.75
-12,2022-10-28,1,McKesson Specialty Care DC         ,MSH,2022-10-28,2022-10,2022-Q4,2022,1,6785,0.15,-81420,-69207
12,2022-10-28,1,McKesson Specialty Care DC         ,MSH,2022-10-28,2022-10,2022-Q4,2022,1,6785,0.15,81420,69207
-60,2022-10-28,1,MCKESSON PLASMA AND BIOLOGICS      ,MPB,2022-10-28,2022-10,2022-Q4,2022,1,6785,0.15,-407100,-346035
60,2022-10-28,1,MCKESSON PLASMA AND BIOLOGICS      ,MPB,2022-10-28,2022-10,2022-Q4,2022,1,6785,0.15,407100,346035
15,2022-11-01,1,MCKESSON PLASMA AND BIOLOGICS      ,MPB,2022-11-04,2022-11,2022-Q4,2022,1,6785,0.157,101775,85796.325
13,2022-11-03,1,DOTHAN D AND S                     ,CENCORA,2022-11-04,2022-11,2022-Q4,2022,1,6785,0.157,88205,74356.815
21,2022-11-03,1,ASD HEALTHCARE-BROOKS              ,CENCORA,2022-11-04,2022-11,2022-Q4,2022,1,6785,0.157,142485,120114.855
29,2022-11-07,1,MCKESSON PLASMA AND BIOLOGICS      ,MPB,2022-11-11,2022-11,2022-Q4,2022,1,6785,0.157,196765,165872.895
-7,2022-11-08,0,PANTHERRX RARE                     ,PANTHERRX,2022-11-11,2022-11,2022-Q4,2022,1,6649.3,0.157,-46545.1,-39237.5193
-6,2022-11-08,0,PANTHERRX RARE                     ,PANTHERRX,2022-11-11,2022-11,2022-Q4,2022,1,6649.3,0.157,-39895.8,-33632.1594
6,2022-11-10,1,DOTHAN D AND S                     ,CENCORA,2022-11-11,2022-11,2022-Q4,2022,1,6785,0.157,40710,34318.53
14,2022-11-10,1,ASD HEALTHCARE-BROOKS              ,CENCORA,2022-11-11,2022-11,2022-Q4,2022,1,6785,0.157,94990,80076.57
33,2022-11-14,1,MCKESSON PLASMA AND BIOLOGICS      ,MPB,2022-11-18,2022-11,2022-Q4,2022,1,6785,0.157,223905,188751.915
-24,2022-11-17,1,McKesson Specialty Care DC         ,MSH,2022-11-18,2022-11,2022-Q4,2022,1,6785,0.157,-162840,-137274.12
13,2022-11-17,1,DOTHAN D AND S                     ,CENCORA,2022-11-18,2022-11,2022-Q4,2022,1,6785,0.157,88205,74356.815
11,2022-11-17,1,ASD HEALTHCARE-BROOKS              ,CENCORA,2022-11-18,2022-11,2022-Q4,2022,1,6785,0.157,74635,62917.305
-6,2022-11-17,0,PANTHERRX RARE                     ,PANTHERRX,2022-11-18,2022-11,2022-Q4,2022,1,6649.3,0.157,-39895.8,-33632.1594
1,2022-11-21,1,MCKESSON SPECIALTY CARE DIST       ,MSH,2022-11-25,2022-11,2022-Q4,2022,1,6785,0.157,6785,5719.755
12,2022-11-21,1,MCKESSON PLASMA AND BIOLOGICS      ,MPB,2022-11-25,2022-11,2022-Q4,2022,1,6785,0.157,81420,68637.06
25,2022-11-22,1,ASD HEALTHCARE-BROOKS              ,CENCORA,2022-11-25,2022-11,2022-Q4,2022,1,6785,0.157,169625,142993.875
10,2022-11-22,1,DOTHAN D AND S                     ,CENCORA,2022-11-25,2022-11,2022-Q4,2022,1,6785,0.157,67850,57197.55
-11,2022-11-23,1,MCKESSON SPECIALTY CARE DIST       ,MSH,2022-11-25,2022-11,2022-Q4,2022,1,6785,0.157,-74635,-62917.305
-6,2022-11-23,0,DOTHAN D AND S                     ,CENCORA,2022-11-25,2022-11,2022-Q4,2022,1,6785,0.157,-40710,-34318.53
29,2022-11-28,1,MCKESSON PLASMA AND BIOLOGICS      ,MPB,2022-12-02,2022-11,2022-Q4,2022,1,6785,0.157,196765,165872.895
-38,2022-11-28,0,ASD HEALTHCARE-BROOKS              ,CENCORA,2022-12-02,2022-11,2022-Q4,2022,1,6785,0.157,-257830,-217350.69
2,2022-11-29,1,MCKESSON SPECIALTY CARE DIST       ,MSH,2022-12-02,2022-11,2022-Q4,2022,1,6785,0.157,13570,11439.51
50,2022-12-01,1,ASD HEALTHCARE-BROOKS              ,CENCORA,2022-12-02,2022-12,2022-Q4,2022,1,6785,0.069,339250,315841.75
38,2022-12-05,1,MCKESSON PLASMA AND BIOLOGICS      ,MPB,2022-12-09,2022-12,2022-Q4,2022,1,6785,0.069,257830,240039.73
38,2022-12-06,0,ASD HEALTHCARE-BROOKS              ,CENCORA,2022-12-09,2022-12,2022-Q4,2022,1,6785,0.069,257830,240039.73
6,2022-12-06,0,SONEXUS,SONEXUS,2022-12-09,2022-12,2022-Q4,2022,1,6785,0.069,40710,37901.01
10,2022-12-08,1,ASD HEALTHCARE-BROOKS              ,CENCORA,2022-12-09,2022-12,2022-Q4,2022,1,6785,0.069,67850,63168.35
14,2022-12-08,1,DOTHAN D AND S                     ,CENCORA,2022-12-09,2022-12,2022-Q4,2022,1,6785,0.069,94990,88435.69
3,2022-12-12,1,MCKESSON SPECIALTY CARE DIST       ,MSH,2022-12-16,2022-12,2022-Q4,2022,1,6785,0.069,20355,18950.505
27,2022-12-13,1,MCKESSON PLASMA AND BIOLOGICS      ,MPB,2022-12-16,2022-12,2022-Q4,2022,1,6785,0.069,183195,170554.545
6,2022-12-13,1,McKesson Specialty Care DC         ,MSH,2022-12-16,2022-12,2022-Q4,2022,1,6785,0.069,40710,37901.01
8,2022-12-15,1,DOTHAN D AND S                     ,CENCORA,2022-12-16,2022-12,2022-Q4,2022,1,6785,0.069,54280,50534.68
23,2022-12-15,1,ASD HEALTHCARE-BROOKS              ,CENCORA,2022-12-16,2022-12,2022-Q4,2022,1,6785,0.069,156055,145287.205
6,2022-12-19,1,MCKESSON SPECIALTY CARE DIST       ,MSH,2022-12-23,2022-12,2022-Q4,2022,1,6785,0.069,40710,37901.01
12,2022-12-19,1,McKesson Specialty Care DC         ,MSH,2022-12-23,2022-12,2022-Q4,2022,1,6785,0.069,81420,75802.02
4,2022-12-19,0,SONEXUS,SONEXUS,2022-12-23,2022-12,2022-Q4,2022,1,6785,0.069,27140,25267.34
33,2022-12-19,1,MCKESSON PLASMA AND BIOLOGICS      ,MPB,2022-12-23,2022-12,2022-Q4,2022,1,6785,0.069,223905,208455.555
6,2022-12-21,0,ASD HEALTHCARE-BROOKS              ,CENCORA,2022-12-23,2022-12,2022-Q4,2022,1,6785,0.069,40710,37901.01
32,2022-12-28,1,ASD HEALTHCARE-BROOKS              ,CENCORA,2022-12-30,2022-12,2022-Q4,2022,1,6785,0.069,217120,202138.72
18,2022-12-28,1,ASD HEALTHCARE-BROOKS              ,CENCORA,2022-12-30,2022-12,2022-Q4,2022,1,6785,0.069,122130,113703.03
6,2022-12-28,1,DOTHAN D AND S                     ,CENCORA,2022-12-30,2022-12,2022-Q4,2022,1,6785,0.069,40710,37901.01
4,2022-12-28,1,MCKESSON PLASMA AND BIOLOGICS      ,MPB,2022-12-30,2022-12,2022-Q4,2022,1,6785,0.069,27140,25267.34
36,2022-12-28,1,MCKESSON PLASMA AND BIOLOGICS      ,MPB,2022-12-30,2022-12,2022-Q4,2022,1,6785,0.069,244260,227406.06
36,2022-12-28,1,MCKESSON PLASMA AND BIOLOGICS      ,MPB,2022-12-30,2022-12,2022-Q4,2022,1,6785,0.069,244260,227406.06
24,2022-12-28,1,MCKESSON PLASMA AND BIOLOGICS      ,MPB,2022-12-30,2022-12,2022-Q4,2022,1,6785,0.069,162840,151604.04
22,2022-12-28,0,SONEXUS,SONEXUS,2022-12-30,2022-12,2022-Q4,2022,1,6785,0.069,149270,138970.37
7,2022-12-28,1,McKesson Specialty Care DC         ,MSH,2022-12-30,2022-12,2022-Q4,2022,1,6785,0.069,47495,44217.845
3,2023-01-02,1,McKesson Specialty Care DC,MSH,2023-01-06,2023-01,2023-Q1,2023,0,6982.3,0.15,20946.9,17804.865
7,2023-01-03,1,ASD HEALTHCARE-BROOKS              ,CENCORA,2023-01-06,2023-01,2023-Q1,2023,1,6982.3,0.15,48876.1,41544.685
50,2023-01-05,1,ASD HEALTHCARE-BROOKS              ,CENCORA,2023-01-06,2023-01,2023-Q1,2023,1,6982.3,0.15,349115,296747.75
13,2023-01-05,1,DOTHAN D AND S                     ,CENCORA,2023-01-06,2023-01,2023-Q1,2023,1,6982.3,0.15,90769.9,77154.415
7,2023-01-12,1,DOTHAN D AND S                     ,CENCORA,2023-01-13,2023-01,2023-Q1,2023,1,6982.3,0.15,48876.1,41544.685
12,2023-01-12,1,ASD HEALTHCARE-BROOKS              ,CENCORA,2023-01-13,2023-01,2023-Q1,2023,1,6982.3,0.15,83787.6,71219.46
2,2023-01-12,1,PANTHERRX RARE                     ,PANTHERRX,2023-01-13,2023-01,2023-Q1,2023,1,6982.3,0.15,13964.6,11869.91
-38,2023-01-13,0,AADI BIOSCIENCE,AADI BIOSCIENCE,2023-01-13,2023-01,2023-Q1,2023,1,6982.3,0.15,-265327.4,-225528.29
-7,2023-01-13,0,AADI BIOSCIENCE,AADI BIOSCIENCE,2023-01-13,2023-01,2023-Q1,2023,1,6982.3,0.15,-48876.1,-41544.685
-6,2023-01-13,0,AADI BIOSCIENCE,AADI BIOSCIENCE,2023-01-13,2023-01,2023-Q1,2023,1,6982.3,0.15,-41893.8,-35609.73
-1,2023-01-13,0,AADI BIOSCIENCE,AADI BIOSCIENCE,2023-01-13,2023-01,2023-Q1,2023,1,6982.3,0.15,-6982.3,-5934.955
-35,2023-01-13,0,AADI BIOSCIENCE,AADI BIOSCIENCE,2023-01-13,2023-01,2023-Q1,2023,1,6982.3,0.15,-244380.5,-207723.425
-24,2023-01-13,0,AADI BIOSCIENCE,AADI BIOSCIENCE,2023-01-13,2023-01,2023-Q1,2023,1,6982.3,0.15,-167575.2,-142438.92
-11,2023-01-13,0,AADI BIOSCIENCE,AADI BIOSCIENCE,2023-01-13,2023-01,2023-Q1,2023,1,6982.3,0.15,-76805.3,-65284.505
-11,2023-01-13,0,AADI BIOSCIENCE,AADI BIOSCIENCE,2023-01-13,2023-01,2023-Q1,2023,1,6982.3,0.15,-76805.3,-65284.505
-6,2023-01-13,0,AADI BIOSCIENCE,AADI BIOSCIENCE,2023-01-13,2023-01,2023-Q1,2023,1,6982.3,0.15,-41893.8,-35609.73
-4,2023-01-13,0,AADI BIOSCIENCE,AADI BIOSCIENCE,2023-01-13,2023-01,2023-Q1,2023,1,6982.3,0.15,-27929.2,-23739.82
-120,2023-01-13,0,AADI BIOSCIENCE,AADI BIOSCIENCE,2023-01-13,2023-01,2023-Q1,2023,1,6982.3,0.15,-837876,-712194.6
-7,2023-01-13,0,AADI BIOSCIENCE,AADI BIOSCIENCE,2023-01-13,2023-01,2023-Q1,2023,1,6982.3,0.15,-48876.1,-41544.685
-6,2023-01-13,0,AADI BIOSCIENCE,AADI BIOSCIENCE,2023-01-13,2023-01,2023-Q1,2023,1,6982.3,0.15,-41893.8,-35609.73
4,2023-01-17,1,MCKESSON SPECIALTY CARE DIST       ,MSH,2023-01-20,2023-01,2023-Q1,2023,1,6982.3,0.15,27929.2,23739.82
7,2023-01-17,1,McKesson Specialty Care DC,MSH,2023-01-20,2023-01,2023-Q1,2023,1,6982.3,0.15,48876.1,41544.685
16,2023-01-19,1,DOTHAN D AND S                     ,CENCORA,2023-01-20,2023-01,2023-Q1,2023,1,6982.3,0.15,111716.8,94959.28
16,2023-01-19,1,ASD HEALTHCARE-BROOKS              ,CENCORA,2023-01-20,2023-01,2023-Q1,2023,1,6982.3,0.15,111716.8,94959.28
100,2023-01-19,0,,,2023-01-20,2023-01,2023-Q1,2023,1,6982.3,0.15,698230,593495.5
64,2023-01-19,1,MCKESSON PLASMA AND BIOLOGICS      ,MPB,2023-01-20,2023-01,2023-Q1,2023,1,6982.3,0.15,446867.2,379837.12
7,2023-01-20,0,McKesson Specialty Care DC,MSH,2023-01-20,2023-01,2023-Q1,2023,1,6982.3,0.15,48876.1,41544.685
9,2023-01-24,1,McKesson Specialty Care DC,MSH,2023-01-27,2023-01,2023-Q1,2023,1,6982.3,0.15,62840.7,53414.595
28,2023-01-24,1,MCKESSON PLASMA AND BIOLOGICS      ,MPB,2023-01-27,2023-01,2023-Q1,2023,1,6982.3,0.15,195504.4,166178.74
30,2023-01-25,0,,,2023-01-27,2023-01,2023-Q1,2023,1,6982.3,0.15,209469,178048.65
10,2023-01-26,1,ASD HEALTHCARE-BROOKS              ,CENCORA,2023-01-27,2023-01,2023-Q1,2023,1,6982.3,0.15,69823,59349.55
15,2023-01-26,1,DOTHAN D AND S                     ,CENCORA,2023-01-27,2023-01,2023-Q1,2023,1,6982.3,0.15,104734.5,89024.325
2,2023-01-30,1,MCKESSON SPECIALTY CARE DIST       ,MSH,2023-02-03,2023-01,2023-Q1,2023,1,6982.3,0.15,13964.6,11869.91
4,2023-01-30,1,McKesson Specialty Care DC,MSH,2023-02-03,2023-01,2023-Q1,2023,1,6982.3,0.15,27929.2,23739.82
57,2023-01-30,1,MCKESSON PLASMA AND BIOLOGICS      ,MPB,2023-02-03,2023-01,2023-Q1,2023,1,6982.3,0.15,397991.1,338292.435
6,2023-01-31,0,,,2023-02-03,2023-01,2023-Q1,2023,1,6982.3,0.15,41893.8,35609.73
9,2023-02-02,1,DOTHAN D AND S                     ,CENCORA,2023-02-03,2023-02,2023-Q1,2023,1,6988.55,0.15,62896.95,53462.4075
10,2023-02-02,1,ASD HEALTHCARE-BROOKS              ,CENCORA,2023-02-03,2023-02,2023-Q1,2023,1,6988.55,0.15,69885.5,59402.675
8,2023-02-06,1,ASD HEALTHCARE - MONTCLAIR,CENCORA,2023-02-10,2023-02,2023-Q1,2023,1,6988.55,0.15,55908.4,47522.14
2,2023-02-06,1,ASD HEALTHCARE - MONTCLAIR,CENCORA,2023-02-10,2023-02,2023-Q1,2023,1,6988.55,0.15,13977.1,11880.535
7,2023-02-07,1,McKesson Specialty Care DC,MSH,2023-02-10,2023-02,2023-Q1,2023,1,6988.55,0.15,48919.85,41581.8725
50,2023-02-07,1,MCKESSON PLASMA AND BIOLOGICS      ,MPB,2023-02-10,2023-02,2023-Q1,2023,1,6988.55,0.15,349427.5,297013.375
18,2023-02-09,1,DOTHAN D AND S                     ,CENCORA,2023-02-10,2023-02,2023-Q1,2023,1,6988.55,0.15,125793.9,106924.815
2,2023-02-09,1,ASD HEALTHCARE - MONTCLAIR,CENCORA,2023-02-10,2023-02,2023-Q1,2023,1,6988.55,0.15,13977.1,11880.535
13,2023-02-09,1,ASD HEALTHCARE-BROOKS              ,CENCORA,2023-02-10,2023-02,2023-Q1,2023,1,6988.55,0.15,90851.15,77223.4775
11,2023-02-13,1,MCKESSON PLASMA AND BIOLOGICS      ,MPB,2023-02-17,2023-02,2023-Q1,2023,1,6988.55,0.15,76874.05,65342.9425
7,2023-02-14,1,McKesson Specialty Care DC,MSH,2023-02-17,2023-02,2023-Q1,2023,1,6988.55,0.15,48919.85,41581.8725
2,2023-02-14,1,MCKESSON SPECIALTY CARE DIST       ,MSH,2023-02-17,2023-02,2023-Q1,2023,1,6988.55,0.15,13977.1,11880.535
6,2023-02-15,0,,,2023-02-17,2023-02,2023-Q1,2023,1,6988.55,0.15,41931.3,35641.605
-6,2023-02-15,0,,,2023-02-17,2023-02,2023-Q1,2023,1,6988.55,0.15,-41931.3,-35641.605
16,2023-02-16,1,DOTHAN D AND S                     ,CENCORA,2023-02-17,2023-02,2023-Q1,2023,1,6988.55,0.15,111816.8,95044.28
13,2023-02-16,1,ASD HEALTHCARE-BROOKS              ,CENCORA,2023-02-17,2023-02,2023-Q1,2023,1,6988.55,0.15,90851.15,77223.4775
6,2023-02-16,1,ASD HEALTHCARE - MONTCLAIR,CENCORA,2023-02-17,2023-02,2023-Q1,2023,1,6988.55,0.15,41931.3,35641.605
32,2023-02-20,1,MCKESSON PLASMA AND BIOLOGICS      ,MPB,2023-02-24,2023-02,2023-Q1,2023,1,6988.55,0.15,223633.6,190088.56
38,2023-02-22,0,AADI BIOSCIENCE,AADI BIOSCIENCE,2023-02-24,2023-02,2023-Q1,2023,1,6988.55,0.15,265564.9,225730.165
7,2023-02-22,0,AADI BIOSCIENCE,AADI BIOSCIENCE,2023-02-24,2023-02,2023-Q1,2023,1,6988.55,0.15,48919.85,41581.8725
6,2023-02-22,0,AADI BIOSCIENCE,AADI BIOSCIENCE,2023-02-24,2023-02,2023-Q1,2023,1,6988.55,0.15,41931.3,35641.605
1,2023-02-22,0,AADI BIOSCIENCE,AADI BIOSCIENCE,2023-02-24,2023-02,2023-Q1,2023,1,6988.55,0.15,6988.55,5940.2675
35,2023-02-22,0,AADI BIOSCIENCE,AADI BIOSCIENCE,2023-02-24,2023-02,2023-Q1,2023,1,6988.55,0.15,244599.25,207909.3625
24,2023-02-22,0,AADI BIOSCIENCE,AADI BIOSCIENCE,2023-02-24,2023-02,2023-Q1,2023,1,6988.55,0.15,167725.2,142566.42
11,2023-02-22,0,AADI BIOSCIENCE,AADI BIOSCIENCE,2023-02-24,2023-02,2023-Q1,2023,1,6988.55,0.15,76874.05,65342.9425
11,2023-02-22,0,AADI BIOSCIENCE,AADI BIOSCIENCE,2023-02-24,2023-02,2023-Q1,2023,1,6988.55,0.15,76874.05,65342.9425
6,2023-02-22,0,AADI BIOSCIENCE,AADI BIOSCIENCE,2023-02-24,2023-02,2023-Q1,2023,1,6988.55,0.15,41931.3,35641.605
4,2023-02-22,0,AADI BIOSCIENCE,AADI BIOSCIENCE,2023-02-24,2023-02,2023-Q1,2023,1,6988.55,0.15,27954.2,23761.07
120,2023-02-22,0,AADI BIOSCIENCE,AADI BIOSCIENCE,2023-02-24,2023-02,2023-Q1,2023,1,6988.55,0.15,838626,712832.1
7,2023-02-22,0,AADI BIOSCIENCE,AADI BIOSCIENCE,2023-02-24,2023-02,2023-Q1,2023,1,6988.55,0.15,48919.85,41581.8725
6,2023-02-22,0,AADI BIOSCIENCE,AADI BIOSCIENCE,2023-02-24,2023-02,2023-Q1,2023,1,6988.55,0.15,41931.3,35641.605
8,2023-02-22,1,PANTHERRX RARE                     ,PANTHERRX,2023-02-24,2023-02,2023-Q1,2023,1,6848.8,0.15,54790.4,46571.84
3,2023-02-23,1,DOTHAN D AND S                     ,CENCORA,2023-02-24,2023-02,2023-Q1,2023,1,6988.55,0.15,20965.65,17820.8025
14,2023-02-23,1,ASD HEALTHCARE-BROOKS              ,CENCORA,2023-02-24,2023-02,2023-Q1,2023,1,6988.55,0.15,97839.7,83163.745
29,2023-02-23,1,ASD HEALTHCARE - MONTCLAIR,CENCORA,2023-02-24,2023-02,2023-Q1,2023,1,6988.55,0.15,202667.95,172267.7575
6,2023-02-27,1,McKesson Specialty Care DC,MSH,2023-03-03,2023-02,2023-Q1,2023,1,6988.55,0.15,41931.3,35641.605
21,2023-02-27,1,MCKESSON PLASMA AND BIOLOGICS      ,MPB,2023-03-03,2023-02,2023-Q1,2023,1,6988.55,0.15,146759.55,124745.6175
24,2023-03-02,1,ASD HEALTHCARE-BROOKS              ,CENCORA,2023-03-03,2023-03,2023-Q1,2023,1,6988.55,0.15,167725.2,142566.42
16,2023-03-02,1,DOTHAN D AND S                     ,CENCORA,2023-03-03,2023-03,2023-Q1,2023,1,6988.55,0.15,111816.8,95044.28
17,2023-03-02,1,ASD HEALTHCARE - MONTCLAIR,CENCORA,2023-03-03,2023-03,2023-Q1,2023,1,6988.55,0.15,118805.35,100984.5475
2,2023-03-07,1,McKesson Specialty Care DC,MSH,2023-03-10,2023-03,2023-Q1,2023,1,6988.55,0.15,13977.1,11880.535
18,2023-03-09,1,ASD HEALTHCARE - MONTCLAIR,CENCORA,2023-03-10,2023-03,2023-Q1,2023,1,6988.55,0.15,125793.9,106924.815
14,2023-03-09,1,DOTHAN D AND S                     ,CENCORA,2023-03-10,2023-03,2023-Q1,2023,1,6988.55,0.15,97839.7,83163.745
17,2023-03-09,1,ASD HEALTHCARE-BROOKS              ,CENCORA,2023-03-10,2023-03,2023-Q1,2023,1,6988.55,0.15,118805.35,100984.5475
8,2023-03-13,0,,,2023-03-17,2023-03,2023-Q1,2023,1,6988.55,0.15,55908.4,47522.14
29,2023-03-13,1,MCKESSON PLASMA AND BIOLOGICS      ,MPB,2023-03-17,2023-03,2023-Q1,2023,1,6988.55,0.15,202667.95,172267.7575
4,2023-03-16,1,ASD HEALTHCARE - MONTCLAIR,CENCORA,2023-03-17,2023-03,2023-Q1,2023,1,6988.55,0.15,27954.2,23761.07
18,2023-03-16,1,ASD HEALTHCARE-BROOKS              ,CENCORA,2023-03-17,2023-03,2023-Q1,2023,1,6988.55,0.15,125793.9,106924.815
13,2023-03-16,1,DOTHAN D AND S                     ,CENCORA,2023-03-17,2023-03,2023-Q1,2023,1,6988.55,0.15,90851.15,77223.4775
14,2023-03-20,1,McKesson Specialty Care DC,MSH,2023-03-24,2023-03,2023-Q1,2023,1,6988.55,0.15,97839.7,83163.745
28,2023-03-20,1,MCKESSON PLASMA AND BIOLOGICS      ,MPB,2023-03-24,2023-03,2023-Q1,2023,1,6988.55,0.15,195679.4,166327.49
26,2023-03-20,1,MCKESSON PLASMA AND BIOLOGICS      ,MPB,2023-03-24,2023-03,2023-Q1,2023,1,6988.55,0.15,181702.3,154446.955
14,2023-03-23,1,DOTHAN D AND S                     ,CENCORA,2023-03-24,2023-03,2023-Q1,2023,1,6988.55,0.15,97839.7,83163.745
5,2023-03-23,1,ASD HEALTHCARE - MONTCLAIR,CENCORA,2023-03-24,2023-03,2023-Q1,2023,1,6988.55,0.15,34942.75,29701.3375
15,2023-03-23,1,ASD HEALTHCARE-BROOKS              ,CENCORA,2023-03-24,2023-03,2023-Q1,2023,1,6988.55,0.15,104828.25,89104.0125
4,2023-03-23,1,MCKESSON SPECIALTY CARE DIST       ,MSH,2023-03-24,2023-03,2023-Q1,2023,1,6988.55,0.15,27954.2,23761.07
6,2023-03-23,0,,,2023-03-24,2023-03,2023-Q1,2023,1,6988.55,0.15,41931.3,35641.605
4,2023-03-27,1,McKesson Specialty Care DC,MSH,2023-03-31,2023-03,2023-Q1,2023,1,6988.55,0.15,27954.2,23761.07
50,2023-03-27,1,MCKESSON PLASMA AND BIOLOGICS      ,MPB,2023-03-31,2023-03,2023-Q1,2023,1,6988.55,0.15,349427.5,297013.375
20,2023-03-28,0,,,2023-03-31,2023-03,2023-Q1,2023,1,6988.55,0.15,139771,118805.35
10,2023-03-28,0,,,2023-03-31,2023-03,2023-Q1,2023,1,6988.55,0.15,69885.5,59402.675
21,2023-03-30,1,ASD HEALTHCARE-BROOKS              ,CENCORA,2023-03-31,2023-03,2023-Q1,2023,1,6988.55,0.15,146759.55,124745.6175
7,2023-03-30,1,ASD HEALTHCARE - MONTCLAIR,CENCORA,2023-03-31,2023-03,2023-Q1,2023,1,6988.55,0.15,48919.85,41581.8725
15,2023-03-30,1,DOTHAN D AND S                     ,CENCORA,2023-03-31,2023-03,2023-Q1,2023,1,6988.55,0.15,104828.25,89104.0125
26,2023-04-03,1,MCKESSON PLASMA AND BIOLOGICS      ,MPB,2023-04-07,2023-04,2023-Q2,2023,1,6988.55,0.15,181702.3,154446.955
21,2023-04-06,1,DOTHAN D AND S                     ,CENCORA,2023-04-07,2023-04,2023-Q2,2023,1,6988.55,0.15,146759.55,124745.6175
20,2023-04-06,1,ASD HEALTHCARE-BROOKS              ,CENCORA,2023-04-07,2023-04,2023-Q2,2023,1,6988.55,0.15,139771,118805.35
8,2023-04-10,1,MCKESSON SPECIALTY CARE DIST       ,MSH,2023-04-14,2023-04,2023-Q2,2023,1,6988.55,0.15,55908.4,47522.14
5,2023-04-10,1,McKesson Specialty Care DC,MSH,2023-04-14,2023-04,2023-Q2,2023,1,6988.55,0.15,34942.75,29701.3375
32,2023-04-10,1,MCKESSON PLASMA AND BIOLOGICS      ,MPB,2023-04-14,2023-04,2023-Q2,2023,1,6988.55,0.15,223633.6,190088.56
50,2023-04-13,1,ASD HEALTHCARE-BROOKS              ,CENCORA,2023-04-14,2023-04,2023-Q2,2023,1,6988.55,0.15,349427.5,297013.375
22,2023-04-13,1,DOTHAN D AND S                     ,CENCORA,2023-04-14,2023-04,2023-Q2,2023,1,6988.55,0.15,153748.1,130685.885
5,2023-04-13,1,ASD HEALTHCARE - MONTCLAIR,CENCORA,2023-04-14,2023-04,2023-Q2,2023,1,6988.55,0.15,34942.75,29701.3375
5,2023-04-13,0,,,2023-04-14,2023-04,2023-Q2,2023,1,6988.55,0.15,34942.75,29701.3375
2,2023-04-13,0,,,2023-04-14,2023-04,2023-Q2,2023,1,6988.55,0.15,13977.1,11880.535
6,2023-04-17,1,McKesson Specialty Care DC,MSH,2023-04-21,2023-04,2023-Q2,2023,1,6988.55,0.15,41931.3,35641.605
35,2023-04-17,1,MCKESSON PLASMA AND BIOLOGICS      ,MPB,2023-04-21,2023-04,2023-Q2,2023,1,6988.55,0.15,244599.25,207909.3625
50,2023-04-19,1,MCKESSON PLASMA AND BIOLOGICS      ,MPB,2023-04-21,2023-04,2023-Q2,2023,1,6988.55,0.15,349427.5,297013.375
11,2023-04-20,1,ASD HEALTHCARE-BROOKS              ,CENCORA,2023-04-21,2023-04,2023-Q2,2023,1,6988.55,0.15,76874.05,65342.9425
23,2023-04-20,1,DOTHAN D AND S                     ,CENCORA,2023-04-21,2023-04,2023-Q2,2023,1,6988.55,0.15,160736.65,136626.1525
4,2023-04-20,1,ASD HEALTHCARE - MONTCLAIR,CENCORA,2023-04-21,2023-04,2023-Q2,2023,1,6988.55,0.15,27954.2,23761.07
28,2023-04-24,1,MCKESSON PLASMA AND BIOLOGICS      ,MPB,2023-04-28,2023-04,2023-Q2,2023,1,6988.55,0.15,195679.4,166327.49
5,2023-04-27,1,ASD HEALTHCARE-BROOKS              ,CENCORA,2023-04-28,2023-04,2023-Q2,2023,1,6988.55,0.15,34942.75,29701.3375
15,2023-04-27,1,DOTHAN D AND S                     ,CENCORA,2023-04-28,2023-04,2023-Q2,2023,1,6988.55,0.15,104828.25,89104.0125
29,2023-05-01,1,MCKESSON PLASMA AND BIOLOGICS      ,MPB,2023-05-05,2023-05,2023-Q2,2023,1,6988.55,0.15,202667.95,172267.7575
5,2023-05-02,1,McKesson Specialty Care DC,MSH,2023-05-05,2023-05,2023-Q2,2023,1,6988.55,0.15,34942.75,29701.3375
4,2023-05-02,1,PANTHERRX RARE                     ,PANTHERRX,2023-05-05,2023-05,2023-Q2,2023,1,6848.8,0.15,27395.2,23285.92
8,2023-05-02,0,,,2023-05-05,2023-05,2023-Q2,2023,1,6988.55,0.15,55908.4,47522.14
20,2023-05-04,1,DOTHAN D AND S                     ,CENCORA,2023-05-05,2023-05,2023-Q2,2023,1,6988.55,0.15,139771,118805.35
50,2023-05-04,1,ASD HEALTHCARE-BROOKS              ,CENCORA,2023-05-05,2023-05,2023-Q2,2023,1,6988.55,0.15,349427.5,297013.375
9,2023-05-08,1,McKesson Specialty Care DC,MSH,2023-05-12,2023-05,2023-Q2,2023,1,6988.55,0.15,62896.95,53462.4075
7,2023-05-08,1,MCKESSON PLASMA AND BIOLOGICS      ,MPB,2023-05-12,2023-05,2023-Q2,2023,1,6988.55,0.15,48919.85,41581.8725
6,2023-05-09,0,,,2023-05-12,2023-05,2023-Q2,2023,1,6988.55,0.15,41931.3,35641.605
-2,2023-05-10,0,,,2023-05-12,2023-05,2023-Q2,2023,1,6988.55,0.15,-13977.1,-11880.535
-5,2023-05-10,0,,,2023-05-12,2023-05,2023-Q2,2023,1,6988.55,0.15,-34942.75,-29701.3375
16,2023-05-11,1,ASD HEALTHCARE-BROOKS              ,CENCORA,2023-05-12,2023-05,2023-Q2,2023,1,6988.55,0.15,111816.8,95044.28
20,2023-05-11,1,DOTHAN D AND S                     ,CENCORA,2023-05-12,2023-05,2023-Q2,2023,1,6988.55,0.15,139771,118805.35
3,2023-05-11,1,ASD HEALTHCARE - MONTCLAIR,CENCORA,2023-05-12,2023-05,2023-Q2,2023,1,6988.55,0.15,20965.65,17820.8025
9,2023-05-15,1,MCKESSON PLASMA AND BIOLOGICS      ,MPB,2023-05-19,2023-05,2023-Q2,2023,1,6988.55,0.15,62896.95,53462.4075
3,2023-05-16,1,MCKESSON SPECIALTY CARE DIST       ,MSH,2023-05-19,2023-05,2023-Q2,2023,1,6988.55,0.15,20965.65,17820.8025
-2,2023-05-17,0,,,2023-05-19,2023-05,2023-Q2,2023,1,6988.55,0.15,-13977.1,-11880.535
15,2023-05-18,1,ASD HEALTHCARE-BROOKS              ,CENCORA,2023-05-19,2023-05,2023-Q2,2023,1,6988.55,0.15,104828.25,89104.0125
17,2023-05-18,1,DOTHAN D AND S                     ,CENCORA,2023-05-19,2023-05,2023-Q2,2023,1,6988.55,0.15,118805.35,100984.5475
3,2023-05-18,1,ASD HEALTHCARE - MONTCLAIR,CENCORA,2023-05-19,2023-05,2023-Q2,2023,1,6988.55,0.15,20965.65,17820.8025
2,2023-05-22,1,MCKESSON SPECIALTY CARE DIST       ,MSH,2023-05-26,2023-05,2023-Q2,2023,1,6988.55,0.15,13977.1,11880.535
2,2023-05-22,1,McKesson Specialty Care DC,MSH,2023-05-26,2023-05,2023-Q2,2023,1,6988.55,0.15,13977.1,11880.535
13,2023-05-22,1,MCKESSON PLASMA AND BIOLOGICS      ,MPB,2023-05-26,2023-05,2023-Q2,2023,1,6988.55,0.15,90851.15,77223.4775
41,2023-05-22,1,MCKESSON PLASMA AND BIOLOGICS      ,MPB,2023-05-26,2023-05,2023-Q2,2023,1,6988.55,0.15,286530.55,243550.9675
14,2023-05-25,1,DOTHAN D AND S                     ,CENCORA,2023-05-26,2023-05,2023-Q2,2023,1,6988.55,0.15,97839.7,83163.745
50,2023-05-25,1,ASD HEALTHCARE-BROOKS              ,CENCORA,2023-05-26,2023-05,2023-Q2,2023,1,6988.55,0.15,349427.5,297013.375
32,2023-05-30,1,MCKESSON PLASMA AND BIOLOGICS      ,MPB,2023-06-02,2023-05,2023-Q2,2023,1,6988.55,0.15,223633.6,190088.56
25,2023-05-30,1,MCKESSON PLASMA AND BIOLOGICS      ,MPB,2023-06-02,2023-05,2023-Q2,2023,1,6988.55,0.15,174713.75,148506.6875
6,2023-05-30,0,,,2023-06-02,2023-05,2023-Q2,2023,1,6988.55,0.15,41931.3,35641.605
14,2023-06-01,1,DOTHAN D AND S                     ,CENCORA,2023-06-02,2023-06,2023-Q2,2023,1,6988.55,0.15,97839.7,83163.745
8,2023-06-01,1,ASD HEALTHCARE-BROOKS              ,CENCORA,2023-06-02,2023-06,2023-Q2,2023,1,6988.55,0.15,55908.4,47522.14
16,2023-06-01,1,ASD HEALTHCARE - MONTCLAIR,CENCORA,2023-06-02,2023-06,2023-Q2,2023,1,6988.55,0.15,111816.8,95044.28
1,2023-06-01,0,,,2023-06-02,2023-06,2023-Q2,2023,1,6988.55,0.15,6988.55,5940.2675
9,2023-06-05,1,MCKESSON PLASMA AND BIOLOGICS      ,MPB,2023-06-09,2023-06,2023-Q2,2023,1,6988.55,0.15,62896.95,53462.4075
14,2023-06-05,1,MCKESSON PLASMA AND BIOLOGICS      ,MPB,2023-06-09,2023-06,2023-Q2,2023,1,6988.55,0.15,97839.7,83163.745
8,2023-06-06,0,,,2023-06-09,2023-06,2023-Q2,2023,1,6988.55,0.15,55908.4,47522.14
11,2023-06-08,1,ASD HEALTHCARE - MONTCLAIR,CENCORA,2023-06-09,2023-06,2023-Q2,2023,1,6988.55,0.15,76874.05,65342.9425
16,2023-06-08,1,DOTHAN D AND S                     ,CENCORA,2023-06-09,2023-06,2023-Q2,2023,1,6988.55,0.15,111816.8,95044.28
5,2023-06-08,1,ASD HEALTHCARE-BROOKS              ,CENCORA,2023-06-09,2023-06,2023-Q2,2023,1,6988.55,0.15,34942.75,29701.3375
2,2023-06-12,1,McKesson Specialty Care DC,MSH,2023-06-16,2023-06,2023-Q2,2023,1,6988.55,0.15,13977.1,11880.535
11,2023-06-12,1,MCKESSON PLASMA AND BIOLOGICS      ,MPB,2023-06-16,2023-06,2023-Q2,2023,1,6988.55,0.15,76874.05,65342.9425
21,2023-06-12,1,MCKESSON PLASMA AND BIOLOGICS      ,MPB,2023-06-16,2023-06,2023-Q2,2023,1,6988.55,0.15,146759.55,124745.6175
2,2023-06-15,1,ASD HEALTHCARE - MONTCLAIR,CENCORA,2023-06-16,2023-06,2023-Q2,2023,1,6988.55,0.15,13977.1,11880.535
50,2023-06-15,1,ASD HEALTHCARE-BROOKS              ,CENCORA,2023-06-16,2023-06,2023-Q2,2023,1,6988.55,0.15,349427.5,297013.375
10,2023-06-15,1,DOTHAN D AND S                     ,CENCORA,2023-06-16,2023-06,2023-Q2,2023,1,6988.55,0.15,69885.5,59402.675
-2,2023-06-15,0,,,2023-06-16,2023-06,2023-Q2,2023,1,6988.55,0.15,-13977.1,-11880.535
2,2023-06-19,1,McKesson Specialty Care DC,MSH,2023-06-23,2023-06,2023-Q2,2023,1,6988.55,0.15,13977.1,11880.535
6,2023-06-19,0,,,2023-06-23,2023-06,2023-Q2,2023,1,6988.55,0.15,41931.3,35641.605
13,2023-06-20,1,MCKESSON PLASMA AND BIOLOGICS      ,MPB,2023-06-23,2023-06,2023-Q2,2023,1,6988.55,0.15,90851.15,77223.4775
19,2023-06-20,1,MCKESSON PLASMA AND BIOLOGICS      ,MPB,2023-06-23,2023-06,2023-Q2,2023,1,6988.55,0.15,132782.45,112865.0825
15,2023-06-22,1,DOTHAN D AND S                     ,CENCORA,2023-06-23,2023-06,2023-Q2,2023,1,6988.55,0.15,104828.25,89104.0125
8,2023-06-23,0,,,2023-06-23,2023-06,2023-Q2,2023,1,6988.55,0.15,55908.4,47522.14
9,2023-06-26,1,MCKESSON PLASMA AND BIOLOGICS      ,MPB,2023-06-30,2023-06,2023-Q2,2023,1,6988.55,0.15,62896.95,53462.4075
2,2023-06-26,1,MCKESSON PLASMA AND BIOLOGICS      ,MPB,2023-06-30,2023-06,2023-Q2,2023,1,6988.55,0.15,13977.1,11880.535
-6,2023-06-28,0,,,2023-06-30,2023-06,2023-Q2,2023,1,6988.55,0.15,-41931.3,-35641.605
8,2023-06-28,0,,,2023-06-30,2023-06,2023-Q2,2023,1,6988.55,0.15,55908.4,47522.14
30,2023-06-29,1,DOTHAN D AND S                     ,CENCORA,2023-06-30,2023-06,2023-Q2,2023,1,6988.55,0.15,209656.5,178208.025
10,2023-06-29,1,ASD HEALTHCARE-BROOKS              ,CENCORA,2023-06-30,2023-06,2023-Q2,2023,1,6988.55,0.15,69885.5,59402.675
1,2023-07-05,1,MCKESSON SPECIALTY CARE DIST       ,MSH,2023-07-07,2023-07,2023-Q3,2023,1,7093.38,0.15,7093.38,6029.373
2,2023-07-05,1,McKesson Specialty Care DC,MSH,2023-07-07,2023-07,2023-Q3,2023,1,7093.38,0.15,14186.76,12058.746
23,2023-07-05,1,MCKESSON PLASMA AND BIOLOGICS      ,MPB,2023-07-07,2023-07,2023-Q3,2023,1,7093.38,0.15,163147.74,138675.579
11,2023-07-05,1,MCKESSON PLASMA AND BIOLOGICS      ,MPB,2023-07-07,2023-07,2023-Q3,2023,1,7093.38,0.15,78027.18,66323.103
9,2023-07-06,1,ASD HEALTHCARE - MONTCLAIR,CENCORA,2023-07-07,2023-07,2023-Q3,2023,1,7093.38,0.15,63840.42,54264.357
7,2023-07-06,1,ASD HEALTHCARE-BROOKS              ,CENCORA,2023-07-07,2023-07,2023-Q3,2023,1,7093.38,0.15,49653.66,42205.611
3,2023-07-10,1,McKesson Specialty Care DC,MSH,2023-07-14,2023-07,2023-Q3,2023,1,7093.38,0.15,21280.14,18088.119
13,2023-07-10,1,MCKESSON PLASMA AND BIOLOGICS      ,MPB,2023-07-14,2023-07,2023-Q3,2023,1,7093.38,0.15,92213.94,78381.849
9,2023-07-10,1,MCKESSON PLASMA AND BIOLOGICS      ,MPB,2023-07-14,2023-07,2023-Q3,2023,1,7093.38,0.15,63840.42,54264.357
6,2023-07-10,0,,,2023-07-14,2023-07,2023-Q3,2023,1,7093.38,0.15,42560.28,36176.238
-4,2023-07-11,0,,,2023-07-14,2023-07,2023-Q3,2023,1,7093.38,0.15,-28373.52,-24117.492
-2,2023-07-11,0,,,2023-07-14,2023-07,2023-Q3,2023,1,7093.38,0.15,-14186.76,-12058.746
2,2023-07-11,1,MCKESSON SPECIALTY CARE DIST       ,MSH,2023-07-14,2023-07,2023-Q3,2023,1,7093.38,0.15,14186.76,12058.746
16,2023-07-13,1,ASD HEALTHCARE-BROOKS              ,CENCORA,2023-07-14,2023-07,2023-Q3,2023,1,7093.38,0.15,113494.08,96469.968
9,2023-07-13,1,DOTHAN D AND S                     ,CENCORA,2023-07-14,2023-07,2023-Q3,2023,1,7093.38,0.15,63840.42,54264.357
4,2023-07-17,1,McKesson Specialty Care DC,MSH,2023-07-21,2023-07,2023-Q3,2023,1,7093.38,0.15,28373.52,24117.492
3,2023-07-17,1,MCKESSON SPECIALTY CARE DIST       ,MSH,2023-07-21,2023-07,2023-Q3,2023,1,7093.38,0.15,21280.14,18088.119
15,2023-07-17,1,MCKESSON PLASMA AND BIOLOGICS      ,MPB,2023-07-21,2023-07,2023-Q3,2023,1,7093.38,0.15,106400.7,90440.595
14,2023-07-17,1,MCKESSON PLASMA AND BIOLOGICS      ,MPB,2023-07-21,2023-07,2023-Q3,2023,1,7093.38,0.15,99307.32,84411.222
10,2023-07-20,1,DOTHAN D AND S                     ,CENCORA,2023-07-21,2023-07,2023-Q3,2023,1,7093.38,0.15,70933.8,60293.73
26,2023-07-20,1,ASD HEALTHCARE-BROOKS              ,CENCORA,2023-07-21,2023-07,2023-Q3,2023,1,7093.38,0.15,184427.88,156763.698
3,2023-07-24,1,McKesson Specialty Care DC,MSH,2023-07-28,2023-07,2023-Q3,2023,1,7093.38,0.15,21280.14,18088.119
2,2023-07-24,1,MCKESSON SPECIALTY CARE DIST       ,MSH,2023-07-28,2023-07,2023-Q3,2023,1,7093.38,0.15,14186.76,12058.746
13,2023-07-24,1,MCKESSON PLASMA AND BIOLOGICS      ,MPB,2023-07-28,2023-07,2023-Q3,2023,1,7093.38,0.15,92213.94,78381.849
17,2023-07-24,1,MCKESSON PLASMA AND BIOLOGICS      ,MPB,2023-07-28,2023-07,2023-Q3,2023,1,7093.38,0.15,120587.46,102499.341
4,2023-07-27,1,ASD HEALTHCARE - MONTCLAIR,CENCORA,2023-07-28,2023-07,2023-Q3,2023,1,7093.38,0.15,28373.52,24117.492
7,2023-07-27,1,ASD HEALTHCARE-BROOKS              ,CENCORA,2023-07-28,2023-07,2023-Q3,2023,1,7093.38,0.15,49653.66,42205.611
9,2023-07-27,1,DOTHAN D AND S                     ,CENCORA,2023-07-28,2023-07,2023-Q3,2023,1,7093.38,0.15,63840.42,54264.357
5,2023-08-01,1,McKesson Specialty Care DC,MSH,2023-08-04,2023-08,2023-Q3,2023,1,7093.38,0.15,35466.9,30146.865
1,2023-08-01,1,MCKESSON SPECIALTY CARE DIST       ,MSH,2023-08-04,2023-08,2023-Q3,2023,1,7093.38,0.15,7093.38,6029.373
5,2023-08-01,1,MCKESSON PLASMA AND BIOLOGICS      ,MPB,2023-08-04,2023-08,2023-Q3,2023,1,7093.38,0.15,35466.9,30146.865
11,2023-08-01,1,MCKESSON PLASMA AND BIOLOGICS      ,MPB,2023-08-04,2023-08,2023-Q3,2023,1,7093.38,0.15,78027.18,66323.103
4,2023-08-01,0,,,2023-08-04,2023-08,2023-Q3,2023,1,7093.38,0.15,28373.52,24117.492
2,2023-08-01,1,MCKESSON SPECIALTY CARE DIST       ,MSH,2023-08-04,2023-08,2023-Q3,2023,1,7093.38,0.15,14186.76,12058.746
16,2023-08-02,0,,,2023-08-04,2023-08,2023-Q3,2023,1,7093.38,0.15,113494.08,96469.968
18,2023-08-03,1,ASD HEALTHCARE-BROOKS              ,CENCORA,2023-08-04,2023-08,2023-Q3,2023,1,7093.38,0.15,127680.84,108528.714
14,2023-08-03,1,DOTHAN D AND S                     ,CENCORA,2023-08-04,2023-08,2023-Q3,2023,1,7093.38,0.15,99307.32,84411.222
10,2023-08-03,1,ASD HEALTHCARE - MONTCLAIR,CENCORA,2023-08-04,2023-08,2023-Q3,2023,1,7093.38,0.15,70933.8,60293.73
2,2023-08-07,1,McKesson Specialty Care DC,MSH,2023-08-11,2023-08,2023-Q3,2023,1,7093.38,0.15,14186.76,12058.746
3,2023-08-07,1,MCKESSON SPECIALTY CARE DIST       ,MSH,2023-08-11,2023-08,2023-Q3,2023,1,7093.38,0.15,21280.14,18088.119
12,2023-08-07,1,MCKESSON PLASMA AND BIOLOGICS      ,MPB,2023-08-11,2023-08,2023-Q3,2023,1,7093.38,0.15,85120.56,72352.476
6,2023-08-07,0,,,2023-08-11,2023-08,2023-Q3,2023,1,7093.38,0.15,42560.28,36176.238
50,2023-08-10,1,ASD HEALTHCARE-BROOKS              ,CENCORA,2023-08-11,2023-08,2023-Q3,2023,1,7093.38,0.15,354669,301468.65
17,2023-08-10,1,DOTHAN D AND S                     ,CENCORA,2023-08-11,2023-08,2023-Q3,2023,1,7093.38,0.15,120587.46,102499.341
22,2023-08-10,1,ASD HEALTHCARE - MONTCLAIR,CENCORA,2023-08-11,2023-08,2023-Q3,2023,1,7093.38,0.15,156054.36,132646.206
6,2023-08-10,0,,,2023-08-11,2023-08,2023-Q3,2023,1,7093.38,0.15,42560.28,36176.238
5,2023-08-14,1,McKesson Specialty Care DC,MSH,2023-08-18,2023-08,2023-Q3,2023,1,7093.38,0.15,35466.9,30146.865
30,2023-08-14,1,MCKESSON PLASMA AND BIOLOGICS      ,MPB,2023-08-18,2023-08,2023-Q3,2023,1,7093.38,0.15,212801.4,180881.19
6,2023-08-14,1,MCKESSON PLASMA AND BIOLOGICS      ,MPB,2023-08-18,2023-08,2023-Q3,2023,1,7093.38,0.15,42560.28,36176.238
4,2023-08-15,0,,,2023-08-18,2023-08,2023-Q3,2023,1,7093.38,0.15,28373.52,24117.492
21,2023-08-17,1,ASD HEALTHCARE - MONTCLAIR,CENCORA,2023-08-18,2023-08,2023-Q3,2023,1,7093.38,0.15,148960.98,126616.833
18,2023-08-17,1,ASD HEALTHCARE-BROOKS              ,CENCORA,2023-08-18,2023-08,2023-Q3,2023,1,7093.38,0.15,127680.84,108528.714
11,2023-08-17,1,DOTHAN D AND S                     ,CENCORA,2023-08-18,2023-08,2023-Q3,2023,1,7093.38,0.15,78027.18,66323.103
5,2023-08-17,1,MCKESSON SPECIALTY CARE DIST       ,MSH,2023-08-18,2023-08,2023-Q3,2023,1,7093.38,0.15,35466.9,30146.865
4,2023-08-21,1,MCKESSON SPECIALTY CARE DIST       ,MSH,2023-08-25,2023-08,2023-Q3,2023,1,7093.38,0.15,28373.52,24117.492
5,2023-08-21,1,McKesson Specialty Care DC,MSH,2023-08-25,2023-08,2023-Q3,2023,1,7093.38,0.15,35466.9,30146.865
18,2023-08-21,1,MCKESSON PLASMA AND BIOLOGICS      ,MPB,2023-08-25,2023-08,2023-Q3,2023,1,7093.38,0.15,127680.84,108528.714
16,2023-08-24,1,DOTHAN D AND S                     ,CENCORA,2023-08-25,2023-08,2023-Q3,2023,1,7093.38,0.15,113494.08,96469.968
17,2023-08-24,1,ASD HEALTHCARE-BROOKS              ,CENCORA,2023-08-25,2023-08,2023-Q3,2023,1,7093.38,0.15,120587.46,102499.341
52,2023-08-24,1,ASD HEALTHCARE - MONTCLAIR,CENCORA,2023-08-25,2023-08,2023-Q3,2023,1,7093.38,0.15,368855.76,313527.396
-6,2023-08-24,0,,,2023-08-25,2023-08,2023-Q3,2023,1,7093.38,0.15,-42560.28,-36176.238
2,2023-08-28,1,MCKESSON SPECIALTY CARE DIST       ,MSH,2023-09-01,2023-08,2023-Q3,2023,1,7093.38,0.15,14186.76,12058.746
11,2023-08-28,1,MCKESSON PLASMA AND BIOLOGICS      ,MPB,2023-09-01,2023-08,2023-Q3,2023,1,7093.38,0.15,78027.18,66323.103
35,2023-08-28,1,MCKESSON PLASMA AND BIOLOGICS      ,MPB,2023-09-01,2023-08,2023-Q3,2023,1,7093.38,0.15,248268.3,211028.055
18,2023-09-01,1,DOTHAN D AND S                     ,CENCORA,2023-09-01,2023-09,2023-Q3,2023,1,7093.38,0.22,127680.84,99591.0552
9,2023-09-01,1,ASD HEALTHCARE - MONTCLAIR,CENCORA,2023-09-01,2023-09,2023-Q3,2023,1,7093.38,0.22,63840.42,49795.5276
5,2023-09-01,1,MCKESSON SPECIALTY CARE DIST       ,MSH,2023-09-01,2023-09,2023-Q3,2023,1,7093.38,0.22,35466.9,27664.182
3,2023-09-05,1,McKesson Specialty Care DC,MSH,2023-09-08,2023-09,2023-Q3,2023,1,7093.38,0.22,21280.14,16598.5092
8,2023-09-05,1,MCKESSON SPECIALTY CARE DIST KY,MSH,2023-09-08,2023-09,2023-Q3,2023,1,7093.38,0.22,56747.04,44262.6912
25,2023-09-05,1,MCKESSON PLASMA AND BIOLOGICS      ,MPB,2023-09-08,2023-09,2023-Q3,2023,1,7093.38,0.22,177334.5,138320.91
12,2023-09-05,1,MCKESSON PLASMA AND BIOLOGICS      ,MPB,2023-09-08,2023-09,2023-Q3,2023,1,7093.38,0.22,85120.56,66394.0368
12,2023-09-07,1,DOTHAN D AND S                     ,CENCORA,2023-09-08,2023-09,2023-Q3,2023,1,7093.38,0.22,85120.56,66394.0368
7,2023-09-07,1,ASD HEALTHCARE-BROOKS              ,CENCORA,2023-09-08,2023-09,2023-Q3,2023,1,7093.38,0.22,49653.66,38729.8548
16,2023-09-07,1,ASD HEALTHCARE - MONTCLAIR,CENCORA,2023-09-08,2023-09,2023-Q3,2023,1,7093.38,0.22,113494.08,88525.3824
4,2023-09-07,1,MCKESSON SPECIALTY CARE DIST       ,MSH,2023-09-08,2023-09,2023-Q3,2023,1,7093.38,0.22,28373.52,22131.3456
4,2023-09-07,0,,,2023-09-08,2023-09,2023-Q3,2023,1,7093.38,0.22,28373.52,22131.3456
12,2023-09-11,1,McKesson Specialty Care DC,MSH,2023-09-15,2023-09,2023-Q3,2023,1,7093.38,0.22,85120.56,66394.0368
35,2023-09-11,1,MCKESSON PLASMA AND BIOLOGICS      ,MPB,2023-09-15,2023-09,2023-Q3,2023,1,7093.38,0.22,248268.3,193649.274
16,2023-09-12,0,,,2023-09-15,2023-09,2023-Q3,2023,1,7093.38,0.22,113494.08,88525.3824
4,2023-09-14,1,ASD HEALTHCARE - MONTCLAIR,CENCORA,2023-09-15,2023-09,2023-Q3,2023,1,7093.38,0.22,28373.52,22131.3456
29,2023-09-14,1,ASD HEALTHCARE-BROOKS              ,CENCORA,2023-09-15,2023-09,2023-Q3,2023,1,7093.38,0.22,205708.02,160452.2556
16,2023-09-14,1,DOTHAN D AND S                     ,CENCORA,2023-09-15,2023-09,2023-Q3,2023,1,7093.38,0.22,113494.08,88525.3824
5,2023-09-18,1,McKesson Specialty Care DC,MSH,2023-09-22,2023-09,2023-Q3,2023,1,7093.38,0.22,35466.9,27664.182
2,2023-09-18,1,MCKESSON SPECIALTY CARE DIST       ,MSH,2023-09-22,2023-09,2023-Q3,2023,1,7093.38,0.22,14186.76,11065.6728
6,2023-09-18,1,MCKESSON PLASMA AND BIOLOGICS      ,MPB,2023-09-22,2023-09,2023-Q3,2023,1,7093.38,0.22,42560.28,33197.0184
4,2023-09-20,1,MCKESSON SPECIALTY CARE DIST KY,MSH,2023-09-22,2023-09,2023-Q3,2023,1,7093.38,0.22,28373.52,22131.3456
22,2023-09-21,1,DOTHAN D AND S                     ,CENCORA,2023-09-22,2023-09,2023-Q3,2023,1,7093.38,0.22,156054.36,121722.4008
20,2023-09-21,1,ASD HEALTHCARE-BROOKS              ,CENCORA,2023-09-22,2023-09,2023-Q3,2023,1,7093.38,0.22,141867.6,110656.728
2,2023-09-21,1,ASD HEALTHCARE - MONTCLAIR,CENCORA,2023-09-22,2023-09,2023-Q3,2023,1,7093.38,0.22,14186.76,11065.6728
3,2023-09-25,1,McKesson Specialty Care DC,MSH,2023-09-29,2023-09,2023-Q3,2023,1,7093.38,0.22,21280.14,16598.5092
2,2023-09-25,1,MCKESSON SPECIALTY CARE DIST       ,MSH,2023-09-29,2023-09,2023-Q3,2023,1,7093.38,0.22,14186.76,11065.6728
8,2023-09-25,1,MCKESSON PLASMA AND BIOLOGICS      ,MPB,2023-09-29,2023-09,2023-Q3,2023,1,7093.38,0.22,56747.04,44262.6912
4,2023-09-25,1,MCKESSON PLASMA AND BIOLOGICS      ,MPB,2023-09-29,2023-09,2023-Q3,2023,1,7093.38,0.22,28373.52,22131.3456
15,2023-09-27,1,MCKESSON PLASMA AND BIOLOGICS      ,MPB,2023-09-29,2023-09,2023-Q3,2023,1,7093.38,0.22,106400.7,82992.546
17,2023-09-28,1,DOTHAN D AND S                     ,CENCORA,2023-09-29,2023-09,2023-Q3,2023,1,7093.38,0.22,120587.46,94058.2188
26,2023-09-28,1,ASD HEALTHCARE - MONTCLAIR,CENCORA,2023-09-29,2023-09,2023-Q3,2023,1,7093.38,0.22,184427.88,143853.7464
8,2023-09-28,1,ASD HEALTHCARE-BROOKS              ,CENCORA,2023-09-29,2023-09,2023-Q3,2023,1,7093.38,0.22,56747.04,44262.6912
3,2023-10-02,1,MCKESSON SPECIALTY CARE DIST       ,MSH,2023-10-06,2023-10,2023-Q4,2023,1,7093.38,0.15,21280.14,18088.119
5,2023-10-02,1,McKesson Specialty Care DC,MSH,2023-10-06,2023-10,2023-Q4,2023,1,7093.38,0.15,35466.9,30146.865
3,2023-10-02,1,MCKESSON PLASMA AND BIOLOGICS      ,MPB,2023-10-06,2023-10,2023-Q4,2023,1,7093.38,0.15,21280.14,18088.119
9,2023-10-02,1,MCKESSON PLASMA AND BIOLOGICS      ,MPB,2023-10-06,2023-10,2023-Q4,2023,1,7093.38,0.15,63840.42,54264.357
4,2023-10-02,0,,,2023-10-06,2023-10,2023-Q4,2023,1,7093.38,0.15,28373.52,24117.492
8,2023-10-02,0,,,2023-10-06,2023-10,2023-Q4,2023,1,7093.38,0.15,56747.04,48234.984
6,2023-10-04,0,,,2023-10-06,2023-10,2023-Q4,2023,1,7093.38,0.15,42560.28,36176.238
17,2023-10-05,1,ASD HEALTHCARE - MONTCLAIR,CENCORA,2023-10-06,2023-10,2023-Q4,2023,1,7093.38,0.15,120587.46,102499.341
18,2023-10-05,1,DOTHAN D AND S                     ,CENCORA,2023-10-06,2023-10,2023-Q4,2023,1,7093.38,0.15,127680.84,108528.714
11,2023-10-05,1,ASD HEALTHCARE-BROOKS              ,CENCORA,2023-10-06,2023-10,2023-Q4,2023,1,7093.38,0.15,78027.18,66323.103
12,2023-10-05,0,,,2023-10-06,2023-10,2023-Q4,2023,1,7093.38,0.15,85120.56,72352.476
11,2023-10-09,1,McKesson Specialty Care DC,MSH,2023-10-13,2023-10,2023-Q4,2023,1,7093.38,0.15,78027.18,66323.103
11,2023-10-09,1,MCKESSON PLASMA AND BIOLOGICS      ,MPB,2023-10-13,2023-10,2023-Q4,2023,1,7093.38,0.15,78027.18,66323.103
32,2023-10-09,1,MCKESSON PLASMA AND BIOLOGICS      ,MPB,2023-10-13,2023-10,2023-Q4,2023,1,7093.38,0.15,226988.16,192939.936
4,2023-10-10,0,,,2023-10-13,2023-10,2023-Q4,2023,1,7093.38,0.15,28373.52,24117.492
9,2023-10-12,1,ASD HEALTHCARE-BROOKS              ,CENCORA,2023-10-13,2023-10,2023-Q4,2023,1,7093.38,0.15,63840.42,54264.357
18,2023-10-12,1,DOTHAN D AND S                     ,CENCORA,2023-10-13,2023-10,2023-Q4,2023,1,7093.38,0.15,127680.84,108528.714
3,2023-10-12,1,ASD HEALTHCARE - MONTCLAIR,CENCORA,2023-10-13,2023-10,2023-Q4,2023,1,7093.38,0.15,21280.14,18088.119
2,2023-10-16,1,McKesson Specialty Care DC,MSH,2023-10-20,2023-10,2023-Q4,2023,1,7093.38,0.15,14186.76,12058.746
2,2023-10-16,1,MCKESSON SPECIALTY CARE DIST       ,MSH,2023-10-20,2023-10,2023-Q4,2023,1,7093.38,0.15,14186.76,12058.746
3,2023-10-16,1,MCKESSON SPECIALTY CARE DIST KY,MSH,2023-10-20,2023-10,2023-Q4,2023,1,7093.38,0.15,21280.14,18088.119
10,2023-10-16,1,MCKESSON PLASMA AND BIOLOGICS      ,MPB,2023-10-20,2023-10,2023-Q4,2023,1,7093.38,0.15,70933.8,60293.73
20,2023-10-16,1,MCKESSON PLASMA AND BIOLOGICS      ,MPB,2023-10-20,2023-10,2023-Q4,2023,1,7093.38,0.15,141867.6,120587.46
18,2023-10-19,1,ASD HEALTHCARE-BROOKS              ,CENCORA,2023-10-20,2023-10,2023-Q4,2023,1,7093.38,0.15,127680.84,108528.714
19,2023-10-19,1,DOTHAN D AND S                     ,CENCORA,2023-10-20,2023-10,2023-Q4,2023,1,7093.38,0.15,134774.22,114558.087
10,2023-10-19,1,ASD HEALTHCARE - MONTCLAIR,CENCORA,2023-10-20,2023-10,2023-Q4,2023,1,7093.38,0.15,70933.8,60293.73
3,2023-10-23,1,MCKESSON SPECIALTY CARE DIST       ,MSH,2023-10-27,2023-10,2023-Q4,2023,1,7093.38,0.15,21280.14,18088.119
2,2023-10-23,1,McKesson Specialty Care DC,MSH,2023-10-27,2023-10,2023-Q4,2023,1,7093.38,0.15,14186.76,12058.746
16,2023-10-23,1,MCKESSON PLASMA AND BIOLOGICS      ,MPB,2023-10-27,2023-10,2023-Q4,2023,1,7093.38,0.15,113494.08,96469.968
28,2023-10-23,1,MCKESSON PLASMA AND BIOLOGICS      ,MPB,2023-10-27,2023-10,2023-Q4,2023,1,7093.38,0.15,198614.64,168822.444
2,2023-10-24,1,MCKESSON SPECIALTY CARE DIST KY,MSH,2023-10-27,2023-10,2023-Q4,2023,1,7093.38,0.15,14186.76,12058.746
6,2023-10-24,0,,,2023-10-27,2023-10,2023-Q4,2023,1,7093.38,0.15,42560.28,36176.238
6,2023-10-25,0,,,2023-10-27,2023-10,2023-Q4,2023,1,7093.38,0.15,42560.28,36176.238
22,2023-10-26,1,DOTHAN D AND S                     ,CENCORA,2023-10-27,2023-10,2023-Q4,2023,1,7093.38,0.15,156054.36,132646.206
20,2023-10-26,1,ASD HEALTHCARE-BROOKS              ,CENCORA,2023-10-27,2023-10,2023-Q4,2023,1,7093.38,0.15,141867.6,120587.46
5,2023-10-26,1,ASD HEALTHCARE - MONTCLAIR,CENCORA,2023-10-27,2023-10,2023-Q4,2023,1,7093.38,0.15,35466.9,30146.865
3,2023-10-30,1,McKesson Specialty Care DC,MSH,2023-11-03,2023-10,2023-Q4,2023,1,7093.38,0.15,21280.14,18088.119
15,2023-10-30,1,MCKESSON PLASMA AND BIOLOGICS      ,MPB,2023-11-03,2023-10,2023-Q4,2023,1,7093.38,0.15,106400.7,90440.595
13,2023-10-30,1,MCKESSON PLASMA AND BIOLOGICS      ,MPB,2023-11-03,2023-10,2023-Q4,2023,1,7093.38,0.15,92213.94,78381.849
4,2023-10-31,0,,,2023-11-03,2023-10,2023-Q4,2023,1,7093.38,0.15,28373.52,24117.492
9,2023-11-02,1,DOTHAN D AND S                     ,CENCORA,2023-11-03,2023-11,2023-Q4,2023,1,7093.38,0.15,63840.42,54264.357
8,2023-11-02,1,ASD HEALTHCARE - MONTCLAIR,CENCORA,2023-11-03,2023-11,2023-Q4,2023,1,7093.38,0.15,56747.04,48234.984
2,2023-11-06,1,MCKESSON SPECIALTY CARE DIST       ,MSH,2023-11-10,2023-11,2023-Q4,2023,1,7093.38,0.15,14186.76,12058.746
4,2023-11-06,1,McKesson Specialty Care DC,MSH,2023-11-10,2023-11,2023-Q4,2023,1,7093.38,0.15,28373.52,24117.492
17,2023-11-06,1,MCKESSON PLASMA AND BIOLOGICS      ,MPB,2023-11-10,2023-11,2023-Q4,2023,1,7093.38,0.15,120587.46,102499.341
8,2023-11-06,1,MCKESSON PLASMA AND BIOLOGICS      ,MPB,2023-11-10,2023-11,2023-Q4,2023,1,7093.38,0.15,56747.04,48234.984
-6,2023-11-06,0,,,2023-11-10,2023-11,2023-Q4,2023,1,7093.38,0.15,-42560.28,-36176.238
23,2023-11-09,1,ASD HEALTHCARE-BROOKS              ,CENCORA,2023-11-10,2023-11,2023-Q4,2023,1,7093.38,0.15,163147.74,138675.579
14,2023-11-09,1,DOTHAN D AND S                     ,CENCORA,2023-11-10,2023-11,2023-Q4,2023,1,7093.38,0.15,99307.32,84411.222
10,2023-11-09,1,ASD HEALTHCARE - MONTCLAIR,CENCORA,2023-11-10,2023-11,2023-Q4,2023,1,7093.38,0.15,70933.8,60293.73
-5,2023-11-10,0,,,2023-11-10,2023-11,2023-Q4,2023,1,7093.38,0.15,-35466.9,-30146.865
-2,2023-11-10,0,,,2023-11-10,2023-11,2023-Q4,2023,1,7093.38,0.15,-14186.76,-12058.746
-3,2023-11-10,0,,,2023-11-10,2023-11,2023-Q4,2023,1,7093.38,0.15,-21280.14,-18088.119
-2,2023-11-10,0,,,2023-11-10,2023-11,2023-Q4,2023,1,7093.38,0.15,-14186.76,-12058.746
-2,2023-11-10,0,,,2023-11-10,2023-11,2023-Q4,2023,1,7093.38,0.15,-14186.76,-12058.746
-7,2023-11-10,0,MCKESSON SPECIALTY CARE DIST,MSH,2023-11-10,2023-11,2023-Q4,2023,1,7093.38,0.15,-49653.66,-42205.611
-2,2023-11-10,0,MCKESSON SPECIALTY CARE DIST,MSH,2023-11-10,2023-11,2023-Q4,2023,1,7093.38,0.15,-14186.76,-12058.746
-2,2023-11-10,0,MCKESSON SPECIALTY CARE DIST,MSH,2023-11-10,2023-11,2023-Q4,2023,1,7093.38,0.15,-14186.76,-12058.746
2,2023-11-13,1,McKesson Specialty Care DC,MSH,2023-11-17,2023-11,2023-Q4,2023,1,7093.38,0.15,14186.76,12058.746
6,2023-11-13,1,MCKESSON SPECIALTY CARE DIST       ,MSH,2023-11-17,2023-11,2023-Q4,2023,1,7093.38,0.15,42560.28,36176.238
3,2023-11-13,1,MCKESSON SPECIALTY CARE DIST KY,MSH,2023-11-17,2023-11,2023-Q4,2023,1,7093.38,0.15,21280.14,18088.119
50,2023-11-13,1,MCKESSON PLASMA AND BIOLOGICS      ,MPB,2023-11-17,2023-11,2023-Q4,2023,1,7093.38,0.15,354669,301468.65
30,2023-11-13,1,MCKESSON PLASMA AND BIOLOGICS      ,MPB,2023-11-17,2023-11,2023-Q4,2023,1,7093.38,0.15,212801.4,180881.19
-1,2023-11-13,0,,,2023-11-17,2023-11,2023-Q4,2023,1,7093.38,0.15,-7093.38,-6029.373
-2,2023-11-13,0,,,2023-11-17,2023-11,2023-Q4,2023,1,7093.38,0.15,-14186.76,-12058.746
8,2023-11-14,0,,,2023-11-17,2023-11,2023-Q4,2023,1,7093.38,0.15,56747.04,48234.984
16,2023-11-16,1,DOTHAN D AND S                     ,CENCORA,2023-11-17,2023-11,2023-Q4,2023,1,7093.38,0.15,113494.08,96469.968
9,2023-11-16,1,ASD HEALTHCARE - MONTCLAIR,CENCORA,2023-11-17,2023-11,2023-Q4,2023,1,7093.38,0.15,63840.42,54264.357
50,2023-11-16,1,ASD HEALTHCARE-BROOKS              ,CENCORA,2023-11-17,2023-11,2023-Q4,2023,1,7093.38,0.15,354669,301468.65
8,2023-11-16,0,,,2023-11-17,2023-11,2023-Q4,2023,1,7093.38,0.15,56747.04,48234.984
-6,2023-11-17,0,,,2023-11-17,2023-11,2023-Q4,2023,1,7093.38,0.15,-42560.28,-36176.238
9,2023-11-20,1,DOTHAN D AND S                     ,CENCORA,2023-11-24,2023-11,2023-Q4,2023,1,7093.38,0.15,63840.42,54264.357
16,2023-11-20,1,ASD HEALTHCARE-BROOKS              ,CENCORA,2023-11-24,2023-11,2023-Q4,2023,1,7093.38,0.15,113494.08,96469.968
5,2023-11-20,1,ASD HEALTHCARE - MONTCLAIR,CENCORA,2023-11-24,2023-11,2023-Q4,2023,1,7093.38,0.15,35466.9,30146.865
1,2023-11-20,1,MCKESSON SPECIALTY CARE DIST       ,MSH,2023-11-24,2023-11,2023-Q4,2023,1,7093.38,0.15,7093.38,6029.373
3,2023-11-20,1,McKesson Specialty Care DC,MSH,2023-11-24,2023-11,2023-Q4,2023,1,7093.38,0.15,21280.14,18088.119
15,2023-11-20,1,MCKESSON PLASMA AND BIOLOGICS      ,MPB,2023-11-24,2023-11,2023-Q4,2023,1,7093.38,0.15,106400.7,90440.595
37,2023-11-20,1,MCKESSON PLASMA AND BIOLOGICS      ,MPB,2023-11-24,2023-11,2023-Q4,2023,1,7093.38,0.15,262455.06,223086.801
5,2023-11-27,1,McKesson Specialty Care DC,MSH,2023-12-01,2023-11,2023-Q4,2023,1,7093.38,0.15,35466.9,30146.865
3,2023-11-27,1,MCKESSON SPECIALTY CARE DIST KY,MSH,2023-12-01,2023-11,2023-Q4,2023,1,7093.38,0.15,21280.14,18088.119
14,2023-11-27,1,MCKESSON PLASMA AND BIOLOGICS      ,MPB,2023-12-01,2023-11,2023-Q4,2023,1,7093.38,0.15,99307.32,84411.222
50,2023-11-27,1,MCKESSON PLASMA AND BIOLOGICS      ,MPB,2023-12-01,2023-11,2023-Q4,2023,1,7093.38,0.15,354669,301468.65
4,2023-11-29,0,,,2023-12-01,2023-11,2023-Q4,2023,1,7093.38,0.15,28373.52,24117.492
2,2023-12-01,1,ASD HEALTHCARE - MONTCLAIR,CENCORA,2023-12-01,2023-12,2023-Q4,2023,1,7093.38,0.21,14186.76,11207.5404
12,2023-12-01,1,ASD HEALTHCARE-BROOKS              ,CENCORA,2023-12-01,2023-12,2023-Q4,2023,1,7093.38,0.21,85120.56,67245.2424
10,2023-12-01,1,DOTHAN D AND S                     ,CENCORA,2023-12-01,2023-12,2023-Q4,2023,1,7093.38,0.21,70933.8,56037.702
2,2023-12-04,1,McKesson Specialty Care DC,MSH,2023-12-08,2023-12,2023-Q4,2023,1,7093.38,0.21,14186.76,11207.5404
10,2023-12-04,1,MCKESSON PLASMA AND BIOLOGICS      ,MPB,2023-12-08,2023-12,2023-Q4,2023,1,7093.38,0.21,70933.8,56037.702
5,2023-12-07,1,DOTHAN D AND S                     ,CENCORA,2023-12-08,2023-12,2023-Q4,2023,1,7093.38,0.21,35466.9,28018.851
5,2023-12-07,1,ASD HEALTHCARE - MONTCLAIR,CENCORA,2023-12-08,2023-12,2023-Q4,2023,1,7093.38,0.21,35466.9,28018.851
50,2023-12-07,1,ASD HEALTHCARE-BROOKS              ,CENCORA,2023-12-08,2023-12,2023-Q4,2023,1,7093.38,0.21,354669,280188.51
12,2023-12-07,0,,,2023-12-08,2023-12,2023-Q4,2023,1,7093.38,0.21,85120.56,67245.2424
1,2023-12-11,1,MCKESSON SPECIALTY CARE DIST       ,MSH,2023-12-15,2023-12,2023-Q4,2023,1,7093.38,0.21,7093.38,5603.7702
5,2023-12-11,1,McKesson Specialty Care DC,MSH,2023-12-15,2023-12,2023-Q4,2023,1,7093.38,0.21,35466.9,28018.851
2,2023-12-11,1,MCKESSON SPECIALTY CARE DIST KY,MSH,2023-12-15,2023-12,2023-Q4,2023,1,7093.38,0.21,14186.76,11207.5404
50,2023-12-11,1,MCKESSON PLASMA AND BIOLOGICS      ,MPB,2023-12-15,2023-12,2023-Q4,2023,1,7093.38,0.21,354669,280188.51
25,2023-12-11,1,MCKESSON PLASMA AND BIOLOGICS      ,MPB,2023-12-15,2023-12,2023-Q4,2023,1,7093.38,0.21,177334.5,140094.255
4,2023-12-11,0,,,2023-12-15,2023-12,2023-Q4,2023,1,7093.38,0.21,28373.52,22415.0808
3,2023-12-14,1,ASD HEALTHCARE - MONTCLAIR,CENCORA,2023-12-15,2023-12,2023-Q4,2023,1,7093.38,0.21,21280.14,16811.3106
12,2023-12-14,1,DOTHAN D AND S                     ,CENCORA,2023-12-15,2023-12,2023-Q4,2023,1,7093.38,0.21,85120.56,67245.2424
6,2023-12-18,1,McKesson Specialty Care DC,MSH,2023-12-22,2023-12,2023-Q4,2023,1,7093.38,0.21,42560.28,33622.6212
25,2023-12-18,1,MCKESSON PLASMA AND BIOLOGICS      ,MPB,2023-12-22,2023-12,2023-Q4,2023,1,7093.38,0.21,177334.5,140094.255
3,2023-12-19,1,MCKESSON SPECIALTY CARE DIST KY,MSH,2023-12-22,2023-12,2023-Q4,2023,1,7093.38,0.21,21280.14,16811.3106
4,2023-12-20,0,,,2023-12-22,2023-12,2023-Q4,2023,1,7093.38,0.21,28373.52,22415.0808
2,2023-12-21,1,ASD HEALTHCARE-BROOKS              ,CENCORA,2023-12-22,2023-12,2023-Q4,2023,1,7093.38,0.21,14186.76,11207.5404
12,2023-12-21,1,DOTHAN D AND S                     ,CENCORA,2023-12-22,2023-12,2023-Q4,2023,1,7093.38,0.21,85120.56,67245.2424
2,2023-12-21,1,ASD HEALTHCARE - MONTCLAIR,CENCORA,2023-12-22,2023-12,2023-Q4,2023,1,7093.38,0.21,14186.76,11207.5404
-4,2023-12-22,0,,,2023-12-22,2023-12,2023-Q4,2023,1,7093.38,0.21,-28373.52,-22415.0808
2,2023-12-26,1,McKesson Specialty Care DC,MSH,2023-12-29,2023-12,2023-Q4,2023,1,7093.38,0.21,14186.76,11207.5404
22,2023-12-26,1,MCKESSON PLASMA AND BIOLOGICS      ,MPB,2023-12-29,2023-12,2023-Q4,2023,1,7093.38,0.21,156054.36,123282.9444
-3,2023-12-27,0,,,2023-12-29,2023-12,2023-Q4,2023,1,7093.38,0.21,-21280.14,-16811.3106
-2,2023-12-27,0,,,2023-12-29,2023-12,2023-Q4,2023,1,7093.38,0.21,-14186.76,-11207.5404
12,2023-12-28,1,ASD HEALTHCARE-BROOKS              ,CENCORA,2023-12-29,2023-12,2023-Q4,2023,1,7093.38,0.21,85120.56,67245.2424
6,2023-12-28,1,ASD HEALTHCARE - MONTCLAIR,CENCORA,2023-12-29,2023-12,2023-Q4,2023,1,7093.38,0.21,42560.28,33622.6212
2,2024-01-02,1,McKesson Specialty Care DC,MSH,2024-01-05,2024-01,2024-Q1,2024,1,7412.58,0.165,14825.16,12379.0086
50,2024-01-02,1,MCKESSON PLASMA AND BIOLOGICS      ,MPB,2024-01-05,2024-01,2024-Q1,2024,1,7412.58,0.165,370629,309475.215
30,2024-01-02,1,MCKESSON PLASMA AND BIOLOGICS      ,MPB,2024-01-05,2024-01,2024-Q1,2024,1,7412.58,0.165,222377.4,185685.129
6,2024-01-02,0,,,2024-01-05,2024-01,2024-Q1,2024,1,7412.58,0.165,44475.48,37137.0258
13,2024-01-04,1,DOTHAN D AND S                     ,CENCORA,2024-01-05,2024-01,2024-Q1,2024,1,7412.58,0.165,96363.54,80463.5559
3,2024-01-04,1,ASD HEALTHCARE-BROOKS              ,CENCORA,2024-01-05,2024-01,2024-Q1,2024,1,7412.58,0.165,22237.74,18568.5129
8,2024-01-08,1,McKesson Specialty Care DC,MSH,2024-01-12,2024-01,2024-Q1,2024,1,7412.58,0.165,59300.64,49516.0344
4,2024-01-09,0,,,2024-01-12,2024-01,2024-Q1,2024,1,7412.58,0.165,29650.32,24758.0172
-3,2024-01-10,0,MCKESSON SPECIALTY CARE DIST KY,MSH,2024-01-12,2024-01,2024-Q1,2024,1,7412.58,0.165,-22237.74,-18568.5129
2,2024-01-11,1,ASD HEALTHCARE - MONTCLAIR,CENCORA,2024-01-12,2024-01,2024-Q1,2024,1,7412.58,0.165,14825.16,12379.0086
18,2024-01-11,1,ASD HEALTHCARE-BROOKS              ,CENCORA,2024-01-12,2024-01,2024-Q1,2024,1,7412.58,0.165,133426.44,111411.0774
11,2024-01-11,1,DOTHAN D AND S                     ,CENCORA,2024-01-12,2024-01,2024-Q1,2024,1,7412.58,0.165,81538.38,68084.5473
10,2024-01-17,1,McKesson Specialty Care DC,MSH,2024-01-19,2024-01,2024-Q1,2024,1,7412.58,0.165,74125.8,61895.043
30,2024-01-17,1,MCKESSON PLASMA AND BIOLOGICS      ,MPB,2024-01-19,2024-01,2024-Q1,2024,1,7412.58,0.165,222377.4,185685.129
50,2024-01-18,0,MCKESSON PLASMA AND BIOLOGICS      ,MPB,2024-01-19,2024-01,2024-Q1,2024,1,7412.58,0.165,370629,309475.215
-50,2024-01-18,0,MCKESSON PLASMA AND BIOLOGICS      ,MPB,2024-01-19,2024-01,2024-Q1,2024,1,7412.58,0.165,-370629,-309475.215
-30,2024-01-18,0,MCKESSON PLASMA AND BIOLOGICS      ,MPB,2024-01-19,2024-01,2024-Q1,2024,1,7412.58,0.165,-222377.4,-185685.129
30,2024-01-18,0,MCKESSON PLASMA AND BIOLOGICS      ,MPB,2024-01-19,2024-01,2024-Q1,2024,1,7412.58,0.165,222377.4,185685.129
-2,2024-01-18,0,McKesson Specialty Care DC,MSH,2024-01-19,2024-01,2024-Q1,2024,1,7412.58,0.165,-14825.16,-12379.0086
2,2024-01-18,0,McKesson Specialty Care DC,MSH,2024-01-19,2024-01,2024-Q1,2024,1,7412.58,0.165,14825.16,12379.0086
25,2024-01-18,1,ASD HEALTHCARE-BROOKS              ,CENCORA,2024-01-19,2024-01,2024-Q1,2024,1,7412.58,0.165,185314.5,154737.6075
7,2024-01-18,1,DOTHAN D AND S                     ,CENCORA,2024-01-19,2024-01,2024-Q1,2024,1,7412.58,0.165,51888.06,43326.5301
0,2024-01-18,0,,,2024-01-19,2024-01,2024-Q1,2024,1,7412.58,0.165,0,0
8,2024-01-18,0,,,2024-01-19,2024-01,2024-Q1,2024,1,7412.58,0.165,59300.64,49516.0344
2,2024-01-18,0,,,2024-01-19,2024-01,2024-Q1,2024,1,7412.58,0.165,14825.16,12379.0086
5,2024-01-22,1,MCKESSON SPECIALTY CARE DIST KY,MSH,2024-01-26,2024-01,2024-Q1,2024,1,7412.58,0.165,37062.9,30947.5215
2,2024-01-22,1,MCKESSON SPECIALTY CARE DIST       ,MSH,2024-01-26,2024-01,2024-Q1,2024,1,7412.58,0.165,14825.16,12379.0086
5,2024-01-25,1,DOTHAN D AND S                     ,CENCORA,2024-01-26,2024-01,2024-Q1,2024,1,7412.58,0.165,37062.9,30947.5215
23,2024-01-25,1,ASD HEALTHCARE-BROOKS              ,CENCORA,2024-01-26,2024-01,2024-Q1,2024,1,7412.58,0.165,170489.34,142358.5989
3,2024-01-29,1,MCKESSON SPECIALTY CARE DIST       ,MSH,2024-02-02,2024-01,2024-Q1,2024,1,7412.58,0.165,22237.74,18568.5129
8,2024-01-29,1,McKesson Specialty Care DC,MSH,2024-02-02,2024-01,2024-Q1,2024,1,7412.58,0.165,59300.64,49516.0344
2,2024-01-29,1,MCKESSON SPECIALTY CARE DIST KY,MSH,2024-02-02,2024-01,2024-Q1,2024,1,7412.58,0.165,14825.16,12379.0086
17,2024-01-29,1,MCKESSON PLASMA AND BIOLOGICS      ,MPB,2024-02-02,2024-01,2024-Q1,2024,1,7412.58,0.165,126013.86,105221.5731
8,2024-02-01,0,,,2024-02-02,2024-02,2024-Q1,2024,1,7412.58,0.165,59300.64,49516.0344
10,2024-02-01,0,,,2024-02-02,2024-02,2024-Q1,2024,1,7412.58,0.165,74125.8,61895.043
9,2024-02-01,1,DOTHAN D AND S                     ,CENCORA,2024-02-02,2024-02,2024-Q1,2024,1,7412.58,0.165,66713.22,55705.5387
5,2024-02-01,1,ASD HEALTHCARE-BROOKS              ,CENCORA,2024-02-02,2024-02,2024-Q1,2024,1,7412.58,0.165,37062.9,30947.5215
5,2024-02-05,1,McKesson Specialty Care DC,MSH,2024-02-09,2024-02,2024-Q1,2024,1,7412.58,0.165,37062.9,30947.5215
6,2024-02-05,1,MCKESSON PLASMA AND BIOLOGICS      ,MPB,2024-02-09,2024-02,2024-Q1,2024,1,7412.58,0.165,44475.48,37137.0258
30,2024-02-05,1,MCKESSON PLASMA AND BIOLOGICS      ,MPB,2024-02-09,2024-02,2024-Q1,2024,1,7412.58,0.165,222377.4,185685.129
4,2024-02-07,1,MCKESSON SPECIALTY CARE DIST       ,MSH,2024-02-09,2024-02,2024-Q1,2024,1,7412.58,0.165,29650.32,24758.0172
2,2024-02-07,0,,,2024-02-09,2024-02,2024-Q1,2024,1,7412.58,0.165,14825.16,12379.0086
8,2024-02-08,1,DOTHAN D AND S                     ,CENCORA,2024-02-09,2024-02,2024-Q1,2024,1,7412.58,0.165,59300.64,49516.0344
14,2024-02-08,1,ASD HEALTHCARE-BROOKS              ,CENCORA,2024-02-09,2024-02,2024-Q1,2024,1,7412.58,0.165,103776.12,86653.0602
2,2024-02-12,1,MCKESSON SPECIALTY CARE DIST       ,MSH,2024-02-16,2024-02,2024-Q1,2024,1,7412.58,0.165,14825.16,12379.0086
2,2024-02-12,1,MCKESSON SPECIALTY CARE DIST KY,MSH,2024-02-16,2024-02,2024-Q1,2024,1,7412.58,0.165,14825.16,12379.0086
14,2024-02-14,1,MCKESSON PLASMA AND BIOLOGICS      ,MPB,2024-02-16,2024-02,2024-Q1,2024,1,7412.58,0.165,103776.12,86653.0602
13,2024-02-14,1,MCKESSON PLASMA AND BIOLOGICS      ,MPB,2024-02-16,2024-02,2024-Q1,2024,1,7412.58,0.165,96363.54,80463.5559
9,2024-02-15,1,DOTHAN D AND S                     ,CENCORA,2024-02-16,2024-02,2024-Q1,2024,1,7412.58,0.165,66713.22,55705.5387
21,2024-02-15,1,ASD HEALTHCARE-BROOKS              ,CENCORA,2024-02-16,2024-02,2024-Q1,2024,1,7412.58,0.165,155664.18,129979.5903
-21,2024-02-16,0,,,2024-02-16,2024-02,2024-Q1,2024,1,7412.58,0.165,-155664.18,-129979.5903
11,2024-02-20,1,McKesson Specialty Care DC,MSH,2024-02-23,2024-02,2024-Q1,2024,1,7412.58,0.165,81538.38,68084.5473
1,2024-02-20,1,MCKESSON SPECIALTY CARE DIST       ,MSH,2024-02-23,2024-02,2024-Q1,2024,1,7412.58,0.165,7412.58,6189.5043
2,2024-02-20,1,MCKESSON SPECIALTY CARE DIST KY,MSH,2024-02-23,2024-02,2024-Q1,2024,1,7412.58,0.165,14825.16,12379.0086
9,2024-02-20,1,MCKESSON PLASMA AND BIOLOGICS      ,MPB,2024-02-23,2024-02,2024-Q1,2024,1,7412.58,0.165,66713.22,55705.5387
16,2024-02-20,1,MCKESSON PLASMA AND BIOLOGICS      ,MPB,2024-02-23,2024-02,2024-Q1,2024,1,7412.58,0.165,118601.28,99032.0688
16,2024-02-22,1,ASD HEALTHCARE-BROOKS              ,CENCORA,2024-02-23,2024-02,2024-Q1,2024,1,7412.58,0.165,118601.28,99032.0688
9,2024-02-22,1,DOTHAN D AND S                     ,CENCORA,2024-02-23,2024-02,2024-Q1,2024,1,7412.58,0.165,66713.22,55705.5387
8,2024-02-26,1,McKesson Specialty Care DC,MSH,2024-03-01,2024-02,2024-Q1,2024,1,7412.58,0.165,59300.64,49516.0344
10,2024-02-26,1,MCKESSON PLASMA AND BIOLOGICS      ,MPB,2024-03-01,2024-02,2024-Q1,2024,1,7412.58,0.165,74125.8,61895.043
18,2024-02-27,1,MCKESSON PLASMA AND BIOLOGICS      ,MPB,2024-03-01,2024-02,2024-Q1,2024,1,7412.58,0.165,133426.44,111411.0774
8,2024-03-01,1,DOTHAN D AND S                     ,CENCORA,2024-03-01,2024-03,2024-Q1,2024,1,7412.58,0.173,59300.64,49041.62928
50,2024-03-01,1,ASD HEALTHCARE-BROOKS              ,CENCORA,2024-03-01,2024-03,2024-Q1,2024,1,7412.58,0.173,370629,306510.183
3,2024-03-04,1,MCKESSON SPECIALTY CARE DIST       ,MSH,2024-03-08,2024-03,2024-Q1,2024,1,7412.58,0.173,22237.74,18390.61098
2,2024-03-04,1,MCKESSON SPECIALTY CARE DIST KY,MSH,2024-03-08,2024-03,2024-Q1,2024,1,7412.58,0.173,14825.16,12260.40732
4,2024-03-04,1,MCKESSON PLASMA AND BIOLOGICS      ,MPB,2024-03-08,2024-03,2024-Q1,2024,1,7412.58,0.173,29650.32,24520.81464
8,2024-03-04,1,MCKESSON PLASMA AND BIOLOGICS      ,MPB,2024-03-08,2024-03,2024-Q1,2024,1,7412.58,0.173,59300.64,49041.62928
19,2024-03-07,1,ASD HEALTHCARE-BROOKS              ,CENCORA,2024-03-08,2024-03,2024-Q1,2024,1,7412.58,0.173,140839.02,116473.8695
10,2024-03-07,1,DOTHAN D AND S                     ,CENCORA,2024-03-08,2024-03,2024-Q1,2024,1,7412.58,0.173,74125.8,61302.0366
2,2024-03-11,1,MCKESSON SPECIALTY CARE DIST KY,MSH,2024-03-15,2024-03,2024-Q1,2024,1,7412.58,0.173,14825.16,12260.40732
4,2024-03-11,1,MCKESSON PLASMA AND BIOLOGICS      ,MPB,2024-03-15,2024-03,2024-Q1,2024,1,7412.58,0.173,29650.32,24520.81464
30,2024-03-11,1,MCKESSON PLASMA AND BIOLOGICS      ,MPB,2024-03-15,2024-03,2024-Q1,2024,1,7412.58,0.173,222377.4,183906.1098
11,2024-03-14,1,DOTHAN D AND S                     ,CENCORA,2024-03-15,2024-03,2024-Q1,2024,1,7412.58,0.173,81538.38,67432.24026
10,2024-03-14,1,ASD HEALTHCARE - MONTCLAIR,CENCORA,2024-03-15,2024-03,2024-Q1,2024,1,7412.58,0.173,74125.8,61302.0366
50,2024-03-14,1,ASD HEALTHCARE-BROOKS              ,CENCORA,2024-03-15,2024-03,2024-Q1,2024,1,7412.58,0.173,370629,306510.183
8,2024-03-15,0,,,2024-03-15,2024-03,2024-Q1,2024,1,7412.58,0.173,59300.64,49041.62928
3,2024-03-18,1,MCKESSON SPECIALTY CARE DIST       ,MSH,2024-03-22,2024-03,2024-Q1,2024,1,7412.58,0.173,22237.74,18390.61098
31,2024-03-18,1,MCKESSON PLASMA AND BIOLOGICS      ,MPB,2024-03-22,2024-03,2024-Q1,2024,1,7412.58,0.173,229789.98,190036.3135
25,2024-03-18,1,MCKESSON PLASMA AND BIOLOGICS      ,MPB,2024-03-22,2024-03,2024-Q1,2024,1,7412.58,0.173,185314.5,153255.0915
22,2024-03-21,1,ASD HEALTHCARE-BROOKS              ,CENCORA,2024-03-22,2024-03,2024-Q1,2024,1,7412.58,0.173,163076.76,134864.4805
7,2024-03-21,1,DOTHAN D AND S                     ,CENCORA,2024-03-22,2024-03,2024-Q1,2024,1,7412.58,0.173,51888.06,42911.42562
3,2024-03-21,1,ASD HEALTHCARE - MONTCLAIR,CENCORA,2024-03-22,2024-03,2024-Q1,2024,1,7412.58,0.173,22237.74,18390.61098
4,2024-03-25,1,McKesson Specialty Care DC,MSH,2024-03-29,2024-03,2024-Q1,2024,1,7412.58,0.173,29650.32,24520.81464
4,2024-03-25,1,MCKESSON SPECIALTY CARE DIST       ,MSH,2024-03-29,2024-03,2024-Q1,2024,1,7412.58,0.173,29650.32,24520.81464
2,2024-03-25,1,MCKESSON SPECIALTY CARE DIST KY,MSH,2024-03-29,2024-03,2024-Q1,2024,1,7412.58,0.173,14825.16,12260.40732
13,2024-03-25,1,MCKESSON PLASMA AND BIOLOGICS      ,MPB,2024-03-29,2024-03,2024-Q1,2024,1,7412.58,0.173,96363.54,79692.64758
17,2024-03-28,1,DOTHAN D AND S                     ,CENCORA,2024-03-29,2024-03,2024-Q1,2024,1,7412.58,0.173,126013.86,104213.4622
8,2024-03-28,1,ASD HEALTHCARE-BROOKS              ,CENCORA,2024-03-29,2024-03,2024-Q1,2024,1,7412.58,0.173,59300.64,49041.62928
6,2024-03-28,1,ASD HEALTHCARE - MONTCLAIR,CENCORA,2024-03-29,2024-03,2024-Q1,2024,1,7412.58,0.173,44475.48,36781.22196
6,2024-04-01,1,McKesson Specialty Care DC,MSH,2024-04-05,2024-04,2024-Q2,2024,1,7412.58,0.165,44475.48,37137.0258
2,2024-04-01,1,MCKESSON SPECIALTY CARE DIST KY,MSH,2024-04-05,2024-04,2024-Q2,2024,1,7412.58,0.165,14825.16,12379.0086
17,2024-04-01,1,MCKESSON PLASMA AND BIOLOGICS      ,MPB,2024-04-05,2024-04,2024-Q2,2024,1,7412.58,0.165,126013.86,105221.5731
8,2024-04-01,1,MCKESSON PLASMA AND BIOLOGICS      ,MPB,2024-04-05,2024-04,2024-Q2,2024,1,7412.58,0.165,59300.64,49516.0344
16,2024-04-04,1,ASD HEALTHCARE-BROOKS              ,CENCORA,2024-04-05,2024-04,2024-Q2,2024,1,7412.58,0.165,118601.28,99032.0688
12,2024-04-04,1,DOTHAN D AND S                     ,CENCORA,2024-04-05,2024-04,2024-Q2,2024,1,7412.58,0.165,88950.96,74274.0516
9,2024-04-04,1,ASD HEALTHCARE - MONTCLAIR,CENCORA,2024-04-05,2024-04,2024-Q2,2024,1,7412.58,0.165,66713.22,55705.5387
4,2024-04-08,1,McKesson Specialty Care DC,MSH,2024-04-12,2024-04,2024-Q2,2024,1,7412.58,0.165,29650.32,24758.0172
6,2024-04-08,1,MCKESSON PLASMA AND BIOLOGICS      ,MPB,2024-04-12,2024-04,2024-Q2,2024,1,7412.58,0.165,44475.48,37137.0258
15,2024-04-08,1,MCKESSON PLASMA AND BIOLOGICS      ,MPB,2024-04-12,2024-04,2024-Q2,2024,1,7412.58,0.165,111188.7,92842.5645
8,2024-04-11,1,ASD HEALTHCARE - MONTCLAIR,CENCORA,2024-04-12,2024-04,2024-Q2,2024,1,7412.58,0.165,59300.64,49516.0344
8,2024-04-11,1,DOTHAN D AND S                     ,CENCORA,2024-04-12,2024-04,2024-Q2,2024,1,7412.58,0.165,59300.64,49516.0344
50,2024-04-11,1,ASD HEALTHCARE-BROOKS              ,CENCORA,2024-04-12,2024-04,2024-Q2,2024,1,7412.58,0.165,370629,309475.215
10,2024-04-11,0,,,2024-04-12,2024-04,2024-Q2,2024,1,7412.58,0.165,74125.8,61895.043
6,2024-04-15,1,MCKESSON SPECIALTY CARE DIST       ,MSH,2024-04-19,2024-04,2024-Q2,2024,1,7412.58,0.165,44475.48,37137.0258
5,2024-04-15,1,McKesson Specialty Care DC,MSH,2024-04-19,2024-04,2024-Q2,2024,1,7412.58,0.165,37062.9,30947.5215
2,2024-04-15,1,MCKESSON SPECIALTY CARE DIST KY,MSH,2024-04-19,2024-04,2024-Q2,2024,1,7412.58,0.165,14825.16,12379.0086
10,2024-04-15,0,,,2024-04-19,2024-04,2024-Q2,2024,1,7412.58,0.165,74125.8,61895.043
50,2024-04-15,1,MCKESSON PLASMA AND BIOLOGICS      ,MPB,2024-04-19,2024-04,2024-Q2,2024,1,7412.58,0.165,370629,309475.215
8,2024-04-18,1,ASD HEALTHCARE - MONTCLAIR,CENCORA,2024-04-19,2024-04,2024-Q2,2024,1,7412.58,0.165,59300.64,49516.0344
13,2024-04-18,1,DOTHAN D AND S                     ,CENCORA,2024-04-19,2024-04,2024-Q2,2024,1,7412.58,0.165,96363.54,80463.5559
10,2024-04-18,1,McKesson Specialty Care DC,MSH,2024-04-19,2024-04,2024-Q2,2024,1,7412.58,0.165,74125.8,61895.043
2,2024-04-22,1,MCKESSON SPECIALTY CARE DIST       ,MSH,2024-04-26,2024-04,2024-Q2,2024,1,7412.58,0.165,14825.16,12379.0086
3,2024-04-22,1,McKesson Specialty Care DC,MSH,2024-04-26,2024-04,2024-Q2,2024,1,7412.58,0.165,22237.74,18568.5129
50,2024-04-22,1,MCKESSON PLASMA AND BIOLOGICS      ,MPB,2024-04-26,2024-04,2024-Q2,2024,1,7412.58,0.165,370629,309475.215
-2,2024-04-23,0,,,2024-04-26,2024-04,2024-Q2,2024,1,7412.58,0.165,-14825.16,-12379.0086
6,2024-04-25,1,ASD HEALTHCARE - MONTCLAIR,CENCORA,2024-04-26,2024-04,2024-Q2,2024,1,7412.58,0.165,44475.48,37137.0258
16,2024-04-25,1,DOTHAN D AND S                     ,CENCORA,2024-04-26,2024-04,2024-Q2,2024,1,7412.58,0.165,118601.28,99032.0688
5,2024-04-25,1,ASD HEALTHCARE-BROOKS              ,CENCORA,2024-04-26,2024-04,2024-Q2,2024,1,7412.58,0.165,37062.9,30947.5215
4,2024-04-29,1,MCKESSON SPECIALTY CARE DIST KY,MSH,2024-05-03,2024-04,2024-Q2,2024,1,7412.58,0.165,29650.32,24758.0172
20,2024-04-29,1,MCKESSON PLASMA AND BIOLOGICS      ,MPB,2024-05-03,2024-04,2024-Q2,2024,1,7412.58,0.165,148251.6,123790.086
-2,2024-04-30,0,,,2024-05-03,2024-04,2024-Q2,2024,1,7412.58,0.165,-14825.16,-12379.0086
-8,2024-04-30,0,,,2024-05-03,2024-04,2024-Q2,2024,1,7412.58,0.165,-59300.64,-49516.0344
-1,2024-04-30,0,,,2024-05-03,2024-04,2024-Q2,2024,1,7412.58,0.165,-7412.58,-6189.5043
-1,2024-04-30,0,,,2024-05-03,2024-04,2024-Q2,2024,1,7412.58,0.165,-7412.58,-6189.5043
-5,2024-04-30,0,,,2024-05-03,2024-04,2024-Q2,2024,1,7412.58,0.165,-37062.9,-30947.5215
-9,2024-04-30,0,,,2024-05-03,2024-04,2024-Q2,2024,1,7412.58,0.165,-66713.22,-55705.5387
12,2024-05-02,1,ASD HEALTHCARE - MONTCLAIR,CENCORA,2024-05-03,2024-05,2024-Q2,2024,1,7412.58,0.165,88950.96,74274.0516
20,2024-05-02,1,ASD HEALTHCARE-BROOKS              ,CENCORA,2024-05-03,2024-05,2024-Q2,2024,1,7412.58,0.165,148251.6,123790.086
10,2024-05-02,1,DOTHAN D AND S                     ,CENCORA,2024-05-03,2024-05,2024-Q2,2024,1,7412.58,0.165,74125.8,61895.043
4,2024-05-06,1,McKesson Specialty Care DC,MSH,2024-05-10,2024-05,2024-Q2,2024,1,7412.58,0.165,29650.32,24758.0172
7,2024-05-06,1,MCKESSON SPECIALTY CARE DIST       ,MSH,2024-05-10,2024-05,2024-Q2,2024,1,7412.58,0.165,51888.06,43326.5301
14,2024-05-06,1,MCKESSON PLASMA AND BIOLOGICS      ,MPB,2024-05-10,2024-05,2024-Q2,2024,1,7412.58,0.165,103776.12,86653.0602
-15,2024-05-07,0,,,2024-05-10,2024-05,2024-Q2,2024,1,7412.58,0.165,-111188.7,-92842.5645
-3,2024-05-07,0,,,2024-05-10,2024-05,2024-Q2,2024,1,7412.58,0.165,-22237.74,-18568.5129
-6,2024-05-08,0,,,2024-05-10,2024-05,2024-Q2,2024,1,7412.58,0.165,-44475.48,-37137.0258
12,2024-05-09,1,DOTHAN D AND S                     ,CENCORA,2024-05-10,2024-05,2024-Q2,2024,1,7412.58,0.165,88950.96,74274.0516
25,2024-05-09,1,ASD HEALTHCARE-BROOKS              ,CENCORA,2024-05-10,2024-05,2024-Q2,2024,1,7412.58,0.165,185314.5,154737.6075
3,2024-05-09,1,ASD HEALTHCARE - MONTCLAIR,CENCORA,2024-05-10,2024-05,2024-Q2,2024,1,7412.58,0.165,22237.74,18568.5129
6,2024-05-09,1,MCKESSON SPECIALTY CARE DIST KY,MSH,2024-05-10,2024-05,2024-Q2,2024,1,7412.58,0.165,44475.48,37137.0258
3,2024-05-13,1,McKesson Specialty Care DC,MSH,2024-05-17,2024-05,2024-Q2,2024,1,7412.58,0.165,22237.74,18568.5129
2,2024-05-13,1,MCKESSON SPECIALTY CARE DIST KY,MSH,2024-05-17,2024-05,2024-Q2,2024,1,7412.58,0.165,14825.16,12379.0086
4,2024-05-13,1,MCKESSON PLASMA AND BIOLOGICS      ,MPB,2024-05-17,2024-05,2024-Q2,2024,1,7412.58,0.165,29650.32,24758.0172
50,2024-05-13,1,MCKESSON PLASMA AND BIOLOGICS      ,MPB,2024-05-17,2024-05,2024-Q2,2024,1,7412.58,0.165,370629,309475.215
50,2024-05-16,1,ASD HEALTHCARE-BROOKS              ,CENCORA,2024-05-17,2024-05,2024-Q2,2024,1,7412.58,0.165,370629,309475.215
10,2024-05-16,1,ASD HEALTHCARE - MONTCLAIR,CENCORA,2024-05-17,2024-05,2024-Q2,2024,1,7412.58,0.165,74125.8,61895.043
12,2024-05-16,1,DOTHAN D AND S                     ,CENCORA,2024-05-17,2024-05,2024-Q2,2024,1,7412.58,0.165,88950.96,74274.0516
2,2024-05-20,1,MCKESSON SPECIALTY CARE DIST       ,MSH,2024-05-24,2024-05,2024-Q2,2024,1,7412.58,0.165,14825.16,12379.0086
3,2024-05-20,1,MCKESSON SPECIALTY CARE DIST KY,MSH,2024-05-24,2024-05,2024-Q2,2024,1,7412.58,0.165,22237.74,18568.5129
4,2024-05-20,1,McKesson Specialty Care DC,MSH,2024-05-24,2024-05,2024-Q2,2024,1,7412.58,0.165,29650.32,24758.0172
17,2024-05-20,1,MCKESSON PLASMA AND BIOLOGICS      ,MPB,2024-05-24,2024-05,2024-Q2,2024,1,7412.58,0.165,126013.86,105221.5731
18,2024-05-23,1,DOTHAN D AND S                     ,CENCORA,2024-05-24,2024-05,2024-Q2,2024,1,7412.58,0.165,133426.44,111411.0774
11,2024-05-23,1,ASD HEALTHCARE - MONTCLAIR,CENCORA,2024-05-24,2024-05,2024-Q2,2024,1,7412.58,0.165,81538.38,68084.5473
11,2024-05-28,1,McKesson Specialty Care DC,MSH,2024-05-31,2024-05,2024-Q2,2024,1,7412.58,0.165,81538.38,68084.5473
50,2024-05-28,1,MCKESSON PLASMA AND BIOLOGICS      ,MPB,2024-05-31,2024-05,2024-Q2,2024,1,7412.58,0.165,370629,309475.215
31,2024-05-28,1,MCKESSON PLASMA AND BIOLOGICS      ,MPB,2024-05-31,2024-05,2024-Q2,2024,1,7412.58,0.165,229789.98,191874.6333
4,2024-05-28,1,TANNERGAP INC,TANNERGAP,2024-05-31,2024-05,2024-Q2,2024,1,7412.58,0.165,29650.32,24758.0172
14,2024-05-30,1,DOTHAN D AND S                     ,CENCORA,2024-05-31,2024-05,2024-Q2,2024,1,7412.58,0.165,103776.12,86653.0602
11,2024-05-30,1,ASD HEALTHCARE-BROOKS              ,CENCORA,2024-05-31,2024-05,2024-Q2,2024,1,7412.58,0.165,81538.38,68084.5473
18,2024-06-03,1,McKesson Specialty Care DC,MSH,2024-06-07,2024-06,2024-Q2,2024,1,7412.58,0.413,133426.44,78321.32028
8,2024-06-03,1,MCKESSON SPECIALTY CARE DIST KY,MSH,2024-06-07,2024-06,2024-Q2,2024,1,7412.58,0.413,59300.64,34809.47568
20,2024-06-03,1,MCKESSON PLASMA AND BIOLOGICS      ,MPB,2024-06-07,2024-06,2024-Q2,2024,1,7412.58,0.413,148251.6,87023.6892
-1,2024-06-05,0,MCKESSON SPECIALTY CARE DIST       ,MSH,2024-06-07,2024-06,2024-Q2,2024,1,7412.58,0.413,-7412.58,-4351.18446
11,2024-06-06,1,ASD HEALTHCARE - MONTCLAIR,CENCORA,2024-06-07,2024-06,2024-Q2,2024,1,7412.58,0.413,81538.38,47863.02906
15,2024-06-06,1,ASD HEALTHCARE-BROOKS              ,CENCORA,2024-06-07,2024-06,2024-Q2,2024,1,7412.58,0.413,111188.7,65267.7669
13,2024-06-06,1,DOTHAN D AND S                     ,CENCORA,2024-06-07,2024-06,2024-Q2,2024,1,7412.58,0.413,96363.54,56565.39798
50,2024-06-10,1,MCKESSON PLASMA AND BIOLOGICS      ,MPB,2024-06-14,2024-06,2024-Q2,2024,1,7412.58,0.413,370629,217559.223
6,2024-06-11,1,McKesson Specialty Care DC,MSH,2024-06-14,2024-06,2024-Q2,2024,1,7412.58,0.413,44475.48,26107.10676
2,2024-06-11,1,MCKESSON SPECIALTY CARE DIST KY,MSH,2024-06-14,2024-06,2024-Q2,2024,1,7412.58,0.413,14825.16,8702.36892
6,2024-06-13,1,DOTHAN D AND S                     ,CENCORA,2024-06-14,2024-06,2024-Q2,2024,1,7412.58,0.413,44475.48,26107.10676
12,2024-06-13,1,ASD HEALTHCARE-BROOKS              ,CENCORA,2024-06-14,2024-06,2024-Q2,2024,1,7412.58,0.413,88950.96,52214.21352
2,2024-06-13,1,ASD HEALTHCARE - MONTCLAIR,CENCORA,2024-06-14,2024-06,2024-Q2,2024,1,7412.58,0.413,14825.16,8702.36892
19,2024-06-17,1,MCKESSON PLASMA AND BIOLOGICS      ,MPB,2024-06-21,2024-06,2024-Q2,2024,1,7412.58,0.413,140839.02,82672.50474
-2,2024-06-19,0,,,2024-06-21,2024-06,2024-Q2,2024,1,7412.58,0.413,-14825.16,-8702.36892
3,2024-06-20,1,ASD HEALTHCARE - MONTCLAIR,CENCORA,2024-06-21,2024-06,2024-Q2,2024,1,7412.58,0.413,22237.74,13053.55338
12,2024-06-20,1,DOTHAN D AND S                     ,CENCORA,2024-06-21,2024-06,2024-Q2,2024,1,7412.58,0.413,88950.96,52214.21352
18,2024-06-20,1,ASD HEALTHCARE-BROOKS              ,CENCORA,2024-06-21,2024-06,2024-Q2,2024,1,7412.58,0.413,133426.44,78321.32028
7,2024-06-24,1,MCKESSON SPECIALTY CARE DIST KY,MSH,2024-06-28,2024-06,2024-Q2,2024,1,7412.58,0.413,51888.06,30458.29122
26,2024-06-24,1,McKesson Specialty Care DC,MSH,2024-06-28,2024-06,2024-Q2,2024,1,7412.58,0.413,192727.08,113130.796
5,2024-06-24,1,MCKESSON SPECIALTY CARE DIST       ,MSH,2024-06-28,2024-06,2024-Q2,2024,1,7412.58,0.413,37062.9,21755.9223
50,2024-06-24,1,MCKESSON PLASMA AND BIOLOGICS      ,MPB,2024-06-28,2024-06,2024-Q2,2024,1,7412.58,0.413,370629,217559.223
6,2024-06-24,1,MCKESSON PLASMA AND BIOLOGICS      ,MPB,2024-06-28,2024-06,2024-Q2,2024,1,7412.58,0.413,44475.48,26107.10676
-1,2024-06-25,0,,,2024-06-28,2024-06,2024-Q2,2024,1,7412.58,0.413,-7412.58,-4351.18446
-23,2024-06-27,0,,,2024-06-28,2024-06,2024-Q2,2024,1,7412.58,0.413,-170489.34,-100077.2426
-1,2024-06-27,0,,,2024-06-28,2024-06,2024-Q2,2024,1,7412.58,0.413,-7412.58,-4351.18446
-4,2024-06-27,0,,,2024-06-28,2024-06,2024-Q2,2024,1,7412.58,0.413,-29650.32,-17404.73784
-1,2024-06-27,0,MCKESSON PLASMA AND BIOLOGICS      ,MPB,2024-06-28,2024-06,2024-Q2,2024,1,7412.58,0.413,-7412.58,-4351.18446
-5,2024-06-28,0,,,2024-06-28,2024-06,2024-Q2,2024,1,7412.58,0.413,-37062.9,-21755.9223
7,2024-07-01,1,MCKESSON SPECIALTY CARE DIST       ,MSH,2024-07-05,2024-07,2024-Q3,2024,1,7634.96,0.17,53444.72,44359.1176
8,2024-07-01,1,MCKESSON PLASMA AND BIOLOGICS      ,MPB,2024-07-05,2024-07,2024-Q3,2024,1,7634.96,0.17,61079.68,50696.1344
10,2024-07-02,1,ASD HEALTHCARE - MONTCLAIR,CENCORA,2024-07-05,2024-07,2024-Q3,2024,1,7634.96,0.17,76349.6,63370.168
13,2024-07-02,1,DOTHAN D AND S                     ,CENCORA,2024-07-05,2024-07,2024-Q3,2024,1,7634.96,0.17,99254.48,82381.2184
21,2024-07-02,1,ASD HEALTHCARE-BROOKS              ,CENCORA,2024-07-05,2024-07,2024-Q3,2024,1,7634.96,0.17,160334.16,133077.3528
12,2024-07-02,1,ASD HEALTHCARE-BROOKS              ,CENCORA,2024-07-05,2024-07,2024-Q3,2024,1,7634.96,0.17,91619.52,76044.2016
3,2024-07-02,1,DOTHAN D AND S                     ,CENCORA,2024-07-05,2024-07,2024-Q3,2024,1,7634.96,0.17,22904.88,19011.0504
4,2024-07-02,1,ASD HEALTHCARE - MONTCLAIR,CENCORA,2024-07-05,2024-07,2024-Q3,2024,1,7634.96,0.17,30539.84,25348.0672
5,2024-07-02,0,,,2024-07-05,2024-07,2024-Q3,2024,1,7634.96,0.17,38174.8,31685.084
-5,2024-07-03,0,,,2024-07-05,2024-07,2024-Q3,2024,1,7634.96,0.17,-38174.8,-31685.084
-4,2024-07-03,0,,,2024-07-05,2024-07,2024-Q3,2024,1,7634.96,0.17,-30539.84,-25348.0672
4,2024-07-03,0,,,2024-07-05,2024-07,2024-Q3,2024,1,7634.96,0.17,30539.84,25348.0672
3,2024-07-08,1,MCKESSON SPECIALTY CARE DIST KY,MSH,2024-07-12,2024-07,2024-Q3,2024,1,7634.96,0.17,22904.88,19011.0504
16,2024-07-08,1,MCKESSON PLASMA AND BIOLOGICS      ,MPB,2024-07-12,2024-07,2024-Q3,2024,1,7634.96,0.17,122159.36,101392.2688
11,2024-07-11,1,ASD HEALTHCARE-BROOKS              ,CENCORA,2024-07-12,2024-07,2024-Q3,2024,1,7634.96,0.17,83984.56,69707.1848
17,2024-07-11,1,DOTHAN D AND S                     ,CENCORA,2024-07-12,2024-07,2024-Q3,2024,1,7634.96,0.17,129794.32,107729.2856
1,2024-07-11,1,DOTHAN D AND S                     ,CENCORA,2024-07-12,2024-07,2024-Q3,2024,1,7634.96,0.17,7634.96,6337.0168
3,2024-07-11,1,ASD HEALTHCARE - MONTCLAIR,CENCORA,2024-07-12,2024-07,2024-Q3,2024,1,7634.96,0.17,22904.88,19011.0504
8,2024-07-15,1,McKesson Specialty Care DC,MSH,2024-07-19,2024-07,2024-Q3,2024,1,7634.96,0.17,61079.68,50696.1344
25,2024-07-15,1,MCKESSON PLASMA AND BIOLOGICS      ,MPB,2024-07-19,2024-07,2024-Q3,2024,1,7634.96,0.17,190874,158425.42
25,2024-07-15,1,MCKESSON PLASMA AND BIOLOGICS      ,MPB,2024-07-19,2024-07,2024-Q3,2024,1,7634.96,0.17,190874,158425.42
25,2024-07-15,1,MCKESSON PLASMA AND BIOLOGICS      ,MPB,2024-07-19,2024-07,2024-Q3,2024,1,7634.96,0.17,190874,158425.42
1,2024-07-15,1,MCKESSON PLASMA AND BIOLOGICS      ,MPB,2024-07-19,2024-07,2024-Q3,2024,1,7634.96,0.17,7634.96,6337.0168
12,2024-07-18,1,DOTHAN D AND S                     ,CENCORA,2024-07-19,2024-07,2024-Q3,2024,1,7634.96,0.17,91619.52,76044.2016
5,2024-07-18,1,ASD HEALTHCARE - MONTCLAIR,CENCORA,2024-07-19,2024-07,2024-Q3,2024,1,7634.96,0.17,38174.8,31685.084
23,2024-07-18,1,ASD HEALTHCARE-BROOKS              ,CENCORA,2024-07-19,2024-07,2024-Q3,2024,1,7634.96,0.17,175604.08,145751.3864
6,2024-07-22,1,MCKESSON SPECIALTY CARE DIST KY,MSH,2024-07-26,2024-07,2024-Q3,2024,1,7634.96,0.17,45809.76,38022.1008
2,2024-07-22,1,MCKESSON SPECIALTY CARE DIST       ,MSH,2024-07-26,2024-07,2024-Q3,2024,1,7634.96,0.17,15269.92,12674.0336
13,2024-07-22,1,MCKESSON PLASMA AND BIOLOGICS      ,MPB,2024-07-26,2024-07,2024-Q3,2024,1,7634.96,0.17,99254.48,82381.2184
16,2024-07-22,1,TANNERGAP INC,TANNERGAP,2024-07-26,2024-07,2024-Q3,2024,1,7634.96,0.17,122159.36,101392.2688
14,2024-07-25,1,ASD HEALTHCARE-BROOKS              ,CENCORA,2024-07-26,2024-07,2024-Q3,2024,1,7634.96,0.17,106889.44,88718.2352
4,2024-07-25,1,ASD HEALTHCARE - MONTCLAIR,CENCORA,2024-07-26,2024-07,2024-Q3,2024,1,7634.96,0.17,30539.84,25348.0672
8,2024-07-25,1,DOTHAN D AND S                     ,CENCORA,2024-07-26,2024-07,2024-Q3,2024,1,7634.96,0.17,61079.68,50696.1344
-4,2024-07-25,0,,,2024-07-26,2024-07,2024-Q3,2024,1,7634.96,0.17,-30539.84,-25348.0672
-3,2024-07-25,0,,,2024-07-26,2024-07,2024-Q3,2024,1,7634.96,0.17,-22904.88,-19011.0504
-2,2024-07-25,0,,,2024-07-26,2024-07,2024-Q3,2024,1,7634.96,0.17,-15269.92,-12674.0336
16,2024-07-29,1,MCKESSON PLASMA AND BIOLOGICS      ,MPB,2024-08-02,2024-07,2024-Q3,2024,1,7634.96,0.17,122159.36,101392.2688
17,2024-08-01,1,ASD HEALTHCARE-BROOKS              ,CENCORA,2024-08-02,2024-08,2024-Q3,2024,1,7634.96,0.17,129794.32,107729.2856
7,2024-08-01,1,ASD HEALTHCARE - MONTCLAIR,CENCORA,2024-08-02,2024-08,2024-Q3,2024,1,7634.96,0.17,53444.72,44359.1176
20,2024-08-01,1,DOTHAN D AND S                     ,CENCORA,2024-08-02,2024-08,2024-Q3,2024,1,7634.96,0.17,152699.2,126740.336
-2,2024-08-01,0,,,2024-08-02,2024-08,2024-Q3,2024,1,7634.96,0.17,-15269.92,-12674.0336
9,2024-08-05,1,MCKESSON PLASMA AND BIOLOGICS      ,MPB,2024-08-09,2024-08,2024-Q3,2024,1,7634.96,0.17,68714.64,57033.1512
50,2024-08-05,1,MCKESSON PLASMA AND BIOLOGICS      ,MPB,2024-08-09,2024-08,2024-Q3,2024,1,7634.96,0.17,381748,316850.84
14,2024-08-08,1,DOTHAN D AND S                     ,CENCORA,2024-08-09,2024-08,2024-Q3,2024,1,7634.96,0.17,106889.44,88718.2352
22,2024-08-08,1,ASD HEALTHCARE-BROOKS              ,CENCORA,2024-08-09,2024-08,2024-Q3,2024,1,7634.96,0.17,167969.12,139414.3696
9,2024-08-08,1,ASD HEALTHCARE - MONTCLAIR,CENCORA,2024-08-09,2024-08,2024-Q3,2024,1,7634.96,0.17,68714.64,57033.1512
10,2024-08-08,1,MCKESSON SPECIALTY CARE DIST KY,MSH,2024-08-09,2024-08,2024-Q3,2024,1,7634.96,0.17,76349.6,63370.168
3,2024-08-08,1,MCKESSON SPECIALTY CARE DIST       ,MSH,2024-08-09,2024-08,2024-Q3,2024,1,7634.96,0.17,22904.88,19011.0504
10,2024-08-08,1,McKesson Specialty Care DC,MSH,2024-08-09,2024-08,2024-Q3,2024,1,7634.96,0.17,76349.6,63370.168
3,2024-08-12,1,MCKESSON SPECIALTY CARE DIST       ,MSH,2024-08-16,2024-08,2024-Q3,2024,1,7634.96,0.17,22904.88,19011.0504
2,2024-08-12,1,MCKESSON SPECIALTY CARE DIST KY,MSH,2024-08-16,2024-08,2024-Q3,2024,1,7634.96,0.17,15269.92,12674.0336
12,2024-08-12,1,MCKESSON PLASMA AND BIOLOGICS      ,MPB,2024-08-16,2024-08,2024-Q3,2024,1,7634.96,0.17,91619.52,76044.2016
2,2024-08-12,1,TANNERGAP INC,TANNERGAP,2024-08-16,2024-08,2024-Q3,2024,1,7634.96,0.17,15269.92,12674.0336
8,2024-08-13,1,TANNERGAP INC,TANNERGAP,2024-08-16,2024-08,2024-Q3,2024,1,7634.96,0.17,61079.68,50696.1344
19,2024-08-15,1,ASD HEALTHCARE-BROOKS              ,CENCORA,2024-08-16,2024-08,2024-Q3,2024,1,7634.96,0.17,145064.24,120403.3192
5,2024-08-15,1,ASD HEALTHCARE - MONTCLAIR,CENCORA,2024-08-16,2024-08,2024-Q3,2024,1,7634.96,0.17,38174.8,31685.084
6,2024-08-15,1,DOTHAN D AND S                     ,CENCORA,2024-08-16,2024-08,2024-Q3,2024,1,7634.96,0.17,45809.76,38022.1008
17,2024-08-19,1,McKesson Specialty Care DC,MSH,2024-08-23,2024-08,2024-Q3,2024,1,7634.96,0.17,129794.32,107729.2856
16,2024-08-19,1,MCKESSON PLASMA AND BIOLOGICS      ,MPB,2024-08-23,2024-08,2024-Q3,2024,1,7634.96,0.17,122159.36,101392.2688
50,2024-08-19,1,MCKESSON PLASMA AND BIOLOGICS      ,MPB,2024-08-23,2024-08,2024-Q3,2024,1,7634.96,0.17,381748,316850.84
-2,2024-08-20,0,,,2024-08-23,2024-08,2024-Q3,2024,1,7634.96,0.17,-15269.92,-12674.0336
-2,2024-08-20,0,,,2024-08-23,2024-08,2024-Q3,2024,1,7634.96,0.17,-15269.92,-12674.0336
13,2024-08-22,1,ASD HEALTHCARE-BROOKS              ,CENCORA,2024-08-23,2024-08,2024-Q3,2024,1,7634.96,0.17,99254.48,82381.2184
15,2024-08-22,1,DOTHAN D AND S                     ,CENCORA,2024-08-23,2024-08,2024-Q3,2024,1,7634.96,0.17,114524.4,95055.252
4,2024-08-22,1,ASD HEALTHCARE - MONTCLAIR,CENCORA,2024-08-23,2024-08,2024-Q3,2024,1,7634.96,0.17,30539.84,25348.0672
-12,2024-08-23,0,,,2024-08-23,2024-08,2024-Q3,2024,1,7634.96,0.17,-91619.52,-76044.2016
-2,2024-08-23,0,,,2024-08-23,2024-08,2024-Q3,2024,1,7634.96,0.17,-15269.92,-12674.0336
-2,2024-08-23,0,,,2024-08-23,2024-08,2024-Q3,2024,1,7634.96,0.17,-15269.92,-12674.0336
-2,2024-08-23,0,,,2024-08-23,2024-08,2024-Q3,2024,1,7634.96,0.17,-15269.92,-12674.0336
6,2024-08-26,1,McKesson Specialty Care DC,MSH,2024-08-30,2024-08,2024-Q3,2024,1,7634.96,0.17,45809.76,38022.1008
11,2024-08-26,1,MCKESSON SPECIALTY CARE DIST KY,MSH,2024-08-30,2024-08,2024-Q3,2024,1,7634.96,0.17,83984.56,69707.1848
25,2024-08-26,1,MCKESSON PLASMA AND BIOLOGICS      ,MPB,2024-08-30,2024-08,2024-Q3,2024,1,7634.96,0.17,190874,158425.42
6,2024-08-26,0,,,2024-08-30,2024-08,2024-Q3,2024,1,7634.96,0.17,45809.76,38022.1008
5,2024-08-28,1,JUPITER RESEARCH SERVICES INC,JUPITER,2024-08-30,2024-08,2024-Q3,2024,1,7634.96,0.17,38174.8,31685.084
17,2024-08-29,1,DOTHAN D AND S                     ,CENCORA,2024-08-30,2024-08,2024-Q3,2024,1,7634.96,0.17,129794.32,107729.2856
7,2024-08-29,1,ASD HEALTHCARE - MONTCLAIR,CENCORA,2024-08-30,2024-08,2024-Q3,2024,1,7634.96,0.17,53444.72,44359.1176
18,2024-08-29,1,ASD HEALTHCARE-BROOKS              ,CENCORA,2024-08-30,2024-08,2024-Q3,2024,1,7634.96,0.17,137429.28,114066.3024
-2,2024-08-29,0,,,2024-08-30,2024-08,2024-Q3,2024,1,7634.96,0.17,-15269.92,-12674.0336
-1,2024-08-29,0,,,2024-08-30,2024-08,2024-Q3,2024,1,7634.96,0.17,-7634.96,-6337.0168
6,2024-09-03,1,MCKESSON SPECIALTY CARE DIST       ,MSH,2024-09-06,2024-09,2024-Q3,2024,1,7634.96,0.24,45809.76,34815.4176
11,2024-09-03,1,McKesson Specialty Care DC,MSH,2024-09-06,2024-09,2024-Q3,2024,1,7634.96,0.24,83984.56,63828.2656
5,2024-09-03,1,MCKESSON SPECIALTY CARE DIST KY,MSH,2024-09-06,2024-09,2024-Q3,2024,1,7634.96,0.24,38174.8,29012.848
50,2024-09-03,1,MCKESSON PLASMA AND BIOLOGICS      ,MPB,2024-09-06,2024-09,2024-Q3,2024,1,7634.96,0.24,381748,290128.48
25,2024-09-03,1,MCKESSON PLASMA AND BIOLOGICS      ,MPB,2024-09-06,2024-09,2024-Q3,2024,1,7634.96,0.24,190874,145064.24
7,2024-09-05,1,ASD HEALTHCARE - MONTCLAIR,CENCORA,2024-09-06,2024-09,2024-Q3,2024,1,7634.96,0.24,53444.72,40617.9872
50,2024-09-05,1,ASD HEALTHCARE-BROOKS              ,CENCORA,2024-09-06,2024-09,2024-Q3,2024,1,7634.96,0.24,381748,290128.48
-2,2024-09-06,0,,,2024-09-06,2024-09,2024-Q3,2024,1,7634.96,0.24,-15269.92,-11605.1392
-1,2024-09-06,0,,,2024-09-06,2024-09,2024-Q3,2024,1,7634.96,0.24,-7634.96,-5802.5696
13,2024-09-09,1,MCKESSON SPECIALTY CARE DIST KY,MSH,2024-09-13,2024-09,2024-Q3,2024,1,7634.96,0.24,99254.48,75433.4048
3,2024-09-09,1,MCKESSON SPECIALTY CARE DIST       ,MSH,2024-09-13,2024-09,2024-Q3,2024,1,7634.96,0.24,22904.88,17407.7088
5,2024-09-09,1,McKesson Specialty Care DC,MSH,2024-09-13,2024-09,2024-Q3,2024,1,7634.96,0.24,38174.8,29012.848
24,2024-09-09,1,MCKESSON PLASMA AND BIOLOGICS      ,MPB,2024-09-13,2024-09,2024-Q3,2024,1,7634.96,0.24,183239.04,139261.6704
5,2024-09-10,1,MCKESSON PLASMA AND BIOLOGICS      ,MPB,2024-09-13,2024-09,2024-Q3,2024,1,7634.96,0.24,38174.8,29012.848
2,2024-09-12,1,ASD HEALTHCARE-BROOKS              ,CENCORA,2024-09-13,2024-09,2024-Q3,2024,1,7634.96,0.24,15269.92,11605.1392
14,2024-09-12,1,DOTHAN D AND S                     ,CENCORA,2024-09-13,2024-09,2024-Q3,2024,1,7634.96,0.24,106889.44,81235.9744
4,2024-09-16,1,MCKESSON SPECIALTY CARE DIST KY,MSH,2024-09-20,2024-09,2024-Q3,2024,1,7634.96,0.24,30539.84,23210.2784
21,2024-09-16,1,MCKESSON PLASMA AND BIOLOGICS      ,MPB,2024-09-20,2024-09,2024-Q3,2024,1,7634.96,0.24,160334.16,121853.9616
6,2024-09-16,0,,,2024-09-20,2024-09,2024-Q3,2024,1,7634.96,0.24,45809.76,34815.4176
50,2024-09-19,1,ASD HEALTHCARE-BROOKS              ,CENCORA,2024-09-20,2024-09,2024-Q3,2024,1,7634.96,0.24,381748,290128.48
19,2024-09-19,1,DOTHAN D AND S                     ,CENCORA,2024-09-20,2024-09,2024-Q3,2024,1,7634.96,0.24,145064.24,110248.8224
1,2024-09-19,1,ASD HEALTHCARE - MONTCLAIR,CENCORA,2024-09-20,2024-09,2024-Q3,2024,1,7634.96,0.24,7634.96,5802.5696
-2,2024-09-19,0,,,2024-09-20,2024-09,2024-Q3,2024,1,7634.96,0.24,-15269.92,-11605.1392
-2,2024-09-19,0,,,2024-09-20,2024-09,2024-Q3,2024,1,7634.96,0.24,-15269.92,-11605.1392
7,2024-09-23,1,MCKESSON SPECIALTY CARE DIST KY,MSH,2024-09-27,2024-09,2024-Q3,2024,1,7634.96,0.24,53444.72,40617.9872
1,2024-09-23,1,McKesson Specialty Care DC,MSH,2024-09-27,2024-09,2024-Q3,2024,1,7634.96,0.24,7634.96,5802.5696
50,2024-09-23,1,MCKESSON PLASMA AND BIOLOGICS      ,MPB,2024-09-27,2024-09,2024-Q3,2024,1,7634.96,0.24,381748,290128.48
20,2024-09-23,1,MCKESSON PLASMA AND BIOLOGICS      ,MPB,2024-09-27,2024-09,2024-Q3,2024,1,7634.96,0.24,152699.2,116051.392
10,2024-09-24,0,,,2024-09-27,2024-09,2024-Q3,2024,1,7634.96,0.24,76349.6,58025.696
13,2024-09-26,1,ASD HEALTHCARE-BROOKS              ,CENCORA,2024-09-27,2024-09,2024-Q3,2024,1,7634.96,0.24,99254.48,75433.4048
-2,2024-09-26,0,,,2024-09-27,2024-09,2024-Q3,2024,1,7634.96,0.24,-15269.92,-11605.1392
9,2024-10-01,1,DOTHAN D AND S                     ,CENCORA,2024-10-04,2024-10,2024-Q4,2024,1,7634.96,0.165,68714.64,57376.7244
3,2024-10-01,1,MCKESSON SPECIALTY CARE DIST KY,MSH,2024-10-04,2024-10,2024-Q4,2024,1,7634.96,0.165,22904.88,19125.5748
2,2024-10-01,1,McKesson Specialty Care DC,MSH,2024-10-04,2024-10,2024-Q4,2024,1,7634.96,0.165,15269.92,12750.3832
7,2024-10-01,1,MCKESSON PLASMA AND BIOLOGICS      ,MPB,2024-10-04,2024-10,2024-Q4,2024,1,7634.96,0.165,53444.72,44626.3412
10,2024-10-03,1,ASD HEALTHCARE-BROOKS              ,CENCORA,2024-10-04,2024-10,2024-Q4,2024,1,7634.96,0.165,76349.6,63751.916
13,2024-10-03,1,DOTHAN D AND S                     ,CENCORA,2024-10-04,2024-10,2024-Q4,2024,1,7634.96,0.165,99254.48,82877.4908
1,2024-10-03,1,ASD HEALTHCARE - MONTCLAIR,CENCORA,2024-10-04,2024-10,2024-Q4,2024,1,7634.96,0.165,7634.96,6375.1916
7,2024-10-07,1,MCKESSON SPECIALTY CARE DIST KY,MSH,2024-10-11,2024-10,2024-Q4,2024,1,7634.96,0.165,53444.72,44626.3412
6,2024-10-07,1,McKesson Specialty Care DC,MSH,2024-10-11,2024-10,2024-Q4,2024,1,7634.96,0.165,45809.76,38251.1496
40,2024-10-07,1,MCKESSON PLASMA AND BIOLOGICS      ,MPB,2024-10-11,2024-10,2024-Q4,2024,1,7634.96,0.165,305398.4,255007.664
50,2024-10-07,1,MCKESSON PLASMA AND BIOLOGICS      ,MPB,2024-10-11,2024-10,2024-Q4,2024,1,7634.96,0.165,381748,318759.58
20,2024-10-09,1,MCKESSON PLASMA AND BIOLOGICS      ,MPB,2024-10-11,2024-10,2024-Q4,2024,1,7634.96,0.165,152699.2,127503.832
13,2024-10-10,1,ASD HEALTHCARE-BROOKS              ,CENCORA,2024-10-11,2024-10,2024-Q4,2024,1,7634.96,0.165,99254.48,82877.4908
23,2024-10-10,1,DOTHAN D AND S                     ,CENCORA,2024-10-11,2024-10,2024-Q4,2024,1,7634.96,0.165,175604.08,146629.4068
1,2024-10-14,1,McKesson Specialty Care DC,MSH,2024-10-18,2024-10,2024-Q4,2024,1,7634.96,0.165,7634.96,6375.1916
5,2024-10-14,1,MCKESSON SPECIALTY CARE DIST KY,MSH,2024-10-18,2024-10,2024-Q4,2024,1,7634.96,0.165,38174.8,31875.958
14,2024-10-14,1,MCKESSON PLASMA AND BIOLOGICS      ,MPB,2024-10-18,2024-10,2024-Q4,2024,1,7634.96,0.165,106889.44,89252.6824
16,2024-10-14,0,,,2024-10-18,2024-10,2024-Q4,2024,1,7634.96,0.165,122159.36,102003.0656
-7,2024-10-17,1,MCKESSON PLASMA AND BIOLOGICS      ,MPB,2024-10-18,2024-10,2024-Q4,2024,1,7634.96,0.165,-53444.72,-44626.3412
14,2024-10-17,1,DOTHAN D AND S                     ,CENCORA,2024-10-18,2024-10,2024-Q4,2024,1,7634.96,0.165,106889.44,89252.6824
50,2024-10-17,1,ASD HEALTHCARE-BROOKS              ,CENCORA,2024-10-18,2024-10,2024-Q4,2024,1,7634.96,0.165,381748,318759.58
-6,2024-10-18,0,,,2024-10-18,2024-10,2024-Q4,2024,1,7634.96,0.165,-45809.76,-38251.1496
-1,2024-10-18,0,,,2024-10-18,2024-10,2024-Q4,2024,1,7634.96,0.165,-7634.96,-6375.1916
4,2024-10-21,1,MCKESSON SPECIALTY CARE DIST KY,MSH,2024-10-25,2024-10,2024-Q4,2024,1,7634.96,0.165,30539.84,25500.7664
4,2024-10-21,1,McKesson Specialty Care DC,MSH,2024-10-25,2024-10,2024-Q4,2024,1,7634.96,0.165,30539.84,25500.7664
39,2024-10-21,1,MCKESSON PLASMA AND BIOLOGICS      ,MPB,2024-10-25,2024-10,2024-Q4,2024,1,7634.96,0.165,297763.44,248632.4724
8,2024-10-21,1,TANNERGAP INC,TANNERGAP,2024-10-25,2024-10,2024-Q4,2024,1,7634.96,0.165,61079.68,51001.5328
16,2024-10-24,1,ASD HEALTHCARE-BROOKS              ,CENCORA,2024-10-25,2024-10,2024-Q4,2024,1,7634.96,0.165,122159.36,102003.0656
5,2024-10-24,1,DOTHAN D AND S                     ,CENCORA,2024-10-25,2024-10,2024-Q4,2024,1,7634.96,0.165,38174.8,31875.958
-2,2024-10-24,0,,,2024-10-25,2024-10,2024-Q4,2024,1,7634.96,0.165,-15269.92,-12750.3832
-1,2024-10-24,0,,,2024-10-25,2024-10,2024-Q4,2024,1,7634.96,0.165,-7634.96,-6375.1916
3,2024-10-28,1,MCKESSON SPECIALTY CARE DIST KY,MSH,2024-11-01,2024-10,2024-Q4,2024,1,7634.96,0.165,22904.88,19125.5748
7,2024-10-28,1,McKesson Specialty Care DC,MSH,2024-11-01,2024-10,2024-Q4,2024,1,7634.96,0.165,53444.72,44626.3412
20,2024-10-28,1,MCKESSON PLASMA AND BIOLOGICS      ,MPB,2024-11-01,2024-10,2024-Q4,2024,1,7634.96,0.165,152699.2,127503.832
12,2024-10-29,0,,,2024-11-01,2024-10,2024-Q4,2024,1,7634.96,0.165,91619.52,76502.2992
12,2024-11-01,1,DOTHAN D AND S                     ,CENCORA,2024-11-01,2024-11,2024-Q4,2024,1,7634.96,0.165,91619.52,76502.2992
8,2024-11-01,1,ASD HEALTHCARE-BROOKS              ,CENCORA,2024-11-01,2024-11,2024-Q4,2024,1,7634.96,0.165,61079.68,51001.5328
8,2024-11-04,1,MCKESSON SPECIALTY CARE DIST KY,MSH,2024-11-08,2024-11,2024-Q4,2024,1,7634.96,0.165,61079.68,51001.5328
1,2024-11-04,1,McKesson Specialty Care DC,MSH,2024-11-08,2024-11,2024-Q4,2024,1,7634.96,0.165,7634.96,6375.1916
25,2024-11-04,1,MCKESSON PLASMA AND BIOLOGICS      ,MPB,2024-11-08,2024-11,2024-Q4,2024,1,7634.96,0.165,190874,159379.79
50,2024-11-04,1,MCKESSON PLASMA AND BIOLOGICS      ,MPB,2024-11-08,2024-11,2024-Q4,2024,1,7634.96,0.165,381748,318759.58
8,2024-11-05,1,TANNERGAP INC,TANNERGAP,2024-11-08,2024-11,2024-Q4,2024,1,7634.96,0.165,61079.68,51001.5328
14,2024-11-07,1,DOTHAN D AND S                     ,CENCORA,2024-11-08,2024-11,2024-Q4,2024,1,7634.96,0.165,106889.44,89252.6824
13,2024-11-07,1,ASD HEALTHCARE - MONTCLAIR,CENCORA,2024-11-08,2024-11,2024-Q4,2024,1,7634.96,0.165,99254.48,82877.4908
16,2024-11-07,1,ASD HEALTHCARE-BROOKS              ,CENCORA,2024-11-08,2024-11,2024-Q4,2024,1,7634.96,0.165,122159.36,102003.0656
5,2024-11-11,1,MCKESSON SPECIALTY CARE DIST KY,MSH,2024-11-15,2024-11,2024-Q4,2024,1,7634.96,0.165,38174.8,31875.958
3,2024-11-11,1,McKesson Specialty Care DC,MSH,2024-11-15,2024-11,2024-Q4,2024,1,7634.96,0.165,22904.88,19125.5748
28,2024-11-11,1,MCKESSON PLASMA AND BIOLOGICS      ,MPB,2024-11-15,2024-11,2024-Q4,2024,1,7634.96,0.165,213778.88,178505.3648
23,2024-11-14,1,ASD HEALTHCARE-BROOKS              ,CENCORA,2024-11-15,2024-11,2024-Q4,2024,1,7634.96,0.165,175604.08,146629.4068
13,2024-11-14,1,DOTHAN D AND S                     ,CENCORA,2024-11-15,2024-11,2024-Q4,2024,1,7634.96,0.165,99254.48,82877.4908
2,2024-11-18,1,McKesson Specialty Care DC,MSH,2024-11-22,2024-11,2024-Q4,2024,1,7634.96,0.165,15269.92,12750.3832
35,2024-11-18,1,MCKESSON PLASMA AND BIOLOGICS      ,MPB,2024-11-22,2024-11,2024-Q4,2024,1,7634.96,0.165,267223.6,223131.706
26,2024-11-21,1,DOTHAN D AND S                     ,CENCORA,2024-11-22,2024-11,2024-Q4,2024,1,7634.96,0.165,198508.96,165754.9816
15,2024-11-21,1,ASD HEALTHCARE-BROOKS              ,CENCORA,2024-11-22,2024-11,2024-Q4,2024,1,7634.96,0.165,114524.4,95627.874
-1,2024-11-21,0,,,2024-11-22,2024-11,2024-Q4,2024,1,7634.96,0.165,-7634.96,-6375.1916
-6,2024-11-21,0,,,2024-11-22,2024-11,2024-Q4,2024,1,7634.96,0.165,-45809.76,-38251.1496
6,2024-11-25,1,MCKESSON SPECIALTY CARE DIST KY,MSH,2024-11-29,2024-11,2024-Q4,2024,1,7634.96,0.165,45809.76,38251.1496
8,2024-11-25,1,McKesson Specialty Care DC,MSH,2024-11-29,2024-11,2024-Q4,2024,1,7634.96,0.165,61079.68,51001.5328
31,2024-11-25,1,MCKESSON PLASMA AND BIOLOGICS      ,MPB,2024-11-29,2024-11,2024-Q4,2024,1,7634.96,0.165,236683.76,197630.9396
4,2024-11-25,1,TANNERGAP INC,TANNERGAP,2024-11-29,2024-11,2024-Q4,2024,1,7634.96,0.165,30539.84,25500.7664
2,2024-11-26,1,ASD HEALTHCARE-BROOKS              ,CENCORA,2024-11-29,2024-11,2024-Q4,2024,1,7634.96,0.165,15269.92,12750.3832
5,2024-11-26,1,ASD HEALTHCARE - MONTCLAIR,CENCORA,2024-11-29,2024-11,2024-Q4,2024,1,7634.96,0.165,38174.8,31875.958
9,2024-11-26,1,DOTHAN D AND S                     ,CENCORA,2024-11-29,2024-11,2024-Q4,2024,1,7634.96,0.165,68714.64,57376.7244
14,2024-11-26,0,,,2024-11-29,2024-11,2024-Q4,2024,1,7634.96,0.165,106889.44,89252.6824
8,2024-12-02,1,MCKESSON SPECIALTY CARE DIST KY,MSH,2024-12-06,2024-12,2024-Q4,2024,1,7634.96,0.25,61079.68,45809.76
23,2024-12-02,1,MCKESSON PLASMA AND BIOLOGICS      ,MPB,2024-12-06,2024-12,2024-Q4,2024,1,7634.96,0.25,175604.08,131703.06
3,2024-12-02,1,MCKESSON PLASMA AND BIOLOGICS      ,MPB,2024-12-06,2024-12,2024-Q4,2024,1,7634.96,0.25,22904.88,17178.66
-1,2024-12-02,0,,,2024-12-06,2024-12,2024-Q4,2024,1,7634.96,0.25,-7634.96,-5726.22
4,2024-12-05,1,ASD HEALTHCARE - MONTCLAIR,CENCORA,2024-12-06,2024-12,2024-Q4,2024,1,7634.96,0.25,30539.84,22904.88
22,2024-12-05,1,ASD HEALTHCARE-BROOKS              ,CENCORA,2024-12-06,2024-12,2024-Q4,2024,1,7634.96,0.25,167969.12,125976.84
19,2024-12-05,1,DOTHAN D AND S                     ,CENCORA,2024-12-06,2024-12,2024-Q4,2024,1,7634.96,0.25,145064.24,108798.18
11,2024-12-09,1,McKesson Specialty Care DC,MSH,2024-12-13,2024-12,2024-Q4,2024,1,7634.96,0.25,83984.56,62988.42
2,2024-12-09,1,MCKESSON SPECIALTY CARE DIST KY,MSH,2024-12-13,2024-12,2024-Q4,2024,1,7634.96,0.25,15269.92,11452.44
21,2024-12-09,1,MCKESSON PLASMA AND BIOLOGICS      ,MPB,2024-12-13,2024-12,2024-Q4,2024,1,7634.96,0.25,160334.16,120250.62
36,2024-12-09,1,MCKESSON PLASMA AND BIOLOGICS      ,MPB,2024-12-13,2024-12,2024-Q4,2024,1,7634.96,0.25,274858.56,206143.92
0,2024-12-09,0,,,2024-12-13,2024-12,2024-Q4,2024,1,7634.96,0.25,0,0
2,2024-12-09,0,,,2024-12-13,2024-12,2024-Q4,2024,1,7634.96,0.25,15269.92,11452.44
6,2024-12-09,0,,,2024-12-13,2024-12,2024-Q4,2024,1,7634.96,0.25,45809.76,34357.32
10,2024-12-09,1,TANNERGAP INC,TANNERGAP,2024-12-13,2024-12,2024-Q4,2024,1,7634.96,0.25,76349.6,57262.2
50,2024-12-12,1,ASD HEALTHCARE-BROOKS              ,CENCORA,2024-12-13,2024-12,2024-Q4,2024,1,7634.96,0.25,381748,286311
20,2024-12-12,1,DOTHAN D AND S                     ,CENCORA,2024-12-13,2024-12,2024-Q4,2024,1,7634.96,0.25,152699.2,114524.4
4,2024-12-12,1,ASD HEALTHCARE - MONTCLAIR,CENCORA,2024-12-13,2024-12,2024-Q4,2024,1,7634.96,0.25,30539.84,22904.88
4,2024-12-16,1,MCKESSON SPECIALTY CARE DIST KY,MSH,2024-12-20,2024-12,2024-Q4,2024,1,7634.96,0.25,30539.84,22904.88
7,2024-12-16,1,McKesson Specialty Care DC,MSH,2024-12-20,2024-12,2024-Q4,2024,1,7634.96,0.25,53444.72,40083.54
20,2024-12-16,1,MCKESSON PLASMA AND BIOLOGICS      ,MPB,2024-12-20,2024-12,2024-Q4,2024,1,7634.96,0.25,152699.2,114524.4
1,2024-12-16,1,MCKESSON PLASMA AND BIOLOGICS      ,MPB,2024-12-20,2024-12,2024-Q4,2024,1,7634.96,0.25,7634.96,5726.22
2,2024-12-19,1,ASD HEALTHCARE - MONTCLAIR,CENCORA,2024-12-20,2024-12,2024-Q4,2024,1,7634.96,0.25,15269.92,11452.44
12,2024-12-19,1,DOTHAN D AND S                     ,CENCORA,2024-12-20,2024-12,2024-Q4,2024,1,7634.96,0.25,91619.52,68714.64
11,2024-12-19,1,ASD HEALTHCARE-BROOKS              ,CENCORA,2024-12-20,2024-12,2024-Q4,2024,1,7634.96,0.25,83984.56,62988.42
5,2024-12-23,1,McKesson Specialty Care DC,MSH,2024-12-27,2024-12,2024-Q4,2024,1,7634.96,0.25,38174.8,28631.1
5,2024-12-23,1,MCKESSON SPECIALTY CARE DIST KY,MSH,2024-12-27,2024-12,2024-Q4,2024,1,7634.96,0.25,38174.8,28631.1
50,2024-12-23,1,MCKESSON PLASMA AND BIOLOGICS      ,MPB,2024-12-27,2024-12,2024-Q4,2024,1,7634.96,0.25,381748,286311
22,2024-12-23,1,MCKESSON PLASMA AND BIOLOGICS      ,MPB,2024-12-27,2024-12,2024-Q4,2024,1,7634.96,0.25,167969.12,125976.84
8,2024-12-23,0,,,2024-12-27,2024-12,2024-Q4,2024,1,7634.96,0.25,61079.68,45809.76
12,2024-12-26,1,DOTHAN D AND S                     ,CENCORA,2024-12-27,2024-12,2024-Q4,2024,1,7634.96,0.25,91619.52,68714.64
20,2024-12-26,1,ASD HEALTHCARE-BROOKS              ,CENCORA,2024-12-27,2024-12,2024-Q4,2024,1,7634.96,0.25,152699.2,114524.4
6,2024-12-30,1,McKesson Specialty Care DC,MSH,2025-01-03,2024-12,2024-Q4,2024,1,7634.96,0.25,45809.76,34357.32
8,2024-12-30,1,MCKESSON PLASMA AND BIOLOGICS      ,MPB,2025-01-03,2024-12,2024-Q4,2024,1,7634.96,0.25,61079.68,45809.76
6,2024-12-30,1,MCKESSON PLASMA AND BIOLOGICS      ,MPB,2025-01-03,2024-12,2024-Q4,2024,1,7634.96,0.25,45809.76,34357.32
1,2025-01-02,1,ASD HEALTHCARE - MONTCLAIR,CENCORA,2025-01-03,2025-01,2025-Q1,2025,1,7978.5,0.205,7978.5,6342.9075
24,2025-01-02,1,ASD HEALTHCARE-BROOKS              ,CENCORA,2025-01-03,2025-01,2025-Q1,2025,1,7978.5,0.205,191484,152229.78
21,2025-01-02,1,DOTHAN D AND S                     ,CENCORA,2025-01-03,2025-01,2025-Q1,2025,1,7978.5,0.205,167548.5,133201.0575
7,2025-01-07,1,MCKESSON SPECIALTY CARE DIST KY,MSH,2025-01-10,2025-01,2025-Q1,2025,1,7978.5,0.205,55849.5,44400.3525
50,2025-01-07,1,MCKESSON PLASMA AND BIOLOGICS      ,MPB,2025-01-10,2025-01,2025-Q1,2025,1,7978.5,0.205,398925,317145.375
8,2025-01-07,0,,,2025-01-10,2025-01,2025-Q1,2025,1,7978.5,0.205,63828,50743.26
4,2025-01-07,1,TANNERGAP INC,TANNERGAP,2025-01-10,2025-01,2025-Q1,2025,1,7978.5,0.205,31914,25371.63
7,2025-01-09,1,DOTHAN D AND S                     ,CENCORA,2025-01-10,2025-01,2025-Q1,2025,1,7978.5,0.205,55849.5,44400.3525
26,2025-01-09,1,ASD HEALTHCARE-BROOKS              ,CENCORA,2025-01-10,2025-01,2025-Q1,2025,1,7978.5,0.205,207441,164915.595
5,2025-01-13,1,MCKESSON SPECIALTY CARE DIST KY,MSH,2025-01-17,2025-01,2025-Q1,2025,1,7978.5,0.205,39892.5,31714.5375
5,2025-01-13,1,McKesson Specialty Care DC,MSH,2025-01-17,2025-01,2025-Q1,2025,1,7978.5,0.205,39892.5,31714.5375
10,2025-01-13,1,MCKESSON PLASMA AND BIOLOGICS      ,MPB,2025-01-17,2025-01,2025-Q1,2025,1,7978.5,0.205,79785,63429.075
4,2025-01-13,1,TANNERGAP INC,TANNERGAP,2025-01-17,2025-01,2025-Q1,2025,1,7978.5,0.205,31914,25371.63
-4,2025-01-13,1,TANNERGAP INC,TANNERGAP,2025-01-17,2025-01,2025-Q1,2025,1,7978.5,0.205,-31914,-25371.63
4,2025-01-06,1,TANNERGAP INC,TANNERGAP,2025-01-10,2025-01,2025-Q1,2025,1,7978.5,0.205,31914,25371.63
37,2025-01-14,1,MCKESSON PLASMA AND BIOLOGICS      ,MPB,2025-01-17,2025-01,2025-Q1,2025,1,7978.5,0.205,295204.5,234687.5775
23,2025-01-16,1,DOTHAN D AND S                     ,CENCORA,2025-01-17,2025-01,2025-Q1,2025,1,7978.5,0.205,183505.5,145886.8725
2,2025-01-16,1,ASD HEALTHCARE - MONTCLAIR,CENCORA,2025-01-17,2025-01,2025-Q1,2025,1,7978.5,0.205,15957,12685.815
25,2025-01-16,1,ASD HEALTHCARE-BROOKS              ,CENCORA,2025-01-17,2025-01,2025-Q1,2025,1,7978.5,0.205,199462.5,158572.6875
3,2025-01-21,1,MCKESSON SPECIALTY CARE DIST KY,MSH,2025-01-24,2025-01,2025-Q1,2025,1,7978.5,0.205,23935.5,19028.7225
4,2025-01-21,1,McKesson Specialty Care DC,MSH,2025-01-24,2025-01,2025-Q1,2025,1,7978.5,0.205,31914,25371.63
24,2025-01-21,1,MCKESSON PLASMA AND BIOLOGICS      ,MPB,2025-01-24,2025-01,2025-Q1,2025,1,7978.5,0.205,191484,152229.78
22,2025-01-21,1,MCKESSON PLASMA AND BIOLOGICS      ,MPB,2025-01-24,2025-01,2025-Q1,2025,1,7978.5,0.205,175527,139543.965
4,2025-01-22,1,TANNERGAP INC,TANNERGAP,2025-01-24,2025-01,2025-Q1,2025,1,7978.5,0.205,31914,25371.63
50,2025-01-23,1,ASD HEALTHCARE-BROOKS              ,CENCORA,2025-01-24,2025-01,2025-Q1,2025,1,7978.5,0.205,398925,317145.375
-4,2025-01-24,1,TANNERGAP INC,TANNERGAP,2025-01-24,2025-01,2025-Q1,2025,1,7978.5,0.205,-31914,-25371.63
6,2025-01-27,1,DOTHAN D AND S                     ,CENCORA,2025-01-31,2025-01,2025-Q1,2025,1,7978.5,0.205,47871,38057.445
29,2025-01-27,1,MCKESSON PLASMA AND BIOLOGICS      ,MPB,2025-01-31,2025-01,2025-Q1,2025,1,7978.5,0.205,231376.5,183944.3175
8,2025-01-27,1,MCKESSON PLASMA AND BIOLOGICS      ,MPB,2025-01-31,2025-01,2025-Q1,2025,1,7978.5,0.205,63828,50743.26
6,2025-01-27,0,,,2025-01-31,2025-01,2025-Q1,2025,1,7978.5,0.205,47871,38057.445
4,2025-01-27,1,TANNERGAP INC,TANNERGAP,2025-01-31,2025-01,2025-Q1,2025,1,7978.5,0.205,31914,25371.63
10,2025-01-28,1,MCKESSON SPECIALTY CARE DIST KY,MSH,2025-01-31,2025-01,2025-Q1,2025,1,7978.5,0.205,79785,63429.075
2,2025-01-28,1,McKesson Specialty Care DC,MSH,2025-01-31,2025-01,2025-Q1,2025,1,7978.5,0.205,15957,12685.815
7,2025-01-29,1,MCKESSON SPECIALTY CARE DIST KY,MSH,2025-01-31,2025-01,2025-Q1,2025,1,7978.5,0.205,55849.5,44400.3525
25,2025-01-30,1,DOTHAN D AND S                     ,CENCORA,2025-01-31,2025-01,2025-Q1,2025,1,7978.5,0.205,199462.5,158572.6875
4,2025-01-30,1,ASD HEALTHCARE-BROOKS              ,CENCORA,2025-01-31,2025-01,2025-Q1,2025,1,7978.5,0.205,31914,25371.63
6,2025-02-03,1,McKesson Specialty Care DC,MSH,2025-02-07,2025-02,2025-Q1,2025,1,7978.5,0.205,47871,38057.445
5,2025-02-03,1,MCKESSON SPECIALTY CARE DIST KY,MSH,2025-02-07,2025-02,2025-Q1,2025,1,7978.5,0.205,39892.5,31714.5375
33,2025-02-04,1,MCKESSON PLASMA AND BIOLOGICS      ,MPB,2025-02-07,2025-02,2025-Q1,2025,1,7978.5,0.205,263290.5,209315.9475
34,2025-02-04,1,MCKESSON PLASMA AND BIOLOGICS      ,MPB,2025-02-07,2025-02,2025-Q1,2025,1,7978.5,0.205,271269,215658.855
16,2025-02-06,1,DOTHAN D AND S                     ,CENCORA,2025-02-07,2025-02,2025-Q1,2025,1,7978.5,0.205,127656,101486.52
1,2025-02-06,1,ASD HEALTHCARE - MONTCLAIR,CENCORA,2025-02-07,2025-02,2025-Q1,2025,1,7978.5,0.205,7978.5,6342.9075
25,2025-02-06,1,ASD HEALTHCARE-BROOKS              ,CENCORA,2025-02-07,2025-02,2025-Q1,2025,1,7978.5,0.205,199462.5,158572.6875
5,2025-02-10,1,McKesson Specialty Care DC,MSH,2025-02-14,2025-02,2025-Q1,2025,1,7978.5,0.205,39892.5,31714.5375
9,2025-02-10,1,MCKESSON SPECIALTY CARE DIST KY,MSH,2025-02-14,2025-02,2025-Q1,2025,1,7978.5,0.205,71806.5,57086.1675
14,2025-02-10,1,MCKESSON PLASMA AND BIOLOGICS      ,MPB,2025-02-14,2025-02,2025-Q1,2025,1,7978.5,0.205,111699,88800.705
7,2025-02-10,1,MCKESSON PLASMA AND BIOLOGICS      ,MPB,2025-02-14,2025-02,2025-Q1,2025,1,7978.5,0.205,55849.5,44400.3525
15,2025-02-13,1,DOTHAN D AND S                     ,CENCORA,2025-02-14,2025-02,2025-Q1,2025,1,7978.5,0.205,119677.5,95143.6125
14,2025-02-13,1,ASD HEALTHCARE-BROOKS              ,CENCORA,2025-02-14,2025-02,2025-Q1,2025,1,7978.5,0.205,111699,88800.705
9,2025-02-17,1,McKesson Specialty Care DC,MSH,2025-02-21,2025-02,2025-Q1,2025,1,7978.5,0.205,71806.5,57086.1675
4,2025-02-17,1,MCKESSON SPECIALTY CARE DIST KY,MSH,2025-02-21,2025-02,2025-Q1,2025,1,7978.5,0.205,31914,25371.63
25,2025-02-17,1,MCKESSON PLASMA AND BIOLOGICS      ,MPB,2025-02-21,2025-02,2025-Q1,2025,1,7978.5,0.205,199462.5,158572.6875
28,2025-02-17,1,MCKESSON PLASMA AND BIOLOGICS      ,MPB,2025-02-21,2025-02,2025-Q1,2025,1,7978.5,0.205,223398,177601.41
12,2025-02-20,1,ASD HEALTHCARE-BROOKS              ,CENCORA,2025-02-21,2025-02,2025-Q1,2025,1,7978.5,0.205,95742,76114.89
3,2025-02-20,1,ASD HEALTHCARE - MONTCLAIR,CENCORA,2025-02-21,2025-02,2025-Q1,2025,1,7978.5,0.205,23935.5,19028.7225
16,2025-02-20,1,DOTHAN D AND S                     ,CENCORA,2025-02-21,2025-02,2025-Q1,2025,1,7978.5,0.205,127656,101486.52
9,2025-02-24,1,McKesson Specialty Care DC,MSH,2025-02-28,2025-02,2025-Q1,2025,1,7978.5,0.205,71806.5,57086.1675
6,2025-02-24,1,MCKESSON SPECIALTY CARE DIST KY,MSH,2025-02-28,2025-02,2025-Q1,2025,1,7978.5,0.205,47871,38057.445
16,2025-02-24,1,MCKESSON PLASMA AND BIOLOGICS      ,MPB,2025-02-28,2025-02,2025-Q1,2025,1,7978.5,0.205,127656,101486.52
14,2025-02-24,1,MCKESSON PLASMA AND BIOLOGICS      ,MPB,2025-02-28,2025-02,2025-Q1,2025,1,7978.5,0.205,111699,88800.705
8,2025-02-24,1,TANNERGAP INC,TANNERGAP,2025-02-28,2025-02,2025-Q1,2025,1,7978.5,0.205,63828,50743.26
4,2025-02-24,1,TANNERGAP INC,TANNERGAP,2025-02-28,2025-02,2025-Q1,2025,1,7978.5,0.205,31914,25371.63
22,2025-02-27,1,ASD HEALTHCARE-BROOKS              ,CENCORA,2025-02-28,2025-02,2025-Q1,2025,1,7978.5,0.205,175527,139543.965
12,2025-02-27,1,DOTHAN D AND S                     ,CENCORA,2025-02-28,2025-02,2025-Q1,2025,1,7978.5,0.205,95742,76114.89
-4,2025-02-27,0,,,2025-02-28,2025-02,2025-Q1,2025,1,7978.5,0.205,-31914,-25371.63
-2,2025-02-27,0,ASD HEALTHCARE-BROOKS              ,CENCORA,2025-02-28,2025-02,2025-Q1,2025,1,7978.5,0.205,-15957,-12685.815
-1,2025-02-27,0,,,2025-02-28,2025-02,2025-Q1,2025,1,7978.5,0.205,-7978.5,-6342.9075
-1,2025-02-27,0,,,2025-02-28,2025-02,2025-Q1,2025,1,7978.5,0.205,-7978.5,-6342.9075
-2,2025-02-27,0,,,2025-02-28,2025-02,2025-Q1,2025,1,7978.5,0.205,-15957,-12685.815
8,2025-02-27,1,TANNERGAP INC,TANNERGAP,2025-02-28,2025-02,2025-Q1,2025,1,7978.5,0.205,63828,50743.26
3,2025-03-03,1,MCKESSON SPECIALTY CARE DIST KY,MSH,2025-03-07,2025-03,2025-Q1,2025,1,7978.5,0.279,23935.5,17257.4955
6,2025-03-03,1,McKesson Specialty Care DC,MSH,2025-03-07,2025-03,2025-Q1,2025,1,7978.5,0.279,47871,34514.991
27,2025-03-03,1,MCKESSON PLASMA AND BIOLOGICS      ,MPB,2025-03-07,2025-03,2025-Q1,2025,1,7978.5,0.279,215419.5,155317.4595
18,2025-03-03,1,MCKESSON PLASMA AND BIOLOGICS      ,MPB,2025-03-07,2025-03,2025-Q1,2025,1,7978.5,0.279,143613,103544.973
2,2025-03-06,1,ASD HEALTHCARE - MONTCLAIR,CENCORA,2025-03-07,2025-03,2025-Q1,2025,1,7978.5,0.279,15957,11504.997
4,2025-03-06,1,ASD HEALTHCARE-BROOKS              ,CENCORA,2025-03-07,2025-03,2025-Q1,2025,1,7978.5,0.279,31914,23009.994
22,2025-03-06,1,DOTHAN D AND S                     ,CENCORA,2025-03-07,2025-03,2025-Q1,2025,1,7978.5,0.279,175527,126554.967
-4,2025-03-10,0,,,2025-03-14,2025-03,2025-Q1,2025,1,7978.5,0.279,-31914,-23009.994
6,2025-03-10,1,MCKESSON SPECIALTY CARE DIST KY,MSH,2025-03-14,2025-03,2025-Q1,2025,1,7978.5,0.279,47871,34514.991
5,2025-03-10,1,McKesson Specialty Care DC,MSH,2025-03-14,2025-03,2025-Q1,2025,1,7978.5,0.279,39892.5,28762.4925
15,2025-03-10,1,MCKESSON PLASMA AND BIOLOGICS      ,MPB,2025-03-14,2025-03,2025-Q1,2025,1,7978.5,0.279,119677.5,86287.4775
13,2025-03-10,1,MCKESSON PLASMA AND BIOLOGICS      ,MPB,2025-03-14,2025-03,2025-Q1,2025,1,7978.5,0.279,103720.5,74782.4805
14,2025-03-13,1,DOTHAN D AND S                     ,CENCORA,2025-03-14,2025-03,2025-Q1,2025,1,7978.5,0.279,111699,80534.979
8,2025-03-13,1,ASD HEALTHCARE-BROOKS              ,CENCORA,2025-03-14,2025-03,2025-Q1,2025,1,7978.5,0.279,63828,46019.988
8,2025-03-17,1,McKesson Specialty Care DC,MSH,2025-03-21,2025-03,2025-Q1,2025,1,7978.5,0.279,63828,46019.988
7,2025-03-17,1,MCKESSON SPECIALTY CARE DIST KY,MSH,2025-03-21,2025-03,2025-Q1,2025,1,7978.5,0.279,55849.5,40267.4895
18,2025-03-17,1,MCKESSON PLASMA AND BIOLOGICS      ,MPB,2025-03-21,2025-03,2025-Q1,2025,1,7978.5,0.279,143613,103544.973
32,2025-03-17,1,MCKESSON PLASMA AND BIOLOGICS      ,MPB,2025-03-21,2025-03,2025-Q1,2025,1,7978.5,0.279,255312,184079.952
-2,2025-03-19,0,,,2025-03-21,2025-03,2025-Q1,2025,1,7978.5,0.279,-15957,-11504.997
11,2025-03-20,1,DOTHAN D AND S                     ,CENCORA,2025-03-21,2025-03,2025-Q1,2025,1,7978.5,0.279,87763.5,63277.4835
18,2025-03-20,1,ASD HEALTHCARE-BROOKS              ,CENCORA,2025-03-21,2025-03,2025-Q1,2025,1,7978.5,0.279,143613,103544.973
11,2025-03-20,1,McKesson Specialty Care DC,MSH,2025-03-21,2025-03,2025-Q1,2025,1,7978.5,0.279,87763.5,63277.4835
4,2025-03-24,1,McKesson Specialty Care DC,MSH,2025-03-28,2025-03,2025-Q1,2025,1,7978.5,0.279,31914,23009.994
16,2025-03-24,1,MCKESSON SPECIALTY CARE DIST KY,MSH,2025-03-28,2025-03,2025-Q1,2025,1,7978.5,0.279,127656,92039.976
50,2025-03-24,1,MCKESSON PLASMA AND BIOLOGICS      ,MPB,2025-03-28,2025-03,2025-Q1,2025,1,7978.5,0.279,398925,287624.925
10,2025-03-24,1,MCKESSON PLASMA AND BIOLOGICS      ,MPB,2025-03-28,2025-03,2025-Q1,2025,1,7978.5,0.279,79785,57524.985
-4,2025-03-26,0,,,2025-03-28,2025-03,2025-Q1,2025,1,7978.5,0.279,-31914,-23009.994
-1,2025-03-26,0,,,2025-03-28,2025-03,2025-Q1,2025,1,7978.5,0.279,-7978.5,-5752.4985
18,2025-03-27,1,DOTHAN D AND S                     ,CENCORA,2025-03-28,2025-03,2025-Q1,2025,1,7978.5,0.165,143613,119916.855
7,2025-03-27,1,ASD HEALTHCARE-BROOKS              ,CENCORA,2025-03-28,2025-03,2025-Q1,2025,1,7978.5,0.165,55849.5,46634.3325
1,2025-04-01,1,MCKESSON SPECIALTY CARE DIST KY,MSH,2025-04-04,2025-04,2025-Q2,2025,1,7978.5,0.204,7978.5,6350.886
5,2025-04-01,1,McKesson Specialty Care DC,MSH,2025-04-04,2025-04,2025-Q2,2025,1,7978.5,0.204,39892.5,31754.43
8,2025-04-01,1,MCKESSON PLASMA AND BIOLOGICS      ,MPB,2025-04-04,2025-04,2025-Q2,2025,1,7978.5,0.204,63828,50807.088
4,2025-04-01,1,TANNERGAP INC,TANNERGAP,2025-04-04,2025-04,2025-Q2,2025,1,7978.5,0.204,31914,25403.544
-4,2025-04-01,0,,,2025-04-04,2025-04,2025-Q2,2025,1,7978.5,0.204,-31914,-25403.544
16,2025-04-07,1,DOTHAN D AND S                     ,CENCORA,2025-04-11,2025-04,2025-Q2,2025,1,7978.5,0.204,127656,101614.176
29,2025-04-07,1,ASD HEALTHCARE-BROOKS              ,CENCORA,2025-04-11,2025-04,2025-Q2,2025,1,7978.5,0.204,231376.5,184175.694
4,2025-04-07,1,ASD HEALTHCARE - MONTCLAIR,CENCORA,2025-04-11,2025-04,2025-Q2,2025,1,7978.5,0.204,31914,25403.544
4,2025-04-07,1,McKesson Specialty Care DC,MSH,2025-04-11,2025-04,2025-Q2,2025,1,7978.5,0.204,31914,25403.544
22,2025-04-07,1,MCKESSON SPECIALTY CARE DIST KY,MSH,2025-04-11,2025-04,2025-Q2,2025,1,7978.5,0.204,175527,139719.492
15,2025-04-07,1,MCKESSON PLASMA AND BIOLOGICS      ,MPB,2025-04-11,2025-04,2025-Q2,2025,1,7978.5,0.204,119677.5,95263.29
6,2025-04-07,0,,,2025-04-11,2025-04,2025-Q2,2025,1,7978.5,0.204,47871,38105.316
100,2025-04-08,1,MCKESSON PLASMA AND BIOLOGICS      ,MPB,2025-04-11,2025-04,2025-Q2,2025,1,7978.5,0.204,797850,635088.6
26,2025-04-10,1,ASD HEALTHCARE-BROOKS              ,CENCORA,2025-04-11,2025-04,2025-Q2,2025,1,7978.5,0.204,207441,165123.036
7,2025-04-10,1,DOTHAN D AND S                     ,CENCORA,2025-04-11,2025-04,2025-Q2,2025,1,7978.5,0.204,55849.5,44456.202
15,2025-04-14,1,MCKESSON SPECIALTY CARE DIST KY,MSH,2025-04-18,2025-04,2025-Q2,2025,1,7978.5,0.204,119677.5,95263.29
17,2025-04-14,1,McKesson Specialty Care DC,MSH,2025-04-18,2025-04,2025-Q2,2025,1,7978.5,0.204,135634.5,107965.062
14,2025-04-14,1,MCKESSON PLASMA AND BIOLOGICS      ,MPB,2025-04-18,2025-04,2025-Q2,2025,1,7978.5,0.204,111699,88912.404
8,2025-04-14,0,,,2025-04-18,2025-04,2025-Q2,2025,1,7978.5,0.204,63828,50807.088
8,2025-04-14,1,TANNERGAP INC,TANNERGAP,2025-04-18,2025-04,2025-Q2,2025,1,7978.5,0.204,63828,50807.088
-1,2025-04-16,0,,,2025-04-18,2025-04,2025-Q2,2025,1,7978.5,0.204,-7978.5,-6350.886
-1,2025-04-16,0,,,2025-04-18,2025-04,2025-Q2,2025,1,7978.5,0.204,-7978.5,-6350.886
25,2025-04-16,1,MCKESSON PLASMA AND BIOLOGICS,MPB,2025-04-18,2025-04,2025-Q2,2025,1,7978.5,0.204,199462.5,158772.15
12,2025-04-21,1,DOTHAN D AND S                     ,CENCORA,2025-04-25,2025-04,2025-Q2,2025,1,7978.5,0.204,95742,76210.632
6,2025-04-21,1,MCKESSON SPECIALTY CARE DIST KY,MSH,2025-04-25,2025-04,2025-Q2,2025,1,7978.5,0.204,47871,38105.316
4,2025-04-21,1,McKesson Specialty Care DC,MSH,2025-04-25,2025-04,2025-Q2,2025,1,7978.5,0.204,31914,25403.544
11,2025-04-21,1,MCKESSON PLASMA AND BIOLOGICS,MPB,2025-04-25,2025-04,2025-Q2,2025,1,7978.5,0.204,87763.5,69859.746
50,2025-04-21,1,MCKESSON PLASMA AND BIOLOGICS      ,MPB,2025-04-25,2025-04,2025-Q2,2025,1,7978.5,0.204,398925,317544.3
4,2025-04-22,0,,,2025-04-25,2025-04,2025-Q2,2025,1,7978.5,0.204,31914,25403.544
4,2025-04-22,1,TANNERGAP INC,TANNERGAP,2025-04-25,2025-04,2025-Q2,2025,1,7978.5,0.204,31914,25403.544
-2,2025-04-23,0,MCKESSON SPECIALTY CARE DIST,MSH,2025-04-25,2025-04,2025-Q2,2025,1,7978.5,0.204,-15957,-12701.772
10,2025-04-24,1,DOTHAN D AND S                     ,CENCORA,2025-04-25,2025-04,2025-Q2,2025,1,7978.5,0.204,79785,63508.86
4,2025-04-24,1,ASD HEALTHCARE - MONTCLAIR,CENCORA,2025-04-25,2025-04,2025-Q2,2025,1,7978.5,0.204,31914,25403.544
11,2025-04-24,1,ASD HEALTHCARE-BROOKS              ,CENCORA,2025-04-25,2025-04,2025-Q2,2025,1,7978.5,0.204,87763.5,69859.746
1,2025-04-28,1,MCKESSON SPECIALTY CARE DIST MS,MSH,2025-05-02,2025-04,2025-Q2,2025,1,7978.5,0.204,7978.5,6350.886
7,2025-04-28,1,McKesson Specialty Care DC,MSH,2025-05-02,2025-04,2025-Q2,2025,1,7978.5,0.204,55849.5,44456.202
23,2025-04-28,1,MCKESSON PLASMA AND BIOLOGICS,MPB,2025-05-02,2025-04,2025-Q2,2025,1,7978.5,0.204,183505.5,146070.378
5,2025-04-29,1,MCKESSON SPECIALTY CARE DIST KY,MSH,2025-05-02,2025-04,2025-Q2,2025,1,7978.5,0.204,39892.5,31754.43
4,2025-04-30,0,,,2025-05-02,2025-04,2025-Q2,2025,1,7978.5,0.204,31914,25403.544
4,2025-05-01,1,DOTHAN D AND S                     ,CENCORA,2025-05-02,2025-05,2025-Q2,2025,1,7978.5,0.205,31914,25371.63
3,2025-05-01,1,ASD HEALTHCARE - MONTCLAIR,CENCORA,2025-05-02,2025-05,2025-Q2,2025,1,7978.5,0.205,23935.5,19028.7225
7,2025-05-01,1,ASD HEALTHCARE-BROOKS              ,CENCORA,2025-05-02,2025-05,2025-Q2,2025,1,7978.5,0.205,55849.5,44400.3525
16,2025-05-05,1,McKesson Specialty Care DC,MSH,2025-05-09,2025-05,2025-Q2,2025,1,7978.5,0.205,127656,101486.52
4,2025-05-05,1,MCKESSON SPECIALTY CARE DIST MS,MSH,2025-05-09,2025-05,2025-Q2,2025,1,7978.5,0.205,31914,25371.63
12,2025-05-05,1,MCKESSON PLASMA AND BIOLOGICS,MPB,2025-05-09,2025-05,2025-Q2,2025,1,7978.5,0.205,95742,76114.89
10,2025-05-06,1,MCKESSON SPECIALTY CARE DIST KY,MSH,2025-05-09,2025-05,2025-Q2,2025,1,7978.5,0.205,79785,63429.075
50,2025-05-06,1,MCKESSON PLASMA AND BIOLOGICS      ,MPB,2025-05-09,2025-05,2025-Q2,2025,1,7978.5,0.205,398925,317145.375
8,2025-05-07,1,TANNERGAP INC,TANNERGAP,2025-05-09,2025-05,2025-Q2,2025,1,7978.5,0.205,63828,50743.26
6,2025-05-08,1,ASD HEALTHCARE-BROOKS              ,CENCORA,2025-05-09,2025-05,2025-Q2,2025,1,7978.5,0.205,47871,38057.445
13,2025-05-08,1,DOTHAN D AND S                     ,CENCORA,2025-05-09,2025-05,2025-Q2,2025,1,7978.5,0.205,103720.5,82457.7975
2,2025-05-08,1,ASD HEALTHCARE - MONTCLAIR,CENCORA,2025-05-09,2025-05,2025-Q2,2025,1,7978.5,0.205,15957,12685.815
-18,2025-05-09,0,MCKESSON SPECIALTY CARE DIST,MSH,2025-05-09,2025-05,2025-Q2,2025,1,7978.5,0.205,-143613,-114172.335
12,2025-05-12,1,McKesson Specialty Care DC,MSH,2025-05-16,2025-05,2025-Q2,2025,1,7978.5,0.205,95742,76114.89
16,2025-05-12,1,MCKESSON PLASMA AND BIOLOGICS,MPB,2025-05-16,2025-05,2025-Q2,2025,1,7978.5,0.205,127656,101486.52
8,2025-05-13,1,TANNERGAP INC,TANNERGAP,2025-05-16,2025-05,2025-Q2,2025,1,7978.5,0.205,63828,50743.26
12,2025-05-13,1,TANNERGAP INC,TANNERGAP,2025-05-16,2025-05,2025-Q2,2025,1,7978.5,0.205,95742,76114.89
14,2025-05-15,1,ASD HEALTHCARE - MONTCLAIR,CENCORA,2025-05-16,2025-05,2025-Q2,2025,1,7978.5,0.205,111699,88800.705
2,2025-05-15,1,DOTHAN D AND S                     ,CENCORA,2025-05-16,2025-05,2025-Q2,2025,1,7978.5,0.205,15957,12685.815
18,2025-05-15,1,ASD HEALTHCARE-BROOKS              ,CENCORA,2025-05-16,2025-05,2025-Q2,2025,1,7978.5,0.205,143613,114172.335
8,2025-05-15,1,MCKESSON SPECIALTY CARE DIST KY,MSH,2025-05-16,2025-05,2025-Q2,2025,1,7978.5,0.205,63828,50743.26
6,2025-05-19,1,MCKESSON SPECIALTY CARE DIST MS,MSH,2025-05-23,2025-05,2025-Q2,2025,1,7978.5,0.205,47871,38057.445
5,2025-05-19,1,MCKESSON SPECIALTY CARE DIST MS,MSH,2025-05-23,2025-05,2025-Q2,2025,1,7978.5,0.205,39892.5,31714.5375
12,2025-05-19,1,MCKESSON SPECIALTY CARE DIST KY,MSH,2025-05-23,2025-05,2025-Q2,2025,1,7978.5,0.205,95742,76114.89
23,2025-05-19,1,McKesson Specialty Care DC,MSH,2025-05-23,2025-05,2025-Q2,2025,1,7978.5,0.205,183505.5,145886.8725
50,2025-05-19,1,MCKESSON PLASMA AND BIOLOGICS      ,MPB,2025-05-23,2025-05,2025-Q2,2025,1,7978.5,0.205,398925,317145.375
25,2025-05-19,1,MCKESSON PLASMA AND BIOLOGICS,MPB,2025-05-23,2025-05,2025-Q2,2025,1,7978.5,0.205,199462.5,158572.6875
4,2025-05-21,0,,,2025-05-23,2025-05,2025-Q2,2025,1,7978.5,0.205,31914,25371.63
24,2025-05-22,1,ASD HEALTHCARE-BROOKS              ,CENCORA,2025-05-23,2025-05,2025-Q2,2025,1,7978.5,0.205,191484,152229.78
-12,2025-05-22,0,MCKESSON PLASMA AND BIOLOGICS,MPB,2025-05-23,2025-05,2025-Q2,2025,1,7978.5,0.205,-95742,-76114.89
9,2025-05-27,1,McKesson Specialty Care DC,MSH,2025-05-30,2025-05,2025-Q2,2025,1,7978.5,0.205,71806.5,57086.1675
11,2025-05-27,1,MCKESSON SPECIALTY CARE DIST MS,MSH,2025-05-30,2025-05,2025-Q2,2025,1,7978.5,0.205,87763.5,69771.9825
19,2025-05-27,1,MCKESSON PLASMA AND BIOLOGICS,MPB,2025-05-30,2025-05,2025-Q2,2025,1,7978.5,0.205,151591.5,120515.2425
21,2025-05-28,1,MCKESSON SPECIALTY CARE DIST KY,MSH,2025-05-30,2025-05,2025-Q2,2025,1,7978.5,0.205,167548.5,133201.0575
50,2025-05-28,1,MCKESSON PLASMA AND BIOLOGICS      ,MPB,2025-05-30,2025-05,2025-Q2,2025,1,7978.5,0.205,398925,317145.375
2,2025-05-29,1,DOTHAN D AND S                     ,CENCORA,2025-05-30,2025-05,2025-Q2,2025,1,7978.5,0.205,15957,12685.815
9,2025-05-29,1,ASD HEALTHCARE - MONTCLAIR,CENCORA,2025-05-30,2025-05,2025-Q2,2025,1,7978.5,0.205,71806.5,57086.1675
5,2025-05-29,1,ASD HEALTHCARE-BROOKS              ,CENCORA,2025-05-30,2025-05,2025-Q2,2025,1,7978.5,0.205,39892.5,31714.5375
13,2025-06-02,1,McKesson Specialty Care DC,MSH,2025-06-06,2025-06,2025-Q2,2025,1,7978.5,0.208,103720.5,82146.636
25,2025-06-02,1,MCKESSON PLASMA AND BIOLOGICS,MPB,2025-06-06,2025-06,2025-Q2,2025,1,7978.5,0.208,199462.5,157974.3
6,2025-06-02,0,,,2025-06-06,2025-06,2025-Q2,2025,1,7978.5,0.208,47871,37913.832
4,2025-06-02,1,TANNERGAP INC,TANNERGAP,2025-06-06,2025-06,2025-Q2,2025,1,7978.5,0.208,31914,25275.888
8,2025-06-03,1,TANNERGAP INC,TANNERGAP,2025-06-06,2025-06,2025-Q2,2025,1,7978.5,0.208,63828,50551.776
10,2025-06-05,1,DOTHAN D AND S                     ,CENCORA,2025-06-06,2025-06,2025-Q2,2025,1,7978.5,0.208,79785,63189.72
16,2025-06-05,1,ASD HEALTHCARE - MONTCLAIR,CENCORA,2025-06-06,2025-06,2025-Q2,2025,1,7978.5,0.208,127656,101103.552
20,2025-06-05,1,ASD HEALTHCARE-BROOKS              ,CENCORA,2025-06-06,2025-06,2025-Q2,2025,1,7978.5,0.208,159570,126379.44
8,2025-06-09,1,MCKESSON SPECIALTY CARE DIST KY,MSH,2025-06-13,2025-06,2025-Q2,2025,1,7978.5,0.208,63828,50551.776
6,2025-06-09,1,MCKESSON SPECIALTY CARE DIST MS,MSH,2025-06-13,2025-06,2025-Q2,2025,1,7978.5,0.208,47871,37913.832
7,2025-06-09,1,MCKESSON SPECIALTY CARE DIST KY,MSH,2025-06-13,2025-06,2025-Q2,2025,1,7978.5,0.208,55849.5,44232.804
5,2025-06-09,1,McKesson Specialty Care DC,MSH,2025-06-13,2025-06,2025-Q2,2025,1,7978.5,0.208,39892.5,31594.86
50,2025-06-09,1,MCKESSON PLASMA AND BIOLOGICS      ,MPB,2025-06-13,2025-06,2025-Q2,2025,1,7978.5,0.208,398925,315948.6
3,2025-06-09,1,MCKESSON PLASMA AND BIOLOGICS,MPB,2025-06-13,2025-06,2025-Q2,2025,1,7978.5,0.208,23935.5,18956.916
4,2025-06-09,0,,,2025-06-13,2025-06,2025-Q2,2025,1,7978.5,0.208,31914,25275.888
4,2025-06-10,1,TANNERGAP INC,TANNERGAP,2025-06-13,2025-06,2025-Q2,2025,1,7978.5,0.208,31914,25275.888
12,2025-06-12,1,ASD HEALTHCARE-BROOKS              ,CENCORA,2025-06-13,2025-06,2025-Q2,2025,1,7978.5,0.208,95742,75827.664
9,2025-06-12,1,ASD HEALTHCARE - MONTCLAIR,CENCORA,2025-06-13,2025-06,2025-Q2,2025,1,7978.5,0.208,71806.5,56870.748
4,2025-06-16,1,MCKESSON SPECIALTY CARE DIST MS,MSH,2025-06-20,2025-06,2025-Q2,2025,1,7978.5,0.208,31914,25275.888
5,2025-06-16,1,McKesson Specialty Care DC,MSH,2025-06-20,2025-06,2025-Q2,2025,1,7978.5,0.208,39892.5,31594.86
25,2025-06-16,1,MCKESSON PLASMA AND BIOLOGICS,MPB,2025-06-20,2025-06,2025-Q2,2025,1,7978.5,0.208,199462.5,157974.3
12,2025-06-16,1,TANNERGAP INC,TANNERGAP,2025-06-20,2025-06,2025-Q2,2025,1,7978.5,0.208,95742,75827.664
6,2025-06-17,1,TANNERGAP INC,TANNERGAP,2025-06-20,2025-06,2025-Q2,2025,1,7978.5,0.208,47871,37913.832
13,2025-06-18,1,MCKESSON SPECIALTY CARE DIST KY,MSH,2025-06-20,2025-06,2025-Q2,2025,1,7978.5,0.208,103720.5,82146.636
4,2025-06-18,0,,,2025-06-20,2025-06,2025-Q2,2025,1,7978.5,0.208,31914,25275.888
4,2025-06-19,1,ASD HEALTHCARE - MONTCLAIR,CENCORA,2025-06-20,2025-06,2025-Q2,2025,1,7978.5,0.208,31914,25275.888
11,2025-06-19,1,ASD HEALTHCARE-BROOKS              ,CENCORA,2025-06-20,2025-06,2025-Q2,2025,1,7978.5,0.208,87763.5,69508.692
7,2025-06-19,1,DOTHAN D AND S                     ,CENCORA,2025-06-20,2025-06,2025-Q2,2025,1,7978.5,0.208,55849.5,44232.804
1,2025-06-23,1,McKesson Specialty Care DC,MSH,2025-06-27,2025-06,2025-Q2,2025,1,7978.5,0.208,7978.5,6318.972
6,2025-06-23,1,MCKESSON SPECIALTY CARE DIST MS,MSH,2025-06-27,2025-06,2025-Q2,2025,1,7978.5,0.208,47871,37913.832
7,2025-06-23,1,MCKESSON PLASMA AND BIOLOGICS,MPB,2025-06-27,2025-06,2025-Q2,2025,1,7978.5,0.208,55849.5,44232.804
8,2025-06-24,0,,,2025-06-27,2025-06,2025-Q2,2025,1,7978.5,0.208,63828,50551.776
5,2025-06-25,1,MCKESSON SPECIALTY CARE DIST KY,MSH,2025-06-27,2025-06,2025-Q2,2025,1,7978.5,0.208,39892.5,31594.86
50,2025-06-25,1,MCKESSON PLASMA AND BIOLOGICS      ,MPB,2025-06-27,2025-06,2025-Q2,2025,1,7978.5,0.208,398925,315948.6
2,2025-06-25,1,TANNERGAP INC,TANNERGAP,2025-06-27,2025-06,2025-Q2,2025,1,7978.5,0.208,15957,12637.944
9,2025-06-26,1,DOTHAN D AND S                     ,CENCORA,2025-06-27,2025-06,2025-Q2,2025,1,7978.5,0.208,71806.5,56870.748
2,2025-06-26,1,ASD HEALTHCARE-BROOKS              ,CENCORA,2025-06-27,2025-06,2025-Q2,2025,1,7978.5,0.208,15957,12637.944
10,2025-06-26,1,ASD HEALTHCARE - MONTCLAIR,CENCORA,2025-06-27,2025-06,2025-Q2,2025,1,7978.5,0.208,79785,63189.72
-3,2025-06-26,0,,,2025-06-27,2025-06,2025-Q2,2025,1,7978.5,0.208,-23935.5,-18956.916
-1,2025-06-26,0,,,2025-06-27,2025-06,2025-Q2,2025,1,7978.5,0.208,-7978.5,-6318.972
13,2025-06-26,1,MCKESSON SPECIALTY CARE DIST KY,MSH,2025-06-27,2025-06,2025-Q2,2025,1,7978.5,0.208,103720.5,82146.636
-1,2025-06-26,0,,,2025-06-27,2025-06,2025-Q2,2025,1,7978.5,0.208,-7978.5,-6318.972
-1,2025-06-26,0,,,2025-06-27,2025-06,2025-Q2,2025,1,7978.5,0.208,-7978.5,-6318.972
30,2025-07-01,1,MCKESSON PLASMA AND BIOLOGICS,MPB,2025-07-04,2025-07,2025-Q3,2025,1,8203.1,0.207,246093,195151.749
-2,2025-07-02,0,McKesson Specialty Care DC,MSH,2025-07-04,2025-07,2025-Q3,2025,1,8203.1,0.207,-16406.2,-13010.1166
1,2025-07-07,1,ASD HEALTHCARE - MONTCLAIR,CENCORA,2025-07-11,2025-07,2025-Q3,2025,1,8203.1,0.207,8203.1,6505.0583
23,2025-07-07,1,ASD HEALTHCARE-BROOKS              ,CENCORA,2025-07-11,2025-07,2025-Q3,2025,1,8203.1,0.207,188671.3,149616.3409
9,2025-07-07,1,MCKESSON SPECIALTY CARE DIST MS,MSH,2025-07-11,2025-07,2025-Q3,2025,1,8203.1,0.207,73827.9,58545.5247
20,2025-07-07,1,MCKESSON PLASMA AND BIOLOGICS,MPB,2025-07-11,2025-07,2025-Q3,2025,1,8203.1,0.207,164062,130101.166
50,2025-07-08,1,MCKESSON PLASMA AND BIOLOGICS      ,MPB,2025-07-11,2025-07,2025-Q3,2025,1,8203.1,0.207,410155,325252.915
8,2025-07-08,1,TANNERGAP INC,TANNERGAP,2025-07-11,2025-07,2025-Q3,2025,1,8203.1,0.207,65624.8,52040.4664
2,2025-07-08,1,TANNERGAP INC,TANNERGAP,2025-07-11,2025-07,2025-Q3,2025,1,8203.1,0.207,16406.2,13010.1166
-7,2025-07-09,0,MCKESSON PLASMA AND BIOLOGICS      ,MPB,2025-07-11,2025-07,2025-Q3,2025,1,8203.1,0.207,-57421.7,-45535.4081
12,2025-07-09,1,TANNERGAP INC,TANNERGAP,2025-07-11,2025-07,2025-Q3,2025,1,8203.1,0.207,98437.2,78060.6996
8,2025-07-10,1,ASD HEALTHCARE-BROOKS              ,CENCORA,2025-07-11,2025-07,2025-Q3,2025,1,8203.1,0.207,65624.8,52040.4664
3,2025-07-10,1,ASD HEALTHCARE - MONTCLAIR,CENCORA,2025-07-11,2025-07,2025-Q3,2025,1,8203.1,0.207,24609.3,19515.1749
15,2025-07-14,1,MCKESSON SPECIALTY CARE DIST MS,MSH,2025-07-18,2025-07,2025-Q3,2025,1,8203.1,0.207,123046.5,97575.8745
16,2025-07-14,1,MCKESSON SPECIALTY CARE DIST MS,MSH,2025-07-18,2025-07,2025-Q3,2025,1,8203.1,0.207,131249.6,104080.9328
10,2025-07-14,1,McKesson Specialty Care DC,MSH,2025-07-18,2025-07,2025-Q3,2025,1,8203.1,0.207,82031,65050.583
12,2025-07-14,1,MCKESSON PLASMA AND BIOLOGICS,MPB,2025-07-18,2025-07,2025-Q3,2025,1,8203.1,0.207,98437.2,78060.6996
6,2025-07-15,1,TANNERGAP INC,TANNERGAP,2025-07-18,2025-07,2025-Q3,2025,1,8203.1,0.207,49218.6,39030.3498
4,2025-07-17,1,DOTHAN D AND S                     ,CENCORA,2025-07-18,2025-07,2025-Q3,2025,1,8203.1,0.207,32812.4,26020.2332
6,2025-07-17,1,ASD HEALTHCARE - MONTCLAIR,CENCORA,2025-07-18,2025-07,2025-Q3,2025,1,8203.1,0.207,49218.6,39030.3498
9,2025-07-17,1,ASD HEALTHCARE-BROOKS              ,CENCORA,2025-07-18,2025-07,2025-Q3,2025,1,8203.1,0.207,73827.9,58545.5247
7,2025-07-21,1,McKesson Specialty Care DC,MSH,2025-07-25,2025-07,2025-Q3,2025,1,8203.1,0.207,57421.7,45535.4081
50,2025-07-21,1,MCKESSON PLASMA AND BIOLOGICS,MPB,2025-07-25,2025-07,2025-Q3,2025,1,8203.1,0.207,410155,325252.915
4,2025-07-21,1,TANNERGAP INC,TANNERGAP,2025-07-25,2025-07,2025-Q3,2025,1,8203.1,0.207,32812.4,26020.2332
2,2025-07-22,0,,,2025-07-25,2025-07,2025-Q3,2025,1,8203.1,0.207,16406.2,13010.1166
12,2025-07-22,1,TANNERGAP INC,TANNERGAP,2025-07-25,2025-07,2025-Q3,2025,1,8203.1,0.207,98437.2,78060.6996
16,2025-07-24,1,ASD HEALTHCARE-BROOKS              ,CENCORA,2025-07-25,2025-07,2025-Q3,2025,1,8203.1,0.207,131249.6,104080.9328
1,2025-07-24,1,ASD HEALTHCARE - MONTCLAIR,CENCORA,2025-07-25,2025-07,2025-Q3,2025,1,8203.1,0.207,8203.1,6505.0583
9,2025-07-24,1,DOTHAN D AND S                     ,CENCORA,2025-07-25,2025-07,2025-Q3,2025,1,8203.1,0.207,73827.9,58545.5247
6,2025-07-24,1,TANNERGAP INC,TANNERGAP,2025-07-25,2025-07,2025-Q3,2025,1,8203.1,0.207,49218.6,39030.3498
15,2025-07-28,1,MCKESSON PLASMA AND BIOLOGICS,MPB,2025-08-01,2025-07,2025-Q3,2025,1,8203.1,0.207,123046.5,97575.8745
10,2025-07-29,1,MCKESSON SPECIALTY CARE DIST MS,MSH,2025-08-01,2025-07,2025-Q3,2025,1,8203.1,0.207,82031,65050.583
12,2025-07-29,1,McKesson Specialty Care DC,MSH,2025-08-01,2025-07,2025-Q3,2025,1,8203.1,0.207,98437.2,78060.6996
4,2025-07-30,1,DOTHAN D AND S                     ,CENCORA,2025-08-01,2025-07,2025-Q3,2025,1,8203.1,0.207,32812.4,26020.2332
6,2025-07-30,1,ASD HEALTHCARE-BROOKS              ,CENCORA,2025-08-01,2025-07,2025-Q3,2025,1,8203.1,0.207,49218.6,39030.3498
4,2025-07-30,1,ASD HEALTHCARE - MONTCLAIR,CENCORA,2025-08-01,2025-07,2025-Q3,2025,1,8203.1,0.207,32812.4,26020.2332
6,2025-07-30,1,McKesson Specialty Care DC,MSH,2025-08-01,2025-07,2025-Q3,2025,1,8203.1,0.207,49218.6,39030.3498
6,2025-07-30,1,MCKESSON SPECIALTY CARE DIST MS,MSH,2025-08-01,2025-07,2025-Q3,2025,1,8203.1,0.207,49218.6,39030.3498
25,2025-07-30,1,MCKESSON PLASMA AND BIOLOGICS,MPB,2025-08-01,2025-07,2025-Q3,2025,1,8203.1,0.207,205077.5,162626.4575
50,2025-07-31,1,MCKESSON PLASMA AND BIOLOGICS      ,MPB,2025-08-01,2025-07,2025-Q3,2025,1,8203.1,0.207,410155,325252.915
2,2025-08-04,1,MCKESSON SPECIALTY CARE DIST MS,MSH,2025-08-08,2025-08,2025-Q3,2025,1,8217.9,0.206,16435.8,13050.0252
2,2025-08-04,1,MCKESSON SPECIALTY CARE DIST LVG,MSH,2025-08-08,2025-08,2025-Q3,2025,1,8217.9,0.206,16435.8,13050.0252
2,2025-08-05,1,MCKESSON SPECIALTY CARE DIST LVG,MSH,2025-08-08,2025-08,2025-Q3,2025,1,8217.9,0.206,16435.8,13050.0252
4,2025-08-06,1,TANNERGAP INC,TANNERGAP,2025-08-08,2025-08,2025-Q3,2025,1,8217.9,0.206,32871.6,26100.0504
25,2025-08-11,1,MCKESSON SPECIALTY CARE DIST LVG,MSH,2025-08-15,2025-08,2025-Q3,2025,1,8217.9,0.206,205447.5,163125.315
24,2025-08-11,1,MCKESSON SPECIALTY CARE DIST MS,MSH,2025-08-15,2025-08,2025-Q3,2025,1,8217.9,0.206,197229.6,156600.3024
21,2025-08-12,1,MCKESSON SPECIALTY CARE DIST LVG,MSH,2025-08-15,2025-08,2025-Q3,2025,1,8217.9,0.206,172575.9,137025.2646
6,2025-08-12,1,TANNERGAP INC,TANNERGAP,2025-08-15,2025-08,2025-Q3,2025,1,8217.9,0.206,49307.4,39150.0756
12,2025-08-19,1,TANNERGAP INC,TANNERGAP,2025-08-22,2025-08,2025-Q3,2025,1,8217.9,0.206,98614.8,78300.1512
9,2025-08-20,1,ASD HEALTHCARE - MONTCLAIR,CENCORA,2025-08-22,2025-08,2025-Q3,2025,1,8217.9,0.206,73961.1,58725.1134
15,2025-08-20,1,ASD HEALTHCARE DISTRIBUTION CENTER,CENCORA,2025-08-22,2025-08,2025-Q3,2025,1,8217.9,0.206,123268.5,97875.189
3,2025-08-20,1,ONCOLOGY SUPPLY DISTRIBUTION CENTER,CENCORA,2025-08-22,2025-08,2025-Q3,2025,1,8217.9,0.206,24653.7,19575.0378
3,2025-08-20,1,ONCOLOGY SUPPLY DISTRIBUTION CENTER,CENCORA,2025-08-22,2025-08,2025-Q3,2025,1,8217.9,0.206,24653.7,19575.0378
1,2025-08-20,1,ASD HEALTHCARE - MONTCLAIR,CENCORA,2025-08-22,2025-08,2025-Q3,2025,1,8217.9,0.206,8217.9,6525.0126
22,2025-08-20,1,ASD HEALTHCARE DISTRIBUTION CENTER,CENCORA,2025-08-22,2025-08,2025-Q3,2025,1,8217.9,0.206,180793.8,143550.2772
30,2025-08-20,1,MCKESSON PLASMA AND BIOLOGICS MS,MPB,2025-08-22,2025-08,2025-Q3,2025,1,8217.9,0.206,246537,195750.378
7,2025-08-21,1,ASD HEALTHCARE - MONTCLAIR,CENCORA,2025-08-22,2025-08,2025-Q3,2025,1,8217.9,0.206,57525.3,45675.0882
19,2025-08-21,1,ASD HEALTHCARE DISTRIBUTION CENTER,CENCORA,2025-08-22,2025-08,2025-Q3,2025,1,8217.9,0.206,156140.1,123975.2394
9,2025-08-21,1,ONCOLOGY SUPPLY DISTRIBUTION CENTER,CENCORA,2025-08-22,2025-08,2025-Q3,2025,1,8217.9,0.206,73961.1,58725.1134
8,2025-08-21,1,TANNERGAP INC,TANNERGAP,2025-08-22,2025-08,2025-Q3,2025,1,8217.9,0.206,65743.2,52200.1008
50,2025-08-21,1,MCKESSON PLASMA AND BIOLOGICS KY,MPB,2025-08-22,2025-08,2025-Q3,2025,1,8217.9,0.206,410895,326250.63
-2,2025-08-25,0,,,2025-08-29,2025-08,2025-Q3,2025,1,8217.9,0.206,-16435.8,-13050.0252
8,2025-08-28,1,ONCOLOGY SUPPLY DISTRIBUTION CENTER,CENCORA,2025-08-29,2025-08,2025-Q3,2025,1,8217.9,0.206,65743.2,52200.1008
5,2025-08-28,1,ASD HEALTHCARE DISTRIBUTION CENTER,CENCORA,2025-08-29,2025-08,2025-Q3,2025,1,8217.9,0.206,41089.5,32625.063
5,2025-08-28,1,ASD HEALTHCARE - MONTCLAIR,CENCORA,2025-08-29,2025-08,2025-Q3,2025,1,8217.9,0.206,41089.5,32625.063
20,2025-08-28,1,MCKESSON PLASMA AND BIOLOGICS KY,MPB,2025-08-29,2025-08,2025-Q3,2025,1,8217.9,0.206,164358,130500.252
30,2025-08-28,1,MCKESSON PLASMA AND BIOLOGICS MS,MPB,2025-08-29,2025-08,2025-Q3,2025,1,8217.9,0.206,246537,195750.378
6,2025-08-28,1,TANNERGAP INC,TANNERGAP,2025-08-29,2025-08,2025-Q3,2025,1,8217.9,0.206,49307.4,39150.0756
2,2025-09-02,1,MCKESSON SPECIALTY CARE DIST LVG,MSH,2025-09-05,2025-09,2025-Q3,2025,1,8217.9,0.177,16435.8,13526.6634
8,2025-09-02,1,MCKESSON SPECIALTY CARE DIST MS,MSH,2025-09-05,2025-09,2025-Q3,2025,1,8217.9,0.177,65743.2,54106.6536
50,2025-09-03,1,MCKESSON PLASMA AND BIOLOGICS KY,MPB,2025-09-05,2025-09,2025-Q3,2025,1,8217.9,0.177,410895,338166.585
1,2025-09-03,1,TANNERGAP INC,TANNERGAP,2025-09-05,2025-09,2025-Q3,2025,1,8217.9,0.177,8217.9,6763.3317
-2,2025-09-04,0,MCKESSON CORPORATE,MSH,2025-09-05,2025-09,2025-Q3,2025,1,8217.9,0.177,-16435.8,-13526.6634
32,2025-09-04,1,ASD HEALTHCARE DISTRIBUTION CENTER,CENCORA,2025-09-05,2025-09,2025-Q3,2025,1,8217.9,0.177,262972.8,216426.6144
9,2025-09-04,1,ASD HEALTHCARE - MONTCLAIR,CENCORA,2025-09-05,2025-09,2025-Q3,2025,1,8217.9,0.177,73961.1,60869.9853
2,2025-09-04,1,ONCOLOGY SUPPLY DISTRIBUTION CENTER,CENCORA,2025-09-05,2025-09,2025-Q3,2025,1,8217.9,0.177,16435.8,13526.6634
-1,2025-09-04,0,,,2025-09-05,2025-09,2025-Q3,2025,1,8217.9,0.177,-8217.9,-6763.3317
50,2025-09-08,1,MCKESSON PLASMA AND BIOLOGICS KY,MPB,2025-09-12,2025-09,2025-Q3,2025,1,8217.9,0.177,410895,338166.585
10,2025-09-08,1,MCKESSON SPECIALTY CARE DIST MS,MSH,2025-09-12,2025-09,2025-Q3,2025,1,8217.9,0.177,82179,67633.317
6,2025-09-09,1,TANNERGAP INC,TANNERGAP,2025-09-12,2025-09,2025-Q3,2025,1,8217.9,0.177,49307.4,40579.9902
27,2025-09-11,1,ASD HEALTHCARE DISTRIBUTION CENTER,CENCORA,2025-09-12,2025-09,2025-Q3,2025,1,8217.9,0.177,221883.3,182609.9559
12,2025-09-11,1,ONCOLOGY SUPPLY DISTRIBUTION CENTER,CENCORA,2025-09-12,2025-09,2025-Q3,2025,1,8217.9,0.177,98614.8,81159.9804
10,2025-09-11,1,ASD HEALTHCARE - MONTCLAIR,CENCORA,2025-09-12,2025-09,2025-Q3,2025,1,8217.9,0.177,82179,67633.317
22,2025-09-15,1,MCKESSON SPECIALTY CARE DIST MS,MSH,2025-09-19,2025-09,2025-Q3,2025,1,8217.9,0.177,180793.8,148793.2974
28,2025-09-15,1,MCKESSON SPECIALTY CARE DIST LVG,MSH,2025-09-19,2025-09,2025-Q3,2025,1,8217.9,0.177,230101.2,189373.2876
50,2025-09-16,1,MCKESSON PLASMA AND BIOLOGICS KY,MPB,2025-09-19,2025-09,2025-Q3,2025,1,8217.9,0.177,410895,338166.585
2,2025-09-18,1,ONCOLOGY SUPPLY DISTRIBUTION CENTER,CENCORA,2025-09-19,2025-09,2025-Q3,2025,1,8217.9,0.177,16435.8,13526.6634
11,2025-09-18,1,ASD HEALTHCARE - MONTCLAIR,CENCORA,2025-09-19,2025-09,2025-Q3,2025,1,8217.9,0.177,90396.9,74396.6487
33,2025-09-18,1,ASD HEALTHCARE DISTRIBUTION CENTER,CENCORA,2025-09-19,2025-09,2025-Q3,2025,1,8217.9,0.177,271190.7,223189.9461
10,2025-09-22,1,MCKESSON SPECIALTY CARE DIST MS,MSH,2025-09-26,2025-09,2025-Q3,2025,1,8217.9,0.177,82179,67633.317
10,2025-09-22,1,MCKESSON SPECIALTY CARE DIST LVG,MSH,2025-09-26,2025-09,2025-Q3,2025,1,8217.9,0.177,82179,67633.317
12,2025-09-23,1,TANNERGAP INC,TANNERGAP,2025-09-26,2025-09,2025-Q3,2025,1,8217.9,0.177,98614.8,81159.9804
50,2025-09-24,1,MCKESSON PLASMA AND BIOLOGICS KY,MPB,2025-09-26,2025-09,2025-Q3,2025,1,8217.9,0.177,410895,338166.585
50,2025-09-25,1,ASD HEALTHCARE DISTRIBUTION CENTER,CENCORA,2025-09-26,2025-09,2025-Q3,2025,1,8217.9,0.177,410895,338166.585
15,2025-09-25,1,ASD HEALTHCARE - MONTCLAIR,CENCORA,2025-09-26,2025-09,2025-Q3,2025,1,8217.9,0.177,123268.5,101449.9755
9,2025-09-25,1,ONCOLOGY SUPPLY DISTRIBUTION CENTER,CENCORA,2025-09-26,2025-09,2025-Q3,2025,1,8217.9,0.177,73961.1,60869.9853
12,2025-09-29,1,MCKESSON PLASMA AND BIOLOGICS MS,MPB,2025-10-03,2025-09,2025-Q3,2025,1,8217.9,0.177,98614.8,81159.9804
10,2025-09-29,1,MCKESSON SPECIALTY CARE DIST LVG,MSH,2025-10-03,2025-09,2025-Q3,2025,1,8217.9,0.177,82179,67633.317
5,2025-09-29,1,MCKESSON SPECIALTY CARE DIST MS,MSH,2025-10-03,2025-09,2025-Q3,2025,1,8217.9,0.177,41089.5,33816.6585
2,2025-09-30,1,MCKESSON SPECIALTY CARE DIST LVG,MSH,2025-10-03,2025-09,2025-Q3,2025,1,8217.9,0.177,16435.8,13526.6634
50,2025-09-30,1,MCKESSON PLASMA AND BIOLOGICS KY,MPB,2025-10-03,2025-09,2025-Q3,2025,1,8217.9,0.177,410895,338166.585
6,2025-10-02,1,ONCOLOGY SUPPLY DISTRIBUTION CENTER,CENCORA,2025-10-03,2025-10,2025-Q4,2025,1,8217.9,0.205,49307.4,39199.383
11,2025-10-02,1,ASD HEALTHCARE - MONTCLAIR,CENCORA,2025-10-03,2025-10,2025-Q4,2025,1,8217.9,0.205,90396.9,71865.5355
6,2025-10-06,1,TANNERGAP INC,TANNERGAP,2025-10-10,2025-10,2025-Q4,2025,1,8217.9,0.205,49307.4,39199.383
15,2025-10-06,1,MCKESSON SPECIALTY CARE DIST MS,MSH,2025-10-10,2025-10,2025-Q4,2025,1,8217.9,0.205,123268.5,97998.4575
12,2025-10-06,1,MCKESSON SPECIALTY CARE DIST LVG,MSH,2025-10-10,2025-10,2025-Q4,2025,1,8217.9,0.205,98614.8,78398.766
7,2025-10-06,1,MCKESSON PLASMA AND BIOLOGICS MS,MPB,2025-10-10,2025-10,2025-Q4,2025,1,8217.9,0.205,57525.3,45732.6135
8,2025-10-13,1,MCKESSON SPECIALTY CARE DIST MS,MSH,2025-10-17,2025-10,2025-Q4,2025,1,8217.9,0.205,65743.2,52265.844
6,2025-10-13,1,MCKESSON SPECIALTY CARE DIST LVG,MSH,2025-10-17,2025-10,2025-Q4,2025,1,8217.9,0.205,49307.4,39199.383
4,2025-10-13,1,MCKESSON SPECIALTY CARE DIST LVG,MSH,2025-10-17,2025-10,2025-Q4,2025,1,8217.9,0.205,32871.6,26132.922
3,2025-10-13,1,MCKESSON PLASMA AND BIOLOGICS MS,MPB,2025-10-17,2025-10,2025-Q4,2025,1,8217.9,0.205,24653.7,19599.6915
4,2025-10-09,1,ONCOLOGY SUPPLY DISTRIBUTION CENTER,CENCORA,2025-10-10,2025-10,2025-Q4,2025,1,8217.9,0.205,32871.6,26132.922
3,2025-10-09,1,ASD HEALTHCARE DISTRIBUTION CENTER,CENCORA,2025-10-10,2025-10,2025-Q4,2025,1,8217.9,0.205,24653.7,19599.6915
9,2025-10-09,1,ASD HEALTHCARE - MONTCLAIR,CENCORA,2025-10-10,2025-10,2025-Q4,2025,1,8217.9,0.205,73961.1,58799.0745
11,2025-10-16,1,ASD HEALTHCARE - MONTCLAIR,CENCORA,2025-10-17,2025-10,2025-Q4,2025,1,8217.9,0.205,90396.9,71865.5355
9,2025-10-16,1,ONCOLOGY SUPPLY DISTRIBUTION CENTER,CENCORA,2025-10-17,2025-10,2025-Q4,2025,1,8217.9,0.205,73961.1,58799.0745
21,2025-10-16,1,ASD HEALTHCARE DISTRIBUTION CENTER,CENCORA,2025-10-17,2025-10,2025-Q4,2025,1,8217.9,0.205,172575.9,137197.8405
12,2025-10-20,1,MCKESSON SPECIALTY CARE DIST MS,MSH,2025-10-24,2025-10,2025-Q4,2025,1,8217.9,0.205,98614.8,78398.766
10,2025-10-20,1,MCKESSON SPECIALTY CARE DIST LVG,MSH,2025-10-24,2025-10,2025-Q4,2025,1,8217.9,0.205,82179,65332.305
18,2025-10-20,1,MCKESSON PLASMA AND BIOLOGICS MS,MPB,2025-10-24,2025-10,2025-Q4,2025,1,8217.9,0.205,147922.2,117598.149
50,2025-10-21,1,MCKESSON PLASMA AND BIOLOGICS KY,MPB,2025-10-24,2025-10,2025-Q4,2025,1,8217.9,0.205,410895,326661.525
9,2025-10-23,1,ONCOLOGY SUPPLY DISTRIBUTION CENTER,CENCORA,2025-10-24,2025-10,2025-Q4,2025,1,8217.9,0.205,73961.1,58799.0745
1,2025-10-23,1,ASD HEALTHCARE - MONTCLAIR,CENCORA,2025-10-24,2025-10,2025-Q4,2025,1,8217.9,0.205,8217.9,6533.2305
27,2025-10-23,1,ASD HEALTHCARE DISTRIBUTION CENTER,CENCORA,2025-10-24,2025-10,2025-Q4,2025,1,8217.9,0.205,221883.3,176397.2235
4,2025-10-27,1,TANNERGAP INC,TANNERGAP,2025-10-31,2025-10,2025-Q4,2025,1,8217.9,0.205,32871.6,26132.922
20,2025-10-27,1,MCKESSON PLASMA AND BIOLOGICS MS,MPB,2025-10-31,2025-10,2025-Q4,2025,1,8217.9,0.205,164358,130664.61
12,2025-10-27,1,MCKESSON SPECIALTY CARE DIST LVG,MSH,2025-10-31,2025-10,2025-Q4,2025,1,8217.9,0.205,98614.8,78398.766
16,2025-10-27,1,MCKESSON SPECIALTY CARE DIST MS,MSH,2025-10-31,2025-10,2025-Q4,2025,1,8217.9,0.205,131486.4,104531.688
3,2025-10-28,1,MCKESSON SPECIALTY CARE DIST LVG,MSH,2025-10-31,2025-10,2025-Q4,2025,1,8217.9,0.205,24653.7,19599.6915
50,2025-10-28,1,MCKESSON PLASMA AND BIOLOGICS KY,MPB,2025-10-31,2025-10,2025-Q4,2025,1,8217.9,0.205,410895,326661.525
8,2025-10-28,1,TANNERGAP INC,TANNERGAP,2025-10-31,2025-10,2025-Q4,2025,1,8217.9,0.205,65743.2,52265.844
2,2025-10-30,1,ASD HEALTHCARE - MONTCLAIR,CENCORA,2025-10-31,2025-10,2025-Q4,2025,1,8217.9,0.205,16435.8,13066.461
29,2025-10-30,1,ASD HEALTHCARE DISTRIBUTION CENTER,CENCORA,2025-10-31,2025-10,2025-Q4,2025,1,8217.9,0.205,238319.1,189463.6845
8,2025-10-30,1,ONCOLOGY SUPPLY DISTRIBUTION CENTER,CENCORA,2025-10-31,2025-10,2025-Q4,2025,1,8217.9,0.205,65743.2,52265.844
3,2025-11-03,1,MCKESSON SPECIALTY CARE DIST MS,MSH,2025-11-07,2025-11,2025-Q4,2025,1,8217.9,0.205,24653.7,19599.6915
2,2025-11-03,1,MCKESSON SPECIALTY CARE DIST LVG,MSH,2025-11-07,2025-11,2025-Q4,2025,1,8217.9,0.205,16435.8,13066.461
27,2025-11-03,1,MCKESSON PLASMA AND BIOLOGICS MS,MPB,2025-11-07,2025-11,2025-Q4,2025,1,8217.9,0.205,221883.3,176397.2235
2,2025-11-04,1,MCKESSON SPECIALTY CARE DIST LVG,MSH,2025-11-07,2025-11,2025-Q4,2025,1,8217.9,0.205,16435.8,13066.461
10,2025-11-06,1,ONCOLOGY SUPPLY DISTRIBUTION CENTER,CENCORA,2025-11-07,2025-11,2025-Q4,2025,1,8217.9,0.205,82179,65332.305
50,2025-11-06,1,ASD HEALTHCARE DISTRIBUTION CENTER,CENCORA,2025-11-07,2025-11,2025-Q4,2025,1,8217.9,0.205,410895,326661.525
5,2025-11-06,1,ASD HEALTHCARE - MONTCLAIR,CENCORA,2025-11-07,2025-11,2025-Q4,2025,1,8217.9,0.205,41089.5,32666.1525
8,2025-11-10,1,MCKESSON SPECIALTY CARE DIST LVG,MSH,2025-11-14,2025-11,2025-Q4,2025,1,8217.9,0.205,65743.2,52265.844
13,2025-11-10,1,MCKESSON SPECIALTY CARE DIST MS,MSH,2025-11-14,2025-11,2025-Q4,2025,1,8217.9,0.205,106832.7,84931.9965
50,2025-11-10,1,MCKESSON PLASMA AND BIOLOGICS MS,MPB,2025-11-14,2025-11,2025-Q4,2025,1,8217.9,0.205,410895,326661.525
4,2025-11-10,1,TANNERGAP INC,TANNERGAP,2025-11-14,2025-11,2025-Q4,2025,1,8217.9,0.205,32871.6,26132.922
50,2025-11-12,1,MCKESSON PLASMA AND BIOLOGICS KY,MPB,2025-11-14,2025-11,2025-Q4,2025,1,8217.9,0.205,410895,326661.525
2,2025-11-13,1,ASD HEALTHCARE - MONTCLAIR,CENCORA,2025-11-14,2025-11,2025-Q4,2025,1,8217.9,0.205,16435.8,13066.461
13,2025-11-13,1,ONCOLOGY SUPPLY DISTRIBUTION CENTER,CENCORA,2025-11-14,2025-11,2025-Q4,2025,1,8217.9,0.205,106832.7,84931.9965
13,2025-11-17,1,MCKESSON SPECIALTY CARE DIST LVG,MSH,2025-11-21,2025-11,2025-Q4,2025,1,8217.9,0.205,106832.7,84931.9965
10,2025-11-17,1,MCKESSON SPECIALTY CARE DIST MS,MSH,2025-11-21,2025-11,2025-Q4,2025,1,8217.9,0.205,82179,65332.305
50,2025-11-18,1,MCKESSON PLASMA AND BIOLOGICS KY,MPB,2025-11-21,2025-11,2025-Q4,2025,1,8217.9,0.205,410895,326661.525
3,2025-11-18,1,MCKESSON SPECIALTY CARE DIST LVG,MSH,2025-11-21,2025-11,2025-Q4,2025,1,8217.9,0.205,24653.7,19599.6915
12,2025-11-19,1,TANNERGAP INC,TANNERGAP,2025-11-21,2025-11,2025-Q4,2025,1,8217.9,0.205,98614.8,78398.766
5,2025-11-20,1,ASD HEALTHCARE - MONTCLAIR,CENCORA,2025-11-21,2025-11,2025-Q4,2025,1,8217.9,0.205,41089.5,32666.1525
17,2025-11-20,1,ASD HEALTHCARE DISTRIBUTION CENTER,CENCORA,2025-11-21,2025-11,2025-Q4,2025,1,8217.9,0.205,139704.3,111064.9185
4,2025-11-20,1,ONCOLOGY SUPPLY DISTRIBUTION CENTER,CENCORA,2025-11-21,2025-11,2025-Q4,2025,1,8217.9,0.205,32871.6,26132.922
6,2025-11-24,1,ASD HEALTHCARE - MONTCLAIR,CENCORA,2025-11-28,2025-11,2025-Q4,2025,1,8217.9,0.205,49307.4,39199.383
18,2025-11-24,1,MCKESSON SPECIALTY CARE DIST LVG,MSH,2025-11-28,2025-11,2025-Q4,2025,1,8217.9,0.205,147922.2,117598.149
50,2025-11-24,1,MCKESSON PLASMA AND BIOLOGICS MS,MPB,2025-11-28,2025-11,2025-Q4,2025,1,8217.9,0.205,410895,326661.525
4,2025-11-25,1,TANNERGAP INC,TANNERGAP,2025-11-28,2025-11,2025-Q4,2025,1,8217.9,0.205,32871.6,26132.922
3,2025-12-01,1,MCKESSON SPECIALTY CARE DIST LVG,MSH,2025-12-05,2025-12,2025-Q4,2025,1,8217.9,0.157,24653.7,20783.0691
15,2025-12-01,1,MCKESSON SPECIALTY CARE DIST MS,MSH,2025-12-05,2025-12,2025-Q4,2025,1,8217.9,0.157,123268.5,103915.3455
9,2025-12-01,1,MCKESSON SPECIALTY CARE DIST LVG,MSH,2025-12-05,2025-12,2025-Q4,2025,1,8217.9,0.157,73961.1,62349.2073
50,2025-12-01,1,MCKESSON PLASMA AND BIOLOGICS KY,MPB,2025-12-05,2025-12,2025-Q4,2025,1,8217.9,0.157,410895,346384.485
38,2025-12-01,1,MCKESSON PLASMA AND BIOLOGICS KY,MPB,2025-12-05,2025-12,2025-Q4,2025,1,8217.9,0.157,312280.2,263252.2086
12,2025-12-02,1,MCKESSON PLASMA AND BIOLOGICS KY,MPB,2025-12-05,2025-12,2025-Q4,2025,1,8217.9,0.157,98614.8,83132.2764
-2,2025-12-03,0,MCKESSON CORPORATE,MSH,2025-12-05,2025-12,2025-Q4,2025,1,8217.9,0.157,-16435.8,-13855.3794
-1,2025-12-03,0,MCKESSON CORPORATE,MSH,2025-12-05,2025-12,2025-Q4,2025,1,8217.9,0.157,-8217.9,-6927.6897
2,2025-12-04,1,ASD HEALTHCARE - MONTCLAIR,CENCORA,2025-12-05,2025-12,2025-Q4,2025,1,8217.9,0.157,16435.8,13855.3794
25,2025-12-04,1,ASD HEALTHCARE DISTRIBUTION CENTER,CENCORA,2025-12-05,2025-12,2025-Q4,2025,1,8217.9,0.157,205447.5,173192.2425
19,2025-12-04,1,ONCOLOGY SUPPLY DISTRIBUTION CENTER,CENCORA,2025-12-05,2025-12,2025-Q4,2025,1,8217.9,0.157,156140.1,131626.1043
4,2025-12-08,1,MCKESSON SPECIALTY CARE DIST MS,MSH,2025-12-12,2025-12,2025-Q4,2025,1,8217.9,0.157,32871.6,27710.7588
8,2025-12-08,1,MCKESSON SPECIALTY CARE DIST LVG,MSH,2025-12-12,2025-12,2025-Q4,2025,1,8217.9,0.157,65743.2,55421.5176
4,2025-12-09,1,MCKESSON SPECIALTY CARE DIST LVG,MSH,2025-12-12,2025-12,2025-Q4,2025,1,8217.9,0.157,32871.6,27710.7588
8,2025-12-10,1,TANNERGAP INC,TANNERGAP,2025-12-12,2025-12,2025-Q4,2025,1,8217.9,0.157,65743.2,55421.5176
5,2025-12-11,1,ASD HEALTHCARE - MONTCLAIR,CENCORA,2025-12-12,2025-12,2025-Q4,2025,1,8217.9,0.157,41089.5,34638.4485
15,2025-12-11,1,ONCOLOGY SUPPLY DISTRIBUTION CENTER,CENCORA,2025-12-12,2025-12,2025-Q4,2025,1,8217.9,0.157,123268.5,103915.3455
50,2025-12-11,1,ASD HEALTHCARE DISTRIBUTION CENTER,CENCORA,2025-12-12,2025-12,2025-Q4,2025,1,8217.9,0.157,410895,346384.485
8,2025-12-11,1,TANNERGAP INC,TANNERGAP,2025-12-12,2025-12,2025-Q4,2025,1,8217.9,0.157,65743.2,55421.5176
10,2025-12-15,1,MCKESSON SPECIALTY CARE DIST LVG,MSH,2025-12-19,2025-12,2025-Q4,2025,1,8217.9,0.157,82179,69276.897
15,2025-12-15,1,MCKESSON SPECIALTY CARE DIST MS,MSH,2025-12-19,2025-12,2025-Q4,2025,1,8217.9,0.157,123268.5,103915.3455
2,2025-12-17,1,MCKESSON SPECIALTY CARE DIST LVG,MSH,2025-12-19,2025-12,2025-Q4,2025,1,8217.9,0.157,16435.8,13855.3794
50,2025-12-17,1,MCKESSON PLASMA AND BIOLOGICS KY,MPB,2025-12-19,2025-12,2025-Q4,2025,1,8217.9,0.157,410895,346384.485
9,2025-12-18,1,ONCOLOGY SUPPLY DISTRIBUTION CENTER,CENCORA,2025-12-19,2025-12,2025-Q4,2025,1,8217.9,0.157,73961.1,62349.2073
50,2025-12-18,1,ASD HEALTHCARE DISTRIBUTION CENTER,CENCORA,2025-12-19,2025-12,2025-Q4,2025,1,8217.9,0.157,410895,346384.485
1,2025-12-22,1,ONCOLOGY SUPPLY DISTRIBUTION CENTER,CENCORA,2025-12-26,2025-12,2025-Q4,2025,1,8217.9,0.157,8217.9,6927.6897
7,2025-12-22,1,ASD HEALTHCARE - MONTCLAIR,CENCORA,2025-12-26,2025-12,2025-Q4,2025,1,8217.9,0.157,57525.3,48493.8279
36,2025-12-22,1,MCKESSON PLASMA AND BIOLOGICS MS,MPB,2025-12-26,2025-12,2025-Q4,2025,1,8217.9,0.157,295844.4,249396.8292
50,2025-12-22,1,MCKESSON PLASMA AND BIOLOGICS KY,MPB,2025-12-26,2025-12,2025-Q4,2025,1,8217.9,0.157,410895,346384.485
7,2025-12-22,1,MCKESSON SPECIALTY CARE DIST MS,MSH,2025-12-26,2025-12,2025-Q4,2025,1,8217.9,0.157,57525.3,48493.8279
14,2025-12-22,1,MCKESSON SPECIALTY CARE DIST LVG,MSH,2025-12-26,2025-12,2025-Q4,2025,1,8217.9,0.157,115050.6,96987.6558
8,2025-12-29,1,MCKESSON SPECIALTY CARE DIST MS,MSH,2026-01-02,2025-12,2025-Q4,2025,1,8217.9,0.157,65743.2,55421.5176
6,2025-12-29,1,MCKESSON SPECIALTY CARE DIST LVG,MSH,2026-01-02,2025-12,2025-Q4,2025,1,8217.9,0.157,49307.4,41566.1382
15,2025-12-29,1,ONCOLOGY SUPPLY DISTRIBUTION CENTER,CENCORA,2026-01-02,2025-12,2025-Q4,2025,1,8217.9,0.157,123268.5,103915.3455
5,2025-12-29,1,ASD HEALTHCARE - MONTCLAIR,CENCORA,2026-01-02,2025-12,2025-Q4,2025,1,8217.9,0.157,41089.5,34638.4485
14,2025-12-29,1,MCKESSON PLASMA AND BIOLOGICS MS,MPB,2026-01-02,2025-12,2025-Q4,2025,1,8217.9,0.157,115050.6,96987.6558
2,2026-01-05,1,MCKESSON SPECIALTY CARE DIST MS,MSH,2026-01-09,2026-01,2026-Q1,2026,1,8587.7,0.2,17175.4,13740.32
12,2026-01-05,1,MCKESSON SPECIALTY CARE DIST LVG,MSH,2026-01-09,2026-01,2026-Q1,2026,1,8587.7,0.2,103052.4,82441.92
3,2026-01-06,1,MCKESSON SPECIALTY CARE DIST LVG,MSH,2026-01-09,2026-01,2026-Q1,2026,1,8587.7,0.2,25763.1,20610.48
50,2026-01-06,1,MCKESSON PLASMA AND BIOLOGICS KY,MPB,2026-01-09,2026-01,2026-Q1,2026,1,8587.7,0.2,429385,343508
6,2026-01-07,1,TANNERGAP INC,TANNERGAP,2026-01-09,2026-01,2026-Q1,2026,1,8587.7,0.2,51526.2,41220.96
22,2026-01-08,1,ASD HEALTHCARE DISTRIBUTION CENTER,CENCORA,2026-01-09,2026-01,2026-Q1,2026,1,8587.7,0.2,188929.4,151143.52
18,2026-01-08,1,ONCOLOGY SUPPLY DISTRIBUTION CENTER,CENCORA,2026-01-09,2026-01,2026-Q1,2026,1,8587.7,0.2,154578.6,123662.88
9,2026-01-08,1,ASD HEALTHCARE - MONTCLAIR,CENCORA,2026-01-09,2026-01,2026-Q1,2026,1,8587.7,0.2,77289.3,61831.44
4,2026-01-12,1,MCKESSON SPECIALTY CARE DIST LVG,MSH,2026-01-16,2026-01,2026-Q1,2026,1,8587.7,0.2,34350.8,27480.64
8,2026-01-12,1,MCKESSON SPECIALTY CARE DIST MS,MSH,2026-01-16,2026-01,2026-Q1,2026,1,8587.7,0.2,68701.6,54961.28
3,2026-01-14,1,MCKESSON SPECIALTY CARE DIST LVG,MSH,2026-01-16,2026-01,2026-Q1,2026,1,8587.7,0.2,25763.1,20610.48
50,2026-01-14,1,MCKESSON PLASMA AND BIOLOGICS KY,MPB,2026-01-16,2026-01,2026-Q1,2026,1,8587.7,0.2,429385,343508
3,2026-01-15,1,ASD HEALTHCARE - MONTCLAIR,CENCORA,2026-01-16,2026-01,2026-Q1,2026,1,8587.7,0.2,25763.1,20610.48
10,2026-01-15,1,ONCOLOGY SUPPLY DISTRIBUTION CENTER,CENCORA,2026-01-16,2026-01,2026-Q1,2026,1,8587.7,0.2,85877,68701.6
50,2026-01-15,1,ASD HEALTHCARE DISTRIBUTION CENTER,CENCORA,2026-01-16,2026-01,2026-Q1,2026,1,8587.7,0.2,429385,343508
8,2026-01-15,1,TANNERGAP INC,TANNERGAP,2026-01-16,2026-01,2026-Q1,2026,1,8587.7,0.2,68701.6,54961.28
6,2026-01-19,1,MCKESSON SPECIALTY CARE DIST LVG,MSH,2026-01-23,2026-01,2026-Q1,2026,1,8587.7,0.2,51526.2,41220.96
6,2026-01-19,1,MCKESSON SPECIALTY CARE DIST MS,MSH,2026-01-23,2026-01,2026-Q1,2026,1,8587.7,0.2,51526.2,41220.96
22,2026-01-19,1,MCKESSON PLASMA AND BIOLOGICS MS,MPB,2026-01-23,2026-01,2026-Q1,2026,1,8587.7,0.2,188929.4,151143.52
1,2026-01-20,1,MCKESSON SPECIALTY CARE DIST LVG,MSH,2026-01-23,2026-01,2026-Q1,2026,1,8587.7,0.2,8587.7,6870.16
6,2026-01-21,1,TANNERGAP INC,TANNERGAP,2026-01-23,2026-01,2026-Q1,2026,1,8587.7,0.2,51526.2,41220.96
14,2026-01-22,1,ONCOLOGY SUPPLY DISTRIBUTION CENTER,CENCORA,2026-01-23,2026-01,2026-Q1,2026,1,8587.7,0.2,120227.8,96182.24
4,2026-01-22,1,ASD HEALTHCARE DISTRIBUTION CENTER,CENCORA,2026-01-23,2026-01,2026-Q1,2026,1,8587.7,0.2,34350.8,27480.64
6,2026-01-22,1,ASD HEALTHCARE - MONTCLAIR,CENCORA,2026-01-23,2026-01,2026-Q1,2026,1,8587.7,0.2,51526.2,41220.96
7,2026-01-29,1,ASD HEALTHCARE DISTRIBUTION CENTER,CENCORA,2026-01-30,2026-01,2026-Q1,2026,1,8587.7,0.2,60113.9,48091.12
11,2026-01-29,1,ONCOLOGY SUPPLY DISTRIBUTION CENTER,CENCORA,2026-01-30,2026-01,2026-Q1,2026,1,8587.7,0.2,94464.7,75571.76
10,2026-01-29,1,ASD HEALTHCARE - MONTCLAIR,CENCORA,2026-01-30,2026-01,2026-Q1,2026,1,8587.7,0.2,85877,68701.6
7,2026-01-29,1,MCKESSON SPECIALTY CARE DIST MS,MSH,2026-01-30,2026-01,2026-Q1,2026,1,8587.7,0.2,60113.9,48091.12
2,2026-01-29,1,MCKESSON SPECIALTY CARE DIST LVG,MSH,2026-01-30,2026-01,2026-Q1,2026,1,8587.7,0.2,17175.4,13740.32
8,2026-01-29,1,TANNERGAP INC,TANNERGAP,2026-01-30,2026-01,2026-Q1,2026,1,8587.7,0.2,68701.6,54961.28
4,2026-01-30,1,MCKESSON SPECIALTY CARE DIST LVG,MSH,2026-01-30,2026-01,2026-Q1,2026,1,8587.7,0.2,34350.8,27480.64
50,2026-02-02,1,MCKESSON PLASMA AND BIOLOGICS KY,MPB,2026-02-06,2026-02,2026-Q1,2026,1,8587.7,0.209,429385,339643.535
9,2026-02-02,1,MCKESSON SPECIALTY CARE DIST LVG,MSH,2026-02-06,2026-02,2026-Q1,2026,1,8587.7,0.209,77289.3,61135.8363
9,2026-02-02,1,MCKESSON SPECIALTY CARE DIST MS,MSH,2026-02-06,2026-02,2026-Q1,2026,1,8587.7,0.209,77289.3,61135.8363
5,2026-02-02,1,MCKESSON PLASMA AND BIOLOGICS MS,MPB,2026-02-06,2026-02,2026-Q1,2026,1,8587.7,0.209,42938.5,33964.3535
4,2026-02-04,1,MCKESSON SPECIALTY CARE DIST LVG,MSH,2026-02-06,2026-02,2026-Q1,2026,1,8587.7,0.209,34350.8,27171.4828
16,2026-02-05,1,ASD HEALTHCARE DISTRIBUTION CENTER,CENCORA,2026-02-06,2026-02,2026-Q1,2026,1,8587.7,0.209,137403.2,108685.9312
6,2026-02-05,1,ASD HEALTHCARE - MONTCLAIR,CENCORA,2026-02-06,2026-02,2026-Q1,2026,1,8587.7,0.209,51526.2,40757.2242
6,2026-02-05,1,ONCOLOGY SUPPLY DISTRIBUTION CENTER,CENCORA,2026-02-06,2026-02,2026-Q1,2026,1,8587.7,0.209,51526.2,40757.2242
14,2026-02-09,1,MCKESSON SPECIALTY CARE DIST LVG,MSH,2026-02-13,2026-02,2026-Q1,2026,1,8587.7,0.209,120227.8,95100.1898
10,2026-02-09,1,MCKESSON SPECIALTY CARE DIST MS,MSH,2026-02-13,2026-02,2026-Q1,2026,1,8587.7,0.209,85877,67928.707
8,2026-02-09,1,TANNERGAP INC,TANNERGAP,2026-02-13,2026-02,2026-Q1,2026,1,8587.7,0.209,68701.6,54342.9656
4,2026-02-10,1,MCKESSON SPECIALTY CARE DIST LVG,MSH,2026-02-13,2026-02,2026-Q1,2026,1,8587.7,0.209,34350.8,27171.4828
16,2026-02-12,1,ONCOLOGY SUPPLY DISTRIBUTION CENTER,CENCORA,2026-02-13,2026-02,2026-Q1,2026,1,8587.7,0.209,137403.2,108685.9312
5,2026-02-12,1,ASD HEALTHCARE - MONTCLAIR,CENCORA,2026-02-13,2026-02,2026-Q1,2026,1,8587.7,0.209,42938.5,33964.3535
10,2026-02-12,1,ASD HEALTHCARE DISTRIBUTION CENTER,CENCORA,2026-02-13,2026-02,2026-Q1,2026,1,8587.7,0.209,85877,67928.707
3,2026-02-16,1,MCKESSON SPECIALTY CARE DIST LVG,MSH,2026-02-20,2026-02,2026-Q1,2026,1,8587.7,0.209,25763.1,20378.6121
13,2026-02-16,1,MCKESSON SPECIALTY CARE DIST MS,MSH,2026-02-20,2026-02,2026-Q1,2026,1,8587.7,0.209,111640.1,88307.3191
5,2026-02-16,1,MCKESSON SPECIALTY CARE DIST LVG,MSH,2026-02-20,2026-02,2026-Q1,2026,1,8587.7,0.209,42938.5,33964.3535
100,2026-02-16,1,MCKESSON PLASMA AND BIOLOGICS KY,MPB,2026-02-20,2026-02,2026-Q1,2026,1,8587.7,0.209,858770,679287.07
6,2026-02-16,1,MCKESSON PLASMA AND BIOLOGICS MS,MPB,2026-02-20,2026-02,2026-Q1,2026,1,8587.7,0.209,51526.2,40757.2242
18,2026-02-16,1,MCKESSON PLASMA AND BIOLOGICS MS,MPB,2026-02-20,2026-02,2026-Q1,2026,1,8587.7,0.209,154578.6,122271.6726
8,2026-02-19,1,ONCOLOGY SUPPLY DISTRIBUTION CENTER,CENCORA,2026-02-20,2026-02,2026-Q1,2026,1,8587.7,0.209,68701.6,54342.9656
4,2026-02-19,1,ASD HEALTHCARE - MONTCLAIR,CENCORA,2026-02-20,2026-02,2026-Q1,2026,1,8587.7,0.209,34350.8,27171.4828
5,2026-02-19,1,ASD HEALTHCARE DISTRIBUTION CENTER,CENCORA,2026-02-20,2026-02,2026-Q1,2026,1,8587.7,0.209,42938.5,33964.3535
2,2026-02-23,1,MCKESSON SPECIALTY CARE DIST MS,MSH,2026-02-27,2026-02,2026-Q1,2026,1,8587.7,0.209,17175.4,13585.7414
7,2026-02-23,1,MCKESSON SPECIALTY CARE DIST LVG,MSH,2026-02-27,2026-02,2026-Q1,2026,1,8587.7,0.209,60113.9,47550.0949
3,2026-02-24,1,MCKESSON SPECIALTY CARE DIST LVG,MSH,2026-02-27,2026-02,2026-Q1,2026,1,8587.7,0.209,25763.1,20378.6121
6,2026-02-25,1,TANNERGAP INC,TANNERGAP,2026-02-27,2026-02,2026-Q1,2026,1,8587.7,0.209,51526.2,40757.2242
1,2026-02-26,1,ASD HEALTHCARE - MONTCLAIR,CENCORA,2026-02-27,2026-02,2026-Q1,2026,1,8587.7,0.209,8587.7,6792.8707
23,2026-02-26,1,ASD HEALTHCARE DISTRIBUTION CENTER,CENCORA,2026-02-27,2026-02,2026-Q1,2026,1,8587.7,0.209,197517.1,156236.0261
9,2026-02-26,1,ONCOLOGY SUPPLY DISTRIBUTION CENTER,CENCORA,2026-02-27,2026-02,2026-Q1,2026,1,8587.7,0.209,77289.3,61135.8363
12,2026-03-02,1,MCKESSON SPECIALTY CARE DIST LVG,MSH,2026-03-06,2026-03,2026-Q1,2026,1,8587.7,0.192,103052.4,83266.3392
13,2026-03-02,1,MCKESSON SPECIALTY CARE DIST MS,MSH,2026-03-06,2026-03,2026-Q1,2026,1,8587.7,0.192,111640.1,90205.2008
6,2026-03-02,1,TANNERGAP INC,TANNERGAP,2026-03-06,2026-03,2026-Q1,2026,1,8587.7,0.192,51526.2,41633.1696
11,2026-03-02,1,MCKESSON PLASMA AND BIOLOGICS MS,MPB,2026-03-06,2026-03,2026-Q1,2026,1,8587.7,0.192,94464.7,76327.4776
50,2026-03-03,1,MCKESSON PLASMA AND BIOLOGICS KY,MPB,2026-03-06,2026-03,2026-Q1,2026,1,8587.7,0.192,429385,346943.08
4,2026-03-03,1,MCKESSON SPECIALTY CARE DIST LVG,MSH,2026-03-06,2026-03,2026-Q1,2026,1,8587.7,0.192,34350.8,27755.4464
10,2026-03-05,1,ASD HEALTHCARE - MONTCLAIR,CENCORA,2026-03-06,2026-03,2026-Q1,2026,1,8587.7,0.192,85877,69388.616
18,2026-03-05,1,ONCOLOGY SUPPLY DISTRIBUTION CENTER,CENCORA,2026-03-06,2026-03,2026-Q1,2026,1,8587.7,0.192,154578.6,124899.5088
50,2026-03-05,1,ASD HEALTHCARE DISTRIBUTION CENTER,CENCORA,2026-03-06,2026-03,2026-Q1,2026,1,8587.7,0.192,429385,346943.08
17,2026-03-09,1,MCKESSON PLASMA AND BIOLOGICS MS,MPB,2026-03-13,2026-03,2026-Q1,2026,1,8587.7,0.192,145990.9,117960.6472
15,2026-03-09,1,MCKESSON SPECIALTY CARE DIST MS,MSH,2026-03-13,2026-03,2026-Q1,2026,1,8587.7,0.192,128815.5,104082.924
5,2026-03-09,1,MCKESSON SPECIALTY CARE DIST LVG,MSH,2026-03-13,2026-03,2026-Q1,2026,1,8587.7,0.192,42938.5,34694.308
3,2026-03-12,1,ONCOLOGY SUPPLY DISTRIBUTION CENTER,CENCORA,2026-03-13,2026-03,2026-Q1,2026,1,8587.7,0.192,25763.1,20816.5848
4,2026-03-12,1,ASD HEALTHCARE - MONTCLAIR,CENCORA,2026-03-13,2026-03,2026-Q1,2026,1,8587.7,0.192,34350.8,27755.4464
50,2026-03-12,1,MCKESSON PLASMA AND BIOLOGICS KY,MPB,2026-03-13,2026-03,2026-Q1,2026,1,8587.7,0.192,429385,346943.08
5,2026-03-12,1,MCKESSON SPECIALTY CARE DIST LVG,MSH,2026-03-13,2026-03,2026-Q1,2026,1,8587.7,0.192,42938.5,34694.308
6,2026-03-16,1,MCKESSON SPECIALTY CARE DIST MS,MSH,2026-03-20,2026-03,2026-Q1,2026,1,8587.7,0.192,51526.2,41633.1696
9,2026-03-16,1,MCKESSON SPECIALTY CARE DIST LVG,MSH,2026-03-20,2026-03,2026-Q1,2026,1,8587.7,0.192,77289.3,62449.7544
7,2026-03-16,1,MCKESSON PLASMA AND BIOLOGICS MS,MPB,2026-03-20,2026-03,2026-Q1,2026,1,8587.7,0.192,60113.9,48572.0312
2,2026-03-17,1,MCKESSON SPECIALTY CARE DIST LVG,MSH,2026-03-20,2026-03,2026-Q1,2026,1,8587.7,0.192,17175.4,13877.7232
14,2026-03-19,1,ASD HEALTHCARE DISTRIBUTION CENTER,CENCORA,2026-03-20,2026-03,2026-Q1,2026,1,8587.7,0.192,120227.8,97144.0624
12,2026-03-19,1,ASD HEALTHCARE - MONTCLAIR,CENCORA,2026-03-20,2026-03,2026-Q1,2026,1,8587.7,0.192,103052.4,83266.3392
8,2026-03-19,1,ONCOLOGY SUPPLY DISTRIBUTION CENTER,CENCORA,2026-03-20,2026-03,2026-Q1,2026,1,8587.7,0.192,68701.6,55510.8928
8,2026-03-19,1,TANNERGAP INC,TANNERGAP,2026-03-20,2026-03,2026-Q1,2026,1,8587.7,0.192,68701.6,55510.8928
4,2026-03-23,1,MCKESSON SPECIALTY CARE DIST MS,MSH,2026-03-27,2026-03,2026-Q1,2026,1,8587.7,0.192,34350.8,27755.4464
15,2026-03-23,1,MCKESSON SPECIALTY CARE DIST LVG,MSH,2026-03-27,2026-03,2026-Q1,2026,1,8587.7,0.192,128815.5,104082.924
18,2026-03-23,1,MCKESSON PLASMA AND BIOLOGICS MS,MPB,2026-03-27,2026-03,2026-Q1,2026,1,8587.7,0.192,154578.6,124899.5088
6,2026-03-26,1,MCKESSON SPECIALTY CARE DIST LVG,MSH,2026-03-27,2026-03,2026-Q1,2026,1,8587.7,0.192,51526.2,41633.1696
19,2026-03-26,1,ASD HEALTHCARE - MONTCLAIR,CENCORA,2026-03-27,2026-03,2026-Q1,2026,1,8587.7,0.192,163166.3,131838.3704
15,2026-03-26,1,ONCOLOGY SUPPLY DISTRIBUTION CENTER,CENCORA,2026-03-27,2026-03,2026-Q1,2026,1,8587.7,0.192,128815.5,104082.924
50,2026-03-26,1,ASD HEALTHCARE DISTRIBUTION CENTER,CENCORA,2026-03-27,2026-03,2026-Q1,2026,1,8587.7,0.192,429385,346943.08
100,2026-03-26,1,MCKESSON PLASMA AND BIOLOGICS KY,MPB,2026-03-27,2026-03,2026-Q1,2026,1,8587.7,0.192,858770,693886.16
7,2026-03-30,1,MCKESSON SPECIALTY CARE DIST LVG,MSH,2026-04-03,2026-03,2026-Q1,2026,1,8587.7,0.192,60113.9,48572.0312
8,2026-03-30,1,MCKESSON SPECIALTY CARE DIST MS,MSH,2026-04-03,2026-03,2026-Q1,2026,1,8587.7,0.192,68701.6,55510.8928
2,2026-03-30,1,MCKESSON SPECIALTY CARE DIST LVG,MSH,2026-04-03,2026-03,2026-Q1,2026,1,8587.7,0.192,17175.4,13877.7232
30,2026-03-30,1,MCKESSON PLASMA AND BIOLOGICS MS,MPB,2026-04-03,2026-03,2026-Q1,2026,1,8587.7,0.192,257631,208165.848
18,2026-04-02,1,ASD HEALTHCARE DISTRIBUTION CENTER,CENCORA,2026-04-03,2026-04,2026-Q2,2026,1,8587.7,0.209,154578.6,122271.6726
3,2026-04-02,1,ASD HEALTHCARE - MONTCLAIR,CENCORA,2026-04-03,2026-04,2026-Q2,2026,1,8587.7,0.209,25763.1,20378.6121
5,2026-04-02,1,ONCOLOGY SUPPLY DISTRIBUTION CENTER,CENCORA,2026-04-03,2026-04,2026-Q2,2026,1,8587.7,0.209,42938.5,33964.3535
11,2026-04-06,1,MCKESSON SPECIALTY CARE DIST MS,MSH,2026-04-10,2026-04,2026-Q2,2026,1,8587.7,0.209,94464.7,74721.5777
1,2026-04-06,1,MCKESSON SPECIALTY CARE DIST LVG,MSH,2026-04-10,2026-04,2026-Q2,2026,1,8587.7,0.209,8587.7,6792.8707
22,2026-04-06,1,MCKESSON PLASMA AND BIOLOGICS MS,MPB,2026-04-10,2026-04,2026-Q2,2026,1,8587.7,0.209,188929.4,149443.1554
8,2026-04-07,1,TANNERGAP INC,TANNERGAP,2026-04-10,2026-04,2026-Q2,2026,1,8587.7,0.209,68701.6,54342.9656
7,2026-04-07,1,MCKESSON SPECIALTY CARE DIST LVG,MSH,2026-04-10,2026-04,2026-Q2,2026,1,8587.7,0.209,60113.9,47550.0949
50,2026-04-07,1,MCKESSON PLASMA AND BIOLOGICS KY,MPB,2026-04-10,2026-04,2026-Q2,2026,1,8587.7,0.209,429385,339643.535
20,2026-04-09,1,ASD HEALTHCARE DISTRIBUTION CENTER,CENCORA,2026-04-10,2026-04,2026-Q2,2026,1,8587.7,0.209,171754,135857.414
8,2026-04-09,1,ONCOLOGY SUPPLY DISTRIBUTION CENTER,CENCORA,2026-04-10,2026-04,2026-Q2,2026,1,8587.7,0.209,68701.6,54342.9656
1,2026-04-09,1,ASD HEALTHCARE - MONTCLAIR,CENCORA,2026-04-10,2026-04,2026-Q2,2026,1,8587.7,0.209,8587.7,6792.8707
8,2026-04-13,1,MCKESSON SPECIALTY CARE DIST MS,MSH,2026-04-17,2026-04,2026-Q2,2026,1,8587.7,0.209,68701.6,54342.9656
12,2026-04-13,1,MCKESSON SPECIALTY CARE DIST LVG,MSH,2026-04-17,2026-04,2026-Q2,2026,1,8587.7,0.209,103052.4,81514.4484
6,2026-04-13,1,TANNERGAP INC,TANNERGAP,2026-04-17,2026-04,2026-Q2,2026,1,8587.7,0.209,51526.2,40757.2242
50,2026-04-13,1,MCKESSON PLASMA AND BIOLOGICS MS,MPB,2026-04-17,2026-04,2026-Q2,2026,1,8587.7,0.209,429385,339643.535
8,2026-04-16,1,ASD HEALTHCARE - MONTCLAIR,CENCORA,2026-04-17,2026-04,2026-Q2,2026,1,8587.7,0.209,68701.6,54342.9656
20,2026-04-16,1,ASD HEALTHCARE DISTRIBUTION CENTER,CENCORA,2026-04-17,2026-04,2026-Q2,2026,1,8587.7,0.209,171754,135857.414
8,2026-04-16,1,ONCOLOGY SUPPLY DISTRIBUTION CENTER,CENCORA,2026-04-17,2026-04,2026-Q2,2026,1,8587.7,0.209,68701.6,54342.9656
9,2026-04-20,1,MCKESSON SPECIALTY CARE DIST LVG,MSH,2026-04-24,2026-04,2026-Q2,2026,1,8587.7,0.209,77289.3,61135.8363
10,2026-04-20,1,MCKESSON SPECIALTY CARE DIST MS,MSH,2026-04-24,2026-04,2026-Q2,2026,1,8587.7,0.209,85877,67928.707
11,2026-04-23,1,ASD HEALTHCARE - MONTCLAIR,CENCORA,2026-04-24,2026-04,2026-Q2,2026,1,8587.7,0.209,94464.7,74721.5777
50,2026-04-23,1,ASD HEALTHCARE DISTRIBUTION CENTER,CENCORA,2026-04-24,2026-04,2026-Q2,2026,1,8587.7,0.209,429385,339643.535
1,2026-04-23,1,ONCOLOGY SUPPLY DISTRIBUTION CENTER,CENCORA,2026-04-24,2026-04,2026-Q2,2026,1,8587.7,0.209,8587.7,6792.8707
8,2026-04-23,1,TANNERGAP INC,TANNERGAP,2026-04-24,2026-04,2026-Q2,2026,1,8587.7,0.209,68701.6,54342.9656
1,2026-04-27,1,MCKESSON SPECIALTY CARE DIST LVG,MSH,2026-05-01,2026-04,2026-Q2,2026,1,8587.7,0.209,8587.7,6792.8707
7,2026-04-27,1,MCKESSON SPECIALTY CARE DIST MS,MSH,2026-05-01,2026-04,2026-Q2,2026,1,8587.7,0.209,60113.9,47550.0949
8,2026-04-27,1,MCKESSON PLASMA AND BIOLOGICS MS,MPB,2026-05-01,2026-04,2026-Q2,2026,1,8587.7,0.209,68701.6,54342.9656
6,2026-04-29,1,TANNERGAP INC,TANNERGAP,2026-05-01,2026-04,2026-Q2,2026,1,8587.7,0.209,51526.2,40757.2242
50,2026-04-29,1,MCKESSON PLASMA AND BIOLOGICS KY,MPB,2026-05-01,2026-04,2026-Q2,2026,1,8587.7,0.209,429385,339643.535
2,2026-05-01,1,ONCOLOGY SUPPLY DISTRIBUTION CENTER,CENCORA,2026-05-01,2026-05,2026-Q2,2026,1,8587.7,0.209,17175.4,13585.7414
12,2026-05-04,1,MCKESSON SPECIALTY CARE DIST LVG,MSH,2026-05-08,2026-05,2026-Q2,2026,1,8587.7,0.209,103052.4,81514.4484
21,2026-05-04,1,MCKESSON SPECIALTY CARE DIST MS,MSH,2026-05-08,2026-05,2026-Q2,2026,1,8587.7,0.209,180341.7,142650.2847
8,2026-05-04,1,MCKESSON PLASMA AND BIOLOGICS MS,MPB,2026-05-08,2026-05,2026-Q2,2026,1,8587.7,0.209,68701.6,54342.9656
4,2026-05-04,1,TANNERGAP INC,TANNERGAP,2026-05-08,2026-05,2026-Q2,2026,1,8587.7,0.209,34350.8,27171.4828
50,2026-05-06,1,MCKESSON PLASMA AND BIOLOGICS KY,MPB,2026-05-08,2026-05,2026-Q2,2026,1,8587.7,0.209,429385,339643.535
8,2026-05-07,1,ASD HEALTHCARE - MONTCLAIR,CENCORA,2026-05-08,2026-05,2026-Q2,2026,1,8587.7,0.209,68701.6,54342.9656
14,2026-05-07,1,ASD HEALTHCARE DISTRIBUTION CENTER,CENCORA,2026-05-08,2026-05,2026-Q2,2026,1,8587.7,0.209,120227.8,95100.1898
8,2026-05-07,1,ONCOLOGY SUPPLY DISTRIBUTION CENTER,CENCORA,2026-05-08,2026-05,2026-Q2,2026,1,8587.7,0.209,68701.6,54342.9656
12,2026-05-11,1,MCKESSON SPECIALTY CARE DIST MS,MSH,2026-05-15,2026-05,2026-Q2,2026,1,8587.7,0.209,103052.4,81514.4484
7,2026-05-11,1,MCKESSON SPECIALTY CARE DIST LVG,MSH,2026-05-15,2026-05,2026-Q2,2026,1,8587.7,0.209,60113.9,47550.0949
23,2026-05-11,1,MCKESSON PLASMA AND BIOLOGICS MS,MPB,2026-05-15,2026-05,2026-Q2,2026,1,8587.7,0.209,197517.1,156236.0261
4,2026-05-13,1,TANNERGAP INC,TANNERGAP,2026-05-15,2026-05,2026-Q2,2026,1,8587.7,0.209,34350.8,27171.4828
15,2026-05-14,1,ASD HEALTHCARE - MONTCLAIR,CENCORA,2026-05-15,2026-05,2026-Q2,2026,1,8587.7,0.209,128815.5,101893.0605
50,2026-05-14,1,ASD HEALTHCARE DISTRIBUTION CENTER,CENCORA,2026-05-15,2026-05,2026-Q2,2026,1,8587.7,0.209,429385,339643.535
10,2026-05-18,1,MCKESSON PLASMA AND BIOLOGICS MS,MPB,2026-05-22,2026-05,2026-Q2,2026,1,8587.7,0.209,85877,67928.707
2,2026-05-18,1,MCKESSON SPECIALTY CARE DIST LVG,MSH,2026-05-22,2026-05,2026-Q2,2026,1,8587.7,0.209,17175.4,13585.7414
7,2026-05-18,1,MCKESSON SPECIALTY CARE DIST MS,MSH,2026-05-22,2026-05,2026-Q2,2026,1,8587.7,0.209,60113.9,47550.0949
6,2026-05-18,1,TANNERGAP INC,TANNERGAP,2026-05-22,2026-05,2026-Q2,2026,1,8587.7,0.209,51526.2,40757.2242
50,2026-05-19,1,MCKESSON PLASMA AND BIOLOGICS KY,MPB,2026-05-22,2026-05,2026-Q2,2026,1,8587.7,0.209,429385,339643.535
6,2026-05-21,1,TANNERGAP INC,TANNERGAP,2026-05-22,2026-05,2026-Q2,2026,1,8587.7,0.209,51526.2,40757.2242
8,2026-05-21,1,TANNERGAP INC,TANNERGAP,2026-05-22,2026-05,2026-Q2,2026,1,8587.7,0.209,68701.6,54342.9656
8,2026-05-21,1,ASD HEALTHCARE DISTRIBUTION CENTER,CENCORA,2026-05-22,2026-05,2026-Q2,2026,1,8587.7,0.209,68701.6,54342.9656
4,2026-05-21,1,ASD HEALTHCARE - MONTCLAIR,CENCORA,2026-05-22,2026-05,2026-Q2,2026,1,8587.7,0.209,34350.8,27171.4828
12,2026-05-26,1,MCKESSON SPECIALTY CARE DIST MS,MSH,2026-05-29,2026-05,2026-Q2,2026,1,8587.7,0.209,103052.4,81514.4484
9,2026-05-26,1,MCKESSON SPECIALTY CARE DIST LVG,MSH,2026-05-29,2026-05,2026-Q2,2026,1,8587.7,0.209,77289.3,61135.8363
32,2026-05-26,1,MCKESSON PLASMA AND BIOLOGICS MS,MPB,2026-05-29,2026-05,2026-Q2,2026,1,8587.7,0.209,274806.4,217371.8624
30,2026-05-27,1,TANNERGAP INC,TANNERGAP,2026-05-29,2026-05,2026-Q2,2026,1,8587.7,0.209,257631,203786.121
50,2026-05-27,1,MCKESSON PLASMA AND BIOLOGICS KY,MPB,2026-05-29,2026-05,2026-Q2,2026,1,8587.7,0.209,429385,339643.535
3,2026-05-28,1,ONCOLOGY SUPPLY DISTRIBUTION CENTER,CENCORA,2026-05-29,2026-05,2026-Q2,2026,1,8587.7,0.209,25763.1,20378.6121
6,2026-05-28,1,ASD HEALTHCARE DISTRIBUTION CENTER,CENCORA,2026-05-29,2026-05,2026-Q2,2026,1,8587.7,0.209,51526.2,40757.2242
9,2026-05-28,1,ASD HEALTHCARE - MONTCLAIR,CENCORA,2026-05-29,2026-05,2026-Q2,2026,1,8587.7,0.209,77289.3,61135.8363
15,2026-06-01,1,MCKESSON SPECIALTY CARE DIST MS,MSH,2026-06-05,2026-06,2026-Q2,2026,1,8587.7,0.209,128815.5,101893.0605
7,2026-06-01,1,MCKESSON SPECIALTY CARE DIST LVG,MSH,2026-06-05,2026-06,2026-Q2,2026,1,8587.7,0.209,60113.9,47550.0949
3,2026-06-03,1,MCKESSON SPECIALTY CARE DIST LVG,MSH,2026-06-05,2026-06,2026-Q2,2026,1,8587.7,0.209,25763.1,20378.6121
10,2026-06-04,1,ASD HEALTHCARE - MONTCLAIR,CENCORA,2026-06-05,2026-06,2026-Q2,2026,1,8587.7,0.209,85877,67928.707
5,2026-06-04,1,ONCOLOGY SUPPLY DISTRIBUTION CENTER,CENCORA,2026-06-05,2026-06,2026-Q2,2026,1,8587.7,0.209,42938.5,33964.3535
23,2026-06-04,1,ASD HEALTHCARE DISTRIBUTION CENTER,CENCORA,2026-06-05,2026-06,2026-Q2,2026,1,8587.7,0.209,197517.1,156236.0261
14,2026-06-08,1,MCKESSON SPECIALTY CARE DIST MS,MSH,2026-06-12,2026-06,2026-Q2,2026,1,8587.7,0.209,120227.8,95100.1898
4,2026-06-08,1,MCKESSON SPECIALTY CARE DIST LVG,MSH,2026-06-12,2026-06,2026-Q2,2026,1,8587.7,0.209,34350.8,27171.4828
27,2026-06-08,1,MCKESSON PLASMA AND BIOLOGICS MS,MPB,2026-06-12,2026-06,2026-Q2,2026,1,8587.7,0.209,231867.9,183407.5089
6,2026-06-09,1,TANNERGAP INC,TANNERGAP,2026-06-12,2026-06,2026-Q2,2026,1,8587.7,0.209,51526.2,40757.2242
50,2026-06-09,1,MCKESSON PLASMA AND BIOLOGICS KY,MPB,2026-06-12,2026-06,2026-Q2,2026,1,8587.7,0.209,429385,339643.535
4,2026-06-09,1,MCKESSON SPECIALTY CARE DIST LVG,MSH,2026-06-12,2026-06,2026-Q2,2026,1,8587.7,0.209,34350.8,27171.4828
12,2026-06-10,1,TANNERGAP INC,TANNERGAP,2026-06-12,2026-06,2026-Q2,2026,1,8587.7,0.209,103052.4,81514.4484
28,2026-06-11,1,ASD HEALTHCARE DISTRIBUTION CENTER,CENCORA,2026-06-12,2026-06,2026-Q2,2026,1,8587.7,0.209,240455.6,190200.3796
6,2026-06-11,1,ASD HEALTHCARE - MONTCLAIR,CENCORA,2026-06-12,2026-06,2026-Q2,2026,1,8587.7,0.209,51526.2,40757.2242
10,2026-06-15,1,MCKESSON SPECIALTY CARE DIST MS,MSH,2026-06-19,2026-06,2026-Q2,2026,1,8587.7,0.209,85877,67928.707
2,2026-06-15,1,MCKESSON SPECIALTY CARE DIST LVG,MSH,2026-06-19,2026-06,2026-Q2,2026,1,8587.7,0.209,17175.4,13585.7414
8,2026-06-15,1,MCKESSON SPECIALTY CARE DIST LVG,MSH,2026-06-19,2026-06,2026-Q2,2026,1,8587.7,0.209,68701.6,54342.9656
27,2026-06-15,1,MCKESSON PLASMA AND BIOLOGICS MS,MPB,2026-06-19,2026-06,2026-Q2,2026,1,8587.7,0.209,231867.9,183407.5089
6,2026-06-18,1,ONCOLOGY SUPPLY DISTRIBUTION CENTER,CENCORA,2026-06-19,2026-06,2026-Q2,2026,1,8587.7,0.209,51526.2,40757.2242
21,2026-06-18,1,ASD HEALTHCARE - MONTCLAIR,CENCORA,2026-06-19,2026-06,2026-Q2,2026,1,8587.7,0.209,180341.7,142650.2847
50,2026-06-18,1,ASD HEALTHCARE DISTRIBUTION CENTER,CENCORA,2026-06-19,2026-06,2026-Q2,2026,1,8587.7,0.209,429385,339643.535
85,2026-06-24,1,MCKESSON SPECIALTY CARE DIST MS,MSH,2026-06-26,2026-06,2026-Q2,2026,1,8587.7,0.209,729954.5,577394.0095
80,2026-06-24,1,MCKESSON SPECIALTY CARE DIST LVG,MSH,2026-06-26,2026-06,2026-Q2,2026,1,8587.7,0.209,687016,543429.656
75,2026-06-24,1,MCKESSON PLASMA AND BIOLOGICS MS,MPB,2026-06-26,2026-06,2026-Q2,2026,1,8587.7,0.209,644077.5,509465.3025
6,2026-06-25,1,TANNERGAP INC,TANNERGAP,2026-06-26,2026-06,2026-Q2,2026,1,8587.7,0.209,51526.2,40757.2242
30,2026-06-25,1,TANNERGAP INC,TANNERGAP,2026-06-26,2026-06,2026-Q2,2026,1,8587.7,0.209,257631,203786.121
1,2026-06-25,1,ONCOLOGY SUPPLY DISTRIBUTION CENTER,CENCORA,2026-06-26,2026-06,2026-Q2,2026,1,8587.7,0.209,8587.7,6792.8707
16,2026-06-25,1,ASD HEALTHCARE - MONTCLAIR,CENCORA,2026-06-26,2026-06,2026-Q2,2026,1,8587.7,0.209,137403.2,108685.9312
125,2026-06-26,1,MCKESSON PLASMA AND BIOLOGICS KY,MPB,2026-06-26,2026-06,2026-Q2,2026,1,8587.7,0.209,1073462.5,849108.8375
24,2026-06-26,1,MCKESSON SPECIALTY CARE DIST LVG,MSH,2026-06-26,2026-06,2026-Q2,2026,1,8587.7,0.209,206104.8,163028.8968
3,2026-07-01,1,ONCOLOGY SUPPLY DISTRIBUTION CENTER,CENCORA,2026-07-03,2026-07,2026-Q3,2026,1,8845.33,0.209,26535.99,20989.96809
17,2026-07-01,1,ASD HEALTHCARE DISTRIBUTION CENTER,CENCORA,2026-07-03,2026-07,2026-Q3,2026,1,8845.33,0.209,150370.61,118943.1525
9,2026-07-01,1,ASD HEALTHCARE - MONTCLAIR,CENCORA,2026-07-03,2026-07,2026-Q3,2026,1,8845.33,0.209,79607.97,62969.90427
8,2026-07-01,1,TANNERGAP INC,TANNERGAP,2026-07-03,2026-07,2026-Q3,2026,1,8845.33,0.209,70762.64,55973.24824
50,2026-07-09,1,ASD HEALTHCARE DISTRIBUTION CENTER,CENCORA,2026-07-10,2026-07,2026-Q3,2026,1,8845.33,0.209,442266.5,349832.8015
11,2026-07-09,1,ONCOLOGY SUPPLY DISTRIBUTION CENTER,CENCORA,2026-07-10,2026-07,2026-Q3,2026,1,8845.33,0.209,97298.63,76963.21633
3,2026-07-09,1,ASD HEALTHCARE - MONTCLAIR,CENCORA,2026-07-10,2026-07,2026-Q3,2026,1,8845.33,0.209,26535.99,20989.96809
3,2026-07-13,1,TANNERGAP INC,TANNERGAP,2026-07-17,2026-07,2026-Q3,2026,1,8845.33,0.209,26535.99,20989.96809
