qty_sold,shipment_date,valid_order,wholesaler_name,short_wholesaler_name,week_end_date,month_year,quarter_year,year,is_business_day,unit_price,discount
30,2022-02-21,1,ASD HEALTHCARE-BROOKS              ,ASD,2022-02-25,2022-02,2022-Q1,2022,1,6785.0,0.15
10,2022-02-21,1,ASD HEALTHCARE - RENO DC           ,ASD,2022-02-25,2022-02,2022-Q1,2022,1,6785.0,0.15
5,2022-02-21,1,MCKESSON SPECIALTY CARE DIST       ,MSH,2022-02-25,2022-02,2022-Q1,2022,1,6785.0,0.15
10,2022-02-21,1,MCKESSON SPECIALTY CARE DIST       ,MSH,2022-02-25,2022-02,2022-Q1,2022,1,6785.0,0.15
5,2022-02-21,1,McKesson Specialty Care DC         ,MSH,2022-02-25,2022-02,2022-Q1,2022,1,6785.0,0.15
30,2022-02-21,0,PANTHERRX RARE                     ,PANTHERRX,2022-02-25,2022-02,2022-Q1,2022,1,6649.3,0.15
10,2022-02-21,1,DOTHAN D AND S                     ,ONCOLOGY SUPPLY,2022-02-25,2022-02,2022-Q1,2022,1,6785.0,0.15
10,2022-03-01,1,DOTHAN D AND S                     ,ONCOLOGY SUPPLY,2022-03-04,2022-03,2022-Q1,2022,1,6785.0,0.15
20,2022-03-01,1,MCKESSON PLASMA AND BIOLOGICS      ,MPB,2022-03-04,2022-03,2022-Q1,2022,1,6785.0,0.15
5,2022-03-01,1,ASD HEALTHCARE-BROOKS              ,ASD,2022-03-04,2022-03,2022-Q1,2022,1,6785.0,0.15
5,2022-03-01,1,MCKESSON SPECIALTY CARE DIST       ,MSH,2022-03-04,2022-03,2022-Q1,2022,1,6785.0,0.15
30,2022-03-03,1,ASD HEALTHCARE-BROOKS              ,ASD,2022-03-04,2022-03,2022-Q1,2022,1,6785.0,0.15
25,2022-03-07,1,MCKESSON PLASMA AND BIOLOGICS      ,MPB,2022-03-11,2022-03,2022-Q1,2022,1,6785.0,0.15
2,2022-03-09,1,MCKESSON SPECIALTY CARE DIST       ,MSH,2022-03-11,2022-03,2022-Q1,2022,1,6785.0,0.15
10,2022-03-09,1,McKesson Specialty Care DC         ,MSH,2022-03-11,2022-03,2022-Q1,2022,1,6785.0,0.15
10,2022-03-09,0,PANTHERRX RARE                     ,PANTHERRX,2022-03-11,2022-03,2022-Q1,2022,1,6649.3,0.15
20,2022-03-09,1,ASD HEALTHCARE-BROOKS              ,ASD,2022-03-11,2022-03,2022-Q1,2022,1,6785.0,0.15
25,2022-03-09,1,MCKESSON PLASMA AND BIOLOGICS      ,MPB,2022-03-11,2022-03,2022-Q1,2022,1,6785.0,0.15
50,2022-03-10,1,ASD HEALTHCARE-BROOKS              ,ASD,2022-03-11,2022-03,2022-Q1,2022,1,6785.0,0.15
5,2022-03-14,1,DOTHAN D AND S                     ,ONCOLOGY SUPPLY,2022-03-18,2022-03,2022-Q1,2022,1,6785.0,0.15
10,2022-03-14,0,DOTHAN D AND S                     ,ONCOLOGY SUPPLY,2022-03-18,2022-03,2022-Q1,2022,1,6785.0,0.15
10,2022-03-14,0,DOTHAN D AND S                     ,ONCOLOGY SUPPLY,2022-03-18,2022-03,2022-Q1,2022,1,6785.0,0.15
-10,2022-03-14,0,DOTHAN D AND S                     ,ONCOLOGY SUPPLY,2022-03-18,2022-03,2022-Q1,2022,1,6785.0,0.15
-10,2022-03-14,0,DOTHAN D AND S                     ,ONCOLOGY SUPPLY,2022-03-18,2022-03,2022-Q1,2022,1,6785.0,0.15
25,2022-03-14,1,MCKESSON PLASMA AND BIOLOGICS      ,MPB,2022-03-18,2022-03,2022-Q1,2022,1,6785.0,0.15
20,2022-03-16,0,PANTHERRX RARE                     ,PANTHERRX,2022-03-18,2022-03,2022-Q1,2022,1,6649.3,0.15
5,2022-03-17,1,DOTHAN D AND S                     ,ONCOLOGY SUPPLY,2022-03-18,2022-03,2022-Q1,2022,1,6785.0,0.15
4,2022-03-21,1,MCKESSON SPECIALTY CARE DIST       ,MSH,2022-03-25,2022-03,2022-Q1,2022,1,6785.0,0.15
20,2022-03-21,1,MCKESSON PLASMA AND BIOLOGICS      ,MPB,2022-03-25,2022-03,2022-Q1,2022,1,6785.0,0.15
10,2022-03-24,1,ASD HEALTHCARE-BROOKS              ,ASD,2022-03-25,2022-03,2022-Q1,2022,1,6785.0,0.15
50,2022-03-28,1,MCKESSON PLASMA AND BIOLOGICS      ,MPB,2022-04-01,2022-03,2022-Q1,2022,1,6785.0,0.15
9,2022-03-30,1,MCKESSON SPECIALTY CARE DIST       ,MSH,2022-04-01,2022-03,2022-Q1,2022,1,6785.0,0.15
12,2022-04-01,1,ASD HEALTHCARE-BROOKS              ,ASD,2022-04-01,2022-04,2022-Q2,2022,1,6785.0,0.15
10,2022-04-01,1,DOTHAN D AND S                     ,ONCOLOGY SUPPLY,2022-04-01,2022-04,2022-Q2,2022,1,6785.0,0.15
2,2022-04-01,1,McKesson Specialty Care DC         ,MSH,2022-04-01,2022-04,2022-Q2,2022,1,6785.0,0.15
4,2022-04-04,1,MCKESSON SPECIALTY CARE DIST       ,MSH,2022-04-08,2022-04,2022-Q2,2022,1,6785.0,0.15
15,2022-04-07,1,ASD HEALTHCARE-BROOKS              ,ASD,2022-04-08,2022-04,2022-Q2,2022,1,6785.0,0.15
50,2022-04-11,1,MCKESSON PLASMA AND BIOLOGICS      ,MPB,2022-04-15,2022-04,2022-Q2,2022,1,6785.0,0.15
6,2022-04-12,1,McKesson Specialty Care DC         ,MSH,2022-04-15,2022-04,2022-Q2,2022,1,6785.0,0.15
10,2022-04-13,0,PANTHERRX RARE                     ,PANTHERRX,2022-04-15,2022-04,2022-Q2,2022,1,6649.3,0.15
5,2022-04-14,1,DOTHAN D AND S                     ,ONCOLOGY SUPPLY,2022-04-15,2022-04,2022-Q2,2022,1,6785.0,0.15
4,2022-04-18,1,McKesson Specialty Care DC         ,MSH,2022-04-22,2022-04,2022-Q2,2022,1,6785.0,0.15
4,2022-04-18,1,MCKESSON SPECIALTY CARE DIST       ,MSH,2022-04-22,2022-04,2022-Q2,2022,1,6785.0,0.15
15,2022-04-21,1,ASD HEALTHCARE-BROOKS              ,ASD,2022-04-22,2022-04,2022-Q2,2022,1,6785.0,0.15
10,2022-04-21,1,DOTHAN D AND S                     ,ONCOLOGY SUPPLY,2022-04-22,2022-04,2022-Q2,2022,1,6785.0,0.15
2,2022-04-26,1,MCKESSON SPECIALTY CARE DIST       ,MSH,2022-04-29,2022-04,2022-Q2,2022,1,6785.0,0.15
10,2022-04-28,1,ASD HEALTHCARE-BROOKS              ,ASD,2022-04-29,2022-04,2022-Q2,2022,1,6785.0,0.15
10,2022-04-28,1,DOTHAN D AND S                     ,ONCOLOGY SUPPLY,2022-04-29,2022-04,2022-Q2,2022,1,6785.0,0.15
50,2022-05-02,1,MCKESSON PLASMA AND BIOLOGICS      ,MPB,2022-05-06,2022-05,2022-Q2,2022,1,6785.0,0.15
2,2022-05-03,1,McKesson Specialty Care DC         ,MSH,2022-05-06,2022-05,2022-Q2,2022,1,6785.0,0.15
13,2022-05-03,0,PANTHERRX RARE                     ,PANTHERRX,2022-05-06,2022-05,2022-Q2,2022,1,6649.3,0.15
15,2022-05-05,1,ASD HEALTHCARE-BROOKS              ,ASD,2022-05-06,2022-05,2022-Q2,2022,1,6785.0,0.15
5,2022-05-09,1,MCKESSON SPECIALTY CARE DIST       ,MSH,2022-05-13,2022-05,2022-Q2,2022,1,6785.0,0.15
4,2022-05-09,1,McKesson Specialty Care DC         ,MSH,2022-05-13,2022-05,2022-Q2,2022,1,6785.0,0.15
5,2022-05-12,1,ASD HEALTHCARE-BROOKS              ,ASD,2022-05-13,2022-05,2022-Q2,2022,1,6785.0,0.15
4,2022-05-16,1,McKesson Specialty Care DC         ,MSH,2022-05-20,2022-05,2022-Q2,2022,1,6785.0,0.15
9,2022-05-16,1,MCKESSON SPECIALTY CARE DIST       ,MSH,2022-05-20,2022-05,2022-Q2,2022,1,6785.0,0.15
10,2022-05-16,1,DOTHAN D AND S                     ,ONCOLOGY SUPPLY,2022-05-20,2022-05,2022-Q2,2022,1,6785.0,0.15
12,2022-05-17,1,PANTHERRX RARE                     ,PANTHERRX,2022-05-20,2022-05,2022-Q2,2022,1,6649.3,0.15
20,2022-05-19,1,ASD HEALTHCARE-BROOKS              ,ASD,2022-05-20,2022-05,2022-Q2,2022,1,6785.0,0.15
4,2022-05-19,1,DOTHAN D AND S                     ,ONCOLOGY SUPPLY,2022-05-20,2022-05,2022-Q2,2022,1,6785.0,0.15
9,2022-05-23,1,McKesson Specialty Care DC         ,MSH,2022-05-27,2022-05,2022-Q2,2022,1,6785.0,0.15
25,2022-05-26,1,ASD HEALTHCARE-BROOKS              ,ASD,2022-05-27,2022-05,2022-Q2,2022,1,6785.0,0.15
5,2022-05-26,1,DOTHAN D AND S                     ,ONCOLOGY SUPPLY,2022-05-27,2022-05,2022-Q2,2022,1,6785.0,0.15
4,2022-06-01,1,McKesson Specialty Care DC         ,MSH,2022-06-03,2022-06,2022-Q2,2022,1,6785.0,0.15
8,2022-06-01,1,MCKESSON SPECIALTY CARE DIST       ,MSH,2022-06-03,2022-06,2022-Q2,2022,1,6785.0,0.15
50,2022-06-01,1,MCKESSON PLASMA AND BIOLOGICS      ,MPB,2022-06-03,2022-06,2022-Q2,2022,1,6785.0,0.15
5,2022-06-01,0,PANTHERRX RARE                     ,PANTHERRX,2022-06-03,2022-06,2022-Q2,2022,1,6649.3,0.15
13,2022-06-02,1,ASD HEALTHCARE-BROOKS              ,ASD,2022-06-03,2022-06,2022-Q2,2022,1,6785.0,0.15
3,2022-06-02,1,DOTHAN D AND S                     ,ONCOLOGY SUPPLY,2022-06-03,2022-06,2022-Q2,2022,1,6785.0,0.15
12,2022-06-06,0,PANTHERRX RARE                     ,PANTHERRX,2022-06-10,2022-06,2022-Q2,2022,1,6649.3,0.15
-12,2022-06-06,0,PANTHERRX RARE                     ,PANTHERRX,2022-06-10,2022-06,2022-Q2,2022,1,6649.3,0.15
6,2022-06-06,1,MCKESSON SPECIALTY CARE DIST       ,MSH,2022-06-10,2022-06,2022-Q2,2022,1,6785.0,0.15
2,2022-06-06,1,McKesson Specialty Care DC         ,MSH,2022-06-10,2022-06,2022-Q2,2022,1,6785.0,0.15
20,2022-06-09,1,ASD HEALTHCARE-BROOKS              ,ASD,2022-06-10,2022-06,2022-Q2,2022,1,6785.0,0.15
6,2022-06-13,1,PANTHERRX RARE                     ,PANTHERRX,2022-06-17,2022-06,2022-Q2,2022,1,6649.3,0.15
10,2022-06-13,0,PANTHERRX RARE                     ,PANTHERRX,2022-06-17,2022-06,2022-Q2,2022,1,6649.3,0.15
3,2022-06-13,1,DOTHAN D AND S                     ,ONCOLOGY SUPPLY,2022-06-17,2022-06,2022-Q2,2022,1,6785.0,0.15
4,2022-06-14,1,McKesson Specialty Care DC         ,MSH,2022-06-17,2022-06,2022-Q2,2022,1,6785.0,0.15
9,2022-06-14,1,MCKESSON SPECIALTY CARE DIST       ,MSH,2022-06-17,2022-06,2022-Q2,2022,1,6785.0,0.15
15,2022-06-16,1,ASD HEALTHCARE-BROOKS              ,ASD,2022-06-17,2022-06,2022-Q2,2022,1,6785.0,0.15
5,2022-06-16,1,DOTHAN D AND S                     ,ONCOLOGY SUPPLY,2022-06-17,2022-06,2022-Q2,2022,1,6785.0,0.15
1,2022-06-20,1,PANTHERRX RARE                     ,PANTHERRX,2022-06-24,2022-06,2022-Q2,2022,1,6649.3,0.15
4,2022-06-20,0,PANTHERRX RARE                     ,PANTHERRX,2022-06-24,2022-06,2022-Q2,2022,1,6649.3,0.15
4,2022-06-21,1,MCKESSON SPECIALTY CARE DIST       ,MSH,2022-06-24,2022-06,2022-Q2,2022,1,6785.0,0.15
14,2022-06-21,1,McKesson Specialty Care DC         ,MSH,2022-06-24,2022-06,2022-Q2,2022,1,6785.0,0.15
50,2022-06-23,1,ASD HEALTHCARE-BROOKS              ,ASD,2022-06-24,2022-06,2022-Q2,2022,1,6785.0,0.15
37,2022-06-27,1,MCKESSON PLASMA AND BIOLOGICS      ,MPB,2022-07-01,2022-06,2022-Q2,2022,1,6785.0,0.15
2,2022-06-29,1,McKesson Specialty Care DC         ,MSH,2022-07-01,2022-06,2022-Q2,2022,1,6785.0,0.15
2,2022-06-29,1,MCKESSON SPECIALTY CARE DIST       ,MSH,2022-07-01,2022-06,2022-Q2,2022,1,6785.0,0.15
-1,2022-06-30,0,PANTHERRX RARE                     ,PANTHERRX,2022-07-01,2022-06,2022-Q2,2022,1,6649.3,0.15
-1,2022-06-30,0,PANTHERRX RARE                     ,PANTHERRX,2022-07-01,2022-06,2022-Q2,2022,1,6649.3,0.15
-4,2022-06-30,0,PANTHERRX RARE                     ,PANTHERRX,2022-07-01,2022-06,2022-Q2,2022,1,6649.3,0.15
5,2022-07-01,1,DOTHAN D AND S                     ,ONCOLOGY SUPPLY,2022-07-01,2022-07,2022-Q3,2022,1,6785.0,0.15
7,2022-07-05,0,PANTHERRX RARE                     ,PANTHERRX,2022-07-08,2022-07,2022-Q3,2022,1,6649.3,0.15
17,2022-07-05,1,MCKESSON PLASMA AND BIOLOGICS      ,MPB,2022-07-08,2022-07,2022-Q3,2022,1,6785.0,0.15
20,2022-07-07,1,ASD HEALTHCARE-BROOKS              ,ASD,2022-07-08,2022-07,2022-Q3,2022,1,6785.0,0.15
4,2022-07-07,1,DOTHAN D AND S                     ,ONCOLOGY SUPPLY,2022-07-08,2022-07,2022-Q3,2022,1,6785.0,0.15
3,2022-07-11,1,MCKESSON SPECIALTY CARE DIST       ,MSH,2022-07-15,2022-07,2022-Q3,2022,1,6785.0,0.15
8,2022-07-11,1,McKesson Specialty Care DC         ,MSH,2022-07-15,2022-07,2022-Q3,2022,1,6785.0,0.15
7,2022-07-11,1,MCKESSON PLASMA AND BIOLOGICS      ,MPB,2022-07-15,2022-07,2022-Q3,2022,1,6785.0,0.15
20,2022-07-14,1,ASD HEALTHCARE-BROOKS              ,ASD,2022-07-15,2022-07,2022-Q3,2022,1,6785.0,0.15
6,2022-07-18,1,DOTHAN D AND S                     ,ONCOLOGY SUPPLY,2022-07-22,2022-07,2022-Q3,2022,1,6785.0,0.15
27,2022-07-18,1,MCKESSON PLASMA AND BIOLOGICS      ,MPB,2022-07-22,2022-07,2022-Q3,2022,1,6785.0,0.15
7,2022-07-18,1,MCKESSON SPECIALTY CARE DIST       ,MSH,2022-07-22,2022-07,2022-Q3,2022,1,6785.0,0.15
5,2022-07-18,1,McKesson Specialty Care DC         ,MSH,2022-07-22,2022-07,2022-Q3,2022,1,6785.0,0.15
4,2022-07-19,1,PANTHERRX RARE                     ,PANTHERRX,2022-07-22,2022-07,2022-Q3,2022,1,6649.3,0.15
15,2022-07-21,0,PANTHERRX RARE                     ,PANTHERRX,2022-07-22,2022-07,2022-Q3,2022,1,6649.3,0.15
5,2022-07-21,1,DOTHAN D AND S                     ,ONCOLOGY SUPPLY,2022-07-22,2022-07,2022-Q3,2022,1,6785.0,0.15
12,2022-07-21,1,ASD HEALTHCARE-BROOKS              ,ASD,2022-07-22,2022-07,2022-Q3,2022,1,6785.0,0.15
24,2022-07-25,1,MCKESSON PLASMA AND BIOLOGICS      ,MPB,2022-07-29,2022-07,2022-Q3,2022,1,6785.0,0.15
9,2022-07-27,0,PANTHERRX RARE                     ,PANTHERRX,2022-07-29,2022-07,2022-Q3,2022,1,6649.3,0.15
15,2022-07-28,1,ASD HEALTHCARE-BROOKS              ,ASD,2022-07-29,2022-07,2022-Q3,2022,1,6785.0,0.15
25,2022-08-01,1,MCKESSON PLASMA AND BIOLOGICS      ,MPB,2022-08-05,2022-08,2022-Q3,2022,1,6785.0,0.15
55,2022-08-02,1,DOTHAN D AND S                     ,ONCOLOGY SUPPLY,2022-08-05,2022-08,2022-Q3,2022,1,6785.0,0.15
19,2022-08-04,1,ASD HEALTHCARE-BROOKS              ,ASD,2022-08-05,2022-08,2022-Q3,2022,1,6785.0,0.15
10,2022-08-04,1,DOTHAN D AND S                     ,ONCOLOGY SUPPLY,2022-08-05,2022-08,2022-Q3,2022,1,6785.0,0.15
13,2022-08-04,1,McKesson Specialty Care DC         ,MSH,2022-08-05,2022-08,2022-Q3,2022,1,6785.0,0.15
4,2022-08-08,1,McKesson Specialty Care DC         ,MSH,2022-08-12,2022-08,2022-Q3,2022,1,6785.0,0.15
16,2022-08-08,1,MCKESSON PLASMA AND BIOLOGICS      ,MPB,2022-08-12,2022-08,2022-Q3,2022,1,6785.0,0.15
8,2022-08-11,1,DOTHAN D AND S                     ,ONCOLOGY SUPPLY,2022-08-12,2022-08,2022-Q3,2022,1,6785.0,0.15
10,2022-08-11,1,ASD HEALTHCARE-BROOKS              ,ASD,2022-08-12,2022-08,2022-Q3,2022,1,6785.0,0.15
16,2022-08-15,1,McKesson Specialty Care DC         ,MSH,2022-08-19,2022-08,2022-Q3,2022,1,6785.0,0.15
5,2022-08-15,1,MCKESSON SPECIALTY CARE DIST       ,MSH,2022-08-19,2022-08,2022-Q3,2022,1,6785.0,0.15
17,2022-08-15,1,MCKESSON PLASMA AND BIOLOGICS      ,MPB,2022-08-19,2022-08,2022-Q3,2022,1,6785.0,0.15
15,2022-08-16,0,PANTHERRX RARE                     ,PANTHERRX,2022-08-19,2022-08,2022-Q3,2022,1,6649.3,0.15
18,2022-08-18,1,ASD HEALTHCARE-BROOKS              ,ASD,2022-08-19,2022-08,2022-Q3,2022,1,6785.0,0.15
4,2022-08-18,1,DOTHAN D AND S                     ,ONCOLOGY SUPPLY,2022-08-19,2022-08,2022-Q3,2022,1,6785.0,0.15
3,2022-08-22,1,MCKESSON SPECIALTY CARE DIST       ,MSH,2022-08-26,2022-08,2022-Q3,2022,1,6785.0,0.15
2,2022-08-22,1,McKesson Specialty Care DC         ,MSH,2022-08-26,2022-08,2022-Q3,2022,1,6785.0,0.15
25,2022-08-22,1,MCKESSON PLASMA AND BIOLOGICS      ,MPB,2022-08-26,2022-08,2022-Q3,2022,1,6785.0,0.15
16,2022-08-25,1,DOTHAN D AND S                     ,ONCOLOGY SUPPLY,2022-08-26,2022-08,2022-Q3,2022,1,6785.0,0.15
27,2022-08-25,1,ASD HEALTHCARE-BROOKS              ,ASD,2022-08-26,2022-08,2022-Q3,2022,1,6785.0,0.15
6,2022-08-29,1,McKesson Specialty Care DC         ,MSH,2022-09-02,2022-08,2022-Q3,2022,1,6785.0,0.15
11,2022-08-29,1,MCKESSON PLASMA AND BIOLOGICS      ,MPB,2022-09-02,2022-08,2022-Q3,2022,1,6785.0,0.15
11,2022-08-30,0,PANTHERRX RARE                     ,PANTHERRX,2022-09-02,2022-08,2022-Q3,2022,1,6649.3,0.15
18,2022-09-01,1,DOTHAN D AND S                     ,ONCOLOGY SUPPLY,2022-09-02,2022-09,2022-Q3,2022,1,6785.0,0.15
19,2022-09-01,1,ASD HEALTHCARE-BROOKS              ,ASD,2022-09-02,2022-09,2022-Q3,2022,1,6785.0,0.15
11,2022-09-01,0,PANTHERRX RARE                     ,PANTHERRX,2022-09-02,2022-09,2022-Q3,2022,1,6649.3,0.15
6,2022-09-06,0,PANTHERRX RARE                     ,PANTHERRX,2022-09-09,2022-09,2022-Q3,2022,1,6649.3,0.15
16,2022-09-06,1,McKesson Specialty Care DC         ,MSH,2022-09-09,2022-09,2022-Q3,2022,1,6785.0,0.15
31,2022-09-06,1,MCKESSON PLASMA AND BIOLOGICS      ,MPB,2022-09-09,2022-09,2022-Q3,2022,1,6785.0,0.15
8,2022-09-08,1,DOTHAN D AND S                     ,ONCOLOGY SUPPLY,2022-09-09,2022-09,2022-Q3,2022,1,6785.0,0.15
2,2022-09-12,1,MCKESSON SPECIALTY CARE DIST       ,MSH,2022-09-16,2022-09,2022-Q3,2022,1,6785.0,0.15
10,2022-09-13,0,PANTHERRX RARE                     ,PANTHERRX,2022-09-16,2022-09,2022-Q3,2022,1,6649.3,0.15
10,2022-09-13,1,MCKESSON PLASMA AND BIOLOGICS      ,MPB,2022-09-16,2022-09,2022-Q3,2022,1,6785.0,0.15
20,2022-09-15,1,DOTHAN D AND S                     ,ONCOLOGY SUPPLY,2022-09-16,2022-09,2022-Q3,2022,1,6785.0,0.15
20,2022-09-15,1,ASD HEALTHCARE-BROOKS              ,ASD,2022-09-16,2022-09,2022-Q3,2022,1,6785.0,0.15
16,2022-09-19,1,MCKESSON PLASMA AND BIOLOGICS      ,MPB,2022-09-23,2022-09,2022-Q3,2022,1,6785.0,0.15
9,2022-09-19,1,McKesson Specialty Care DC         ,MSH,2022-09-23,2022-09,2022-Q3,2022,1,6785.0,0.15
50,2022-09-22,1,ASD HEALTHCARE-BROOKS              ,ASD,2022-09-23,2022-09,2022-Q3,2022,1,6785.0,0.15
14,2022-09-22,1,DOTHAN D AND S                     ,ONCOLOGY SUPPLY,2022-09-23,2022-09,2022-Q3,2022,1,6785.0,0.15
3,2022-09-26,1,McKesson Specialty Care DC         ,MSH,2022-09-30,2022-09,2022-Q3,2022,1,6785.0,0.15
-11,2022-09-27,0,PANTHERRX RARE                     ,PANTHERRX,2022-09-30,2022-09,2022-Q3,2022,1,6649.3,0.15
6,2022-09-29,1,DOTHAN D AND S                     ,ONCOLOGY SUPPLY,2022-09-30,2022-09,2022-Q3,2022,1,6785.0,0.15
21,2022-10-03,1,MCKESSON PLASMA AND BIOLOGICS      ,MPB,2022-10-07,2022-10,2022-Q4,2022,1,6785.0,0.15
39,2022-10-03,1,MCKESSON PLASMA AND BIOLOGICS      ,MPB,2022-10-07,2022-10,2022-Q4,2022,1,6785.0,0.15
16,2022-10-06,1,DOTHAN D AND S                     ,ONCOLOGY SUPPLY,2022-10-07,2022-10,2022-Q4,2022,1,6785.0,0.15
13,2022-10-10,1,ASD HEALTHCARE-BROOKS              ,ASD,2022-10-14,2022-10,2022-Q4,2022,1,6785.0,0.15
50,2022-10-10,1,MCKESSON PLASMA AND BIOLOGICS      ,MPB,2022-10-14,2022-10,2022-Q4,2022,1,6785.0,0.15
14,2022-10-13,1,DOTHAN D AND S                     ,ONCOLOGY SUPPLY,2022-10-14,2022-10,2022-Q4,2022,1,6785.0,0.15
13,2022-10-13,1,ASD HEALTHCARE-BROOKS              ,ASD,2022-10-14,2022-10,2022-Q4,2022,1,6785.0,0.15
7,2022-10-13,1,MCKESSON SPECIALTY CARE DIST       ,MSH,2022-10-14,2022-10,2022-Q4,2022,1,6785.0,0.15
12,2022-10-13,1,McKesson Specialty Care DC         ,MSH,2022-10-14,2022-10,2022-Q4,2022,1,6785.0,0.15
6,2022-10-17,0,DOTHAN D AND S                     ,ONCOLOGY SUPPLY,2022-10-21,2022-10,2022-Q4,2022,1,6785.0,0.15
32,2022-10-17,0,ASD HEALTHCARE-BROOKS              ,ASD,2022-10-21,2022-10,2022-Q4,2022,1,6785.0,0.15
5,2022-10-17,0,PANTHERRX RARE                     ,PANTHERRX,2022-10-21,2022-10,2022-Q4,2022,1,6649.3,0.15
6,2022-10-17,0,PANTHERRX RARE                     ,PANTHERRX,2022-10-21,2022-10,2022-Q4,2022,1,6649.3,0.15
7,2022-10-17,0,PANTHERRX RARE                     ,PANTHERRX,2022-10-21,2022-10,2022-Q4,2022,1,6649.3,0.15
60,2022-10-17,1,MCKESSON PLASMA AND BIOLOGICS      ,MPB,2022-10-21,2022-10,2022-Q4,2022,1,6785.0,0.15
10,2022-10-20,1,ASD HEALTHCARE-BROOKS              ,ASD,2022-10-21,2022-10,2022-Q4,2022,1,6785.0,0.15
6,2022-10-20,1,DOTHAN D AND S                     ,ONCOLOGY SUPPLY,2022-10-21,2022-10,2022-Q4,2022,1,6785.0,0.15
6,2022-10-24,0,SONEXUS,SONEXUS,2022-10-28,2022-10,2022-Q4,2022,1,6785.0,0.15
4,2022-10-27,1,ASD HEALTHCARE-BROOKS              ,ASD,2022-10-28,2022-10,2022-Q4,2022,1,6785.0,0.15
9,2022-10-27,1,DOTHAN D AND S                     ,ONCOLOGY SUPPLY,2022-10-28,2022-10,2022-Q4,2022,1,6785.0,0.15
-21,2022-10-28,1,MCKESSON PLASMA AND BIOLOGICS      ,MPB,2022-10-28,2022-10,2022-Q4,2022,1,6785.0,0.15
21,2022-10-28,1,MCKESSON PLASMA AND BIOLOGICS      ,MPB,2022-10-28,2022-10,2022-Q4,2022,1,6785.0,0.15
-39,2022-10-28,1,MCKESSON PLASMA AND BIOLOGICS      ,MPB,2022-10-28,2022-10,2022-Q4,2022,1,6785.0,0.15
39,2022-10-28,1,MCKESSON PLASMA AND BIOLOGICS      ,MPB,2022-10-28,2022-10,2022-Q4,2022,1,6785.0,0.15
-50,2022-10-28,1,MCKESSON PLASMA AND BIOLOGICS      ,MPB,2022-10-28,2022-10,2022-Q4,2022,1,6785.0,0.15
50,2022-10-28,1,MCKESSON PLASMA AND BIOLOGICS      ,MPB,2022-10-28,2022-10,2022-Q4,2022,1,6785.0,0.15
-7,2022-10-28,1,MCKESSON SPECIALTY CARE DIST       ,MSH,2022-10-28,2022-10,2022-Q4,2022,1,6785.0,0.15
7,2022-10-28,1,MCKESSON SPECIALTY CARE DIST       ,MSH,2022-10-28,2022-10,2022-Q4,2022,1,6785.0,0.15
-12,2022-10-28,1,McKesson Specialty Care DC         ,MSH,2022-10-28,2022-10,2022-Q4,2022,1,6785.0,0.15
12,2022-10-28,1,McKesson Specialty Care DC         ,MSH,2022-10-28,2022-10,2022-Q4,2022,1,6785.0,0.15
-60,2022-10-28,1,MCKESSON PLASMA AND BIOLOGICS      ,MPB,2022-10-28,2022-10,2022-Q4,2022,1,6785.0,0.15
60,2022-10-28,1,MCKESSON PLASMA AND BIOLOGICS      ,MPB,2022-10-28,2022-10,2022-Q4,2022,1,6785.0,0.15
15,2022-11-01,1,MCKESSON PLASMA AND BIOLOGICS      ,MPB,2022-11-04,2022-11,2022-Q4,2022,1,6785.0,0.157
13,2022-11-03,1,DOTHAN D AND S                     ,ONCOLOGY SUPPLY,2022-11-04,2022-11,2022-Q4,2022,1,6785.0,0.157
21,2022-11-03,1,ASD HEALTHCARE-BROOKS              ,ASD,2022-11-04,2022-11,2022-Q4,2022,1,6785.0,0.157
29,2022-11-07,1,MCKESSON PLASMA AND BIOLOGICS      ,MPB,2022-11-11,2022-11,2022-Q4,2022,1,6785.0,0.157
-7,2022-11-08,0,PANTHERRX RARE                     ,PANTHERRX,2022-11-11,2022-11,2022-Q4,2022,1,6649.3,0.157
-6,2022-11-08,0,PANTHERRX RARE                     ,PANTHERRX,2022-11-11,2022-11,2022-Q4,2022,1,6649.3,0.157
6,2022-11-10,1,DOTHAN D AND S                     ,ONCOLOGY SUPPLY,2022-11-11,2022-11,2022-Q4,2022,1,6785.0,0.157
14,2022-11-10,1,ASD HEALTHCARE-BROOKS              ,ASD,2022-11-11,2022-11,2022-Q4,2022,1,6785.0,0.157
33,2022-11-14,1,MCKESSON PLASMA AND BIOLOGICS      ,MPB,2022-11-18,2022-11,2022-Q4,2022,1,6785.0,0.157
-24,2022-11-17,1,McKesson Specialty Care DC         ,MSH,2022-11-18,2022-11,2022-Q4,2022,1,6785.0,0.157
13,2022-11-17,1,DOTHAN D AND S                     ,ONCOLOGY SUPPLY,2022-11-18,2022-11,2022-Q4,2022,1,6785.0,0.157
11,2022-11-17,1,ASD HEALTHCARE-BROOKS              ,ASD,2022-11-18,2022-11,2022-Q4,2022,1,6785.0,0.157
-6,2022-11-17,0,PANTHERRX RARE                     ,PANTHERRX,2022-11-18,2022-11,2022-Q4,2022,1,6649.3,0.157
1,2022-11-21,1,MCKESSON SPECIALTY CARE DIST       ,MSH,2022-11-25,2022-11,2022-Q4,2022,1,6785.0,0.157
12,2022-11-21,1,MCKESSON PLASMA AND BIOLOGICS      ,MPB,2022-11-25,2022-11,2022-Q4,2022,1,6785.0,0.157
25,2022-11-22,1,ASD HEALTHCARE-BROOKS              ,ASD,2022-11-25,2022-11,2022-Q4,2022,1,6785.0,0.157
10,2022-11-22,1,DOTHAN D AND S                     ,ONCOLOGY SUPPLY,2022-11-25,2022-11,2022-Q4,2022,1,6785.0,0.157
-11,2022-11-23,1,MCKESSON SPECIALTY CARE DIST       ,MSH,2022-11-25,2022-11,2022-Q4,2022,1,6785.0,0.157
-6,2022-11-23,0,DOTHAN D AND S                     ,ONCOLOGY SUPPLY,2022-11-25,2022-11,2022-Q4,2022,1,6785.0,0.157
29,2022-11-28,1,MCKESSON PLASMA AND BIOLOGICS      ,MPB,2022-12-02,2022-11,2022-Q4,2022,1,6785.0,0.157
-38,2022-11-28,0,ASD HEALTHCARE-BROOKS              ,ASD,2022-12-02,2022-11,2022-Q4,2022,1,6785.0,0.157
2,2022-11-29,1,MCKESSON SPECIALTY CARE DIST       ,MSH,2022-12-02,2022-11,2022-Q4,2022,1,6785.0,0.157
50,2022-12-01,1,ASD HEALTHCARE-BROOKS              ,ASD,2022-12-02,2022-12,2022-Q4,2022,1,6785.0,0.069
38,2022-12-05,1,MCKESSON PLASMA AND BIOLOGICS      ,MPB,2022-12-09,2022-12,2022-Q4,2022,1,6785.0,0.069
38,2022-12-06,0,ASD HEALTHCARE-BROOKS              ,ASD,2022-12-09,2022-12,2022-Q4,2022,1,6785.0,0.069
6,2022-12-06,0,SONEXUS,SONEXUS,2022-12-09,2022-12,2022-Q4,2022,1,6785.0,0.069
10,2022-12-08,1,ASD HEALTHCARE-BROOKS              ,ASD,2022-12-09,2022-12,2022-Q4,2022,1,6785.0,0.069
14,2022-12-08,1,DOTHAN D AND S                     ,ONCOLOGY SUPPLY,2022-12-09,2022-12,2022-Q4,2022,1,6785.0,0.069
3,2022-12-12,1,MCKESSON SPECIALTY CARE DIST       ,MSH,2022-12-16,2022-12,2022-Q4,2022,1,6785.0,0.069
27,2022-12-13,1,MCKESSON PLASMA AND BIOLOGICS      ,MPB,2022-12-16,2022-12,2022-Q4,2022,1,6785.0,0.069
6,2022-12-13,1,McKesson Specialty Care DC         ,MSH,2022-12-16,2022-12,2022-Q4,2022,1,6785.0,0.069
8,2022-12-15,1,DOTHAN D AND S                     ,ONCOLOGY SUPPLY,2022-12-16,2022-12,2022-Q4,2022,1,6785.0,0.069
23,2022-12-15,1,ASD HEALTHCARE-BROOKS              ,ASD,2022-12-16,2022-12,2022-Q4,2022,1,6785.0,0.069
6,2022-12-19,1,MCKESSON SPECIALTY CARE DIST       ,MSH,2022-12-23,2022-12,2022-Q4,2022,1,6785.0,0.069
12,2022-12-19,1,McKesson Specialty Care DC         ,MSH,2022-12-23,2022-12,2022-Q4,2022,1,6785.0,0.069
4,2022-12-19,0,SONEXUS,SONEXUS,2022-12-23,2022-12,2022-Q4,2022,1,6785.0,0.069
33,2022-12-19,1,MCKESSON PLASMA AND BIOLOGICS      ,MPB,2022-12-23,2022-12,2022-Q4,2022,1,6785.0,0.069
6,2022-12-21,0,ASD HEALTHCARE-BROOKS              ,ASD,2022-12-23,2022-12,2022-Q4,2022,1,6785.0,0.069
32,2022-12-28,1,ASD HEALTHCARE-BROOKS              ,ASD,2022-12-30,2022-12,2022-Q4,2022,1,6785.0,0.069
18,2022-12-28,1,ASD HEALTHCARE-BROOKS              ,ASD,2022-12-30,2022-12,2022-Q4,2022,1,6785.0,0.069
6,2022-12-28,1,DOTHAN D AND S                     ,ONCOLOGY SUPPLY,2022-12-30,2022-12,2022-Q4,2022,1,6785.0,0.069
4,2022-12-28,1,MCKESSON PLASMA AND BIOLOGICS      ,MPB,2022-12-30,2022-12,2022-Q4,2022,1,6785.0,0.069
36,2022-12-28,1,MCKESSON PLASMA AND BIOLOGICS      ,MPB,2022-12-30,2022-12,2022-Q4,2022,1,6785.0,0.069
36,2022-12-28,1,MCKESSON PLASMA AND BIOLOGICS      ,MPB,2022-12-30,2022-12,2022-Q4,2022,1,6785.0,0.069
24,2022-12-28,1,MCKESSON PLASMA AND BIOLOGICS      ,MPB,2022-12-30,2022-12,2022-Q4,2022,1,6785.0,0.069
22,2022-12-28,0,SONEXUS,SONEXUS,2022-12-30,2022-12,2022-Q4,2022,1,6785.0,0.069
7,2022-12-28,1,McKesson Specialty Care DC         ,MSH,2022-12-30,2022-12,2022-Q4,2022,1,6785.0,0.069
3,2023-01-02,1,McKesson Specialty Care DC,MSH,2023-01-06,2023-01,2023-Q1,2023,0,6982.3,0.15
7,2023-01-03,1,ASD HEALTHCARE-BROOKS              ,ASD,2023-01-06,2023-01,2023-Q1,2023,1,6982.3,0.15
50,2023-01-05,1,ASD HEALTHCARE-BROOKS              ,ASD,2023-01-06,2023-01,2023-Q1,2023,1,6982.3,0.15
13,2023-01-05,1,DOTHAN D AND S                     ,ONCOLOGY SUPPLY,2023-01-06,2023-01,2023-Q1,2023,1,6982.3,0.15
7,2023-01-12,1,DOTHAN D AND S                     ,ONCOLOGY SUPPLY,2023-01-13,2023-01,2023-Q1,2023,1,6982.3,0.15
12,2023-01-12,1,ASD HEALTHCARE-BROOKS              ,ASD,2023-01-13,2023-01,2023-Q1,2023,1,6982.3,0.15
2,2023-01-12,1,PANTHERRX RARE                     ,PANTHERRX,2023-01-13,2023-01,2023-Q1,2023,1,6982.3,0.15
-38,2023-01-13,0,AADI BIOSCIENCE,AADI BIOSCIENCE,2023-01-13,2023-01,2023-Q1,2023,1,6982.3,0.15
-7,2023-01-13,0,AADI BIOSCIENCE,AADI BIOSCIENCE,2023-01-13,2023-01,2023-Q1,2023,1,6982.3,0.15
-6,2023-01-13,0,AADI BIOSCIENCE,AADI BIOSCIENCE,2023-01-13,2023-01,2023-Q1,2023,1,6982.3,0.15
-1,2023-01-13,0,AADI BIOSCIENCE,AADI BIOSCIENCE,2023-01-13,2023-01,2023-Q1,2023,1,6982.3,0.15
-35,2023-01-13,0,AADI BIOSCIENCE,AADI BIOSCIENCE,2023-01-13,2023-01,2023-Q1,2023,1,6982.3,0.15
-24,2023-01-13,0,AADI BIOSCIENCE,AADI BIOSCIENCE,2023-01-13,2023-01,2023-Q1,2023,1,6982.3,0.15
-11,2023-01-13,0,AADI BIOSCIENCE,AADI BIOSCIENCE,2023-01-13,2023-01,2023-Q1,2023,1,6982.3,0.15
-11,2023-01-13,0,AADI BIOSCIENCE,AADI BIOSCIENCE,2023-01-13,2023-01,2023-Q1,2023,1,6982.3,0.15
-6,2023-01-13,0,AADI BIOSCIENCE,AADI BIOSCIENCE,2023-01-13,2023-01,2023-Q1,2023,1,6982.3,0.15
-4,2023-01-13,0,AADI BIOSCIENCE,AADI BIOSCIENCE,2023-01-13,2023-01,2023-Q1,2023,1,6982.3,0.15
-120,2023-01-13,0,AADI BIOSCIENCE,AADI BIOSCIENCE,2023-01-13,2023-01,2023-Q1,2023,1,6982.3,0.15
-7,2023-01-13,0,AADI BIOSCIENCE,AADI BIOSCIENCE,2023-01-13,2023-01,2023-Q1,2023,1,6982.3,0.15
-6,2023-01-13,0,AADI BIOSCIENCE,AADI BIOSCIENCE,2023-01-13,2023-01,2023-Q1,2023,1,6982.3,0.15
4,2023-01-17,1,MCKESSON SPECIALTY CARE DIST       ,MSH,2023-01-20,2023-01,2023-Q1,2023,1,6982.3,0.15
7,2023-01-17,1,McKesson Specialty Care DC,MSH,2023-01-20,2023-01,2023-Q1,2023,1,6982.3,0.15
16,2023-01-19,1,DOTHAN D AND S                     ,ONCOLOGY SUPPLY,2023-01-20,2023-01,2023-Q1,2023,1,6982.3,0.15
16,2023-01-19,1,ASD HEALTHCARE-BROOKS              ,ASD,2023-01-20,2023-01,2023-Q1,2023,1,6982.3,0.15
100,2023-01-19,0,,,2023-01-20,2023-01,2023-Q1,2023,1,6982.3,0.15
64,2023-01-19,1,MCKESSON PLASMA AND BIOLOGICS      ,MPB,2023-01-20,2023-01,2023-Q1,2023,1,6982.3,0.15
7,2023-01-20,0,McKesson Specialty Care DC,MSH,2023-01-20,2023-01,2023-Q1,2023,1,6982.3,0.15
9,2023-01-24,1,McKesson Specialty Care DC,MSH,2023-01-27,2023-01,2023-Q1,2023,1,6982.3,0.15
28,2023-01-24,1,MCKESSON PLASMA AND BIOLOGICS      ,MPB,2023-01-27,2023-01,2023-Q1,2023,1,6982.3,0.15
30,2023-01-25,0,,,2023-01-27,2023-01,2023-Q1,2023,1,6982.3,0.15
10,2023-01-26,1,ASD HEALTHCARE-BROOKS              ,ASD,2023-01-27,2023-01,2023-Q1,2023,1,6982.3,0.15
15,2023-01-26,1,DOTHAN D AND S                     ,ONCOLOGY SUPPLY,2023-01-27,2023-01,2023-Q1,2023,1,6982.3,0.15
2,2023-01-30,1,MCKESSON SPECIALTY CARE DIST       ,MSH,2023-02-03,2023-01,2023-Q1,2023,1,6982.3,0.15
4,2023-01-30,1,McKesson Specialty Care DC,MSH,2023-02-03,2023-01,2023-Q1,2023,1,6982.3,0.15
57,2023-01-30,1,MCKESSON PLASMA AND BIOLOGICS      ,MPB,2023-02-03,2023-01,2023-Q1,2023,1,6982.3,0.15
6,2023-01-31,0,,,2023-02-03,2023-01,2023-Q1,2023,1,6982.3,0.15
9,2023-02-02,1,DOTHAN D AND S                     ,ONCOLOGY SUPPLY,2023-02-03,2023-02,2023-Q1,2023,1,6988.55,0.15
10,2023-02-02,1,ASD HEALTHCARE-BROOKS              ,ASD,2023-02-03,2023-02,2023-Q1,2023,1,6988.55,0.15
8,2023-02-06,1,ASD HEALTHCARE - MONTCLAIR,ASD,2023-02-10,2023-02,2023-Q1,2023,1,6988.55,0.15
2,2023-02-06,1,ASD HEALTHCARE - MONTCLAIR,ASD,2023-02-10,2023-02,2023-Q1,2023,1,6988.55,0.15
7,2023-02-07,1,McKesson Specialty Care DC,MSH,2023-02-10,2023-02,2023-Q1,2023,1,6988.55,0.15
50,2023-02-07,1,MCKESSON PLASMA AND BIOLOGICS      ,MPB,2023-02-10,2023-02,2023-Q1,2023,1,6988.55,0.15
18,2023-02-09,1,DOTHAN D AND S                     ,ONCOLOGY SUPPLY,2023-02-10,2023-02,2023-Q1,2023,1,6988.55,0.15
2,2023-02-09,1,ASD HEALTHCARE - MONTCLAIR,ASD,2023-02-10,2023-02,2023-Q1,2023,1,6988.55,0.15
13,2023-02-09,1,ASD HEALTHCARE-BROOKS              ,ASD,2023-02-10,2023-02,2023-Q1,2023,1,6988.55,0.15
11,2023-02-13,1,MCKESSON PLASMA AND BIOLOGICS      ,MPB,2023-02-17,2023-02,2023-Q1,2023,1,6988.55,0.15
7,2023-02-14,1,McKesson Specialty Care DC,MSH,2023-02-17,2023-02,2023-Q1,2023,1,6988.55,0.15
2,2023-02-14,1,MCKESSON SPECIALTY CARE DIST       ,MSH,2023-02-17,2023-02,2023-Q1,2023,1,6988.55,0.15
6,2023-02-15,0,,,2023-02-17,2023-02,2023-Q1,2023,1,6988.55,0.15
-6,2023-02-15,0,,,2023-02-17,2023-02,2023-Q1,2023,1,6988.55,0.15
16,2023-02-16,1,DOTHAN D AND S                     ,ONCOLOGY SUPPLY,2023-02-17,2023-02,2023-Q1,2023,1,6988.55,0.15
13,2023-02-16,1,ASD HEALTHCARE-BROOKS              ,ASD,2023-02-17,2023-02,2023-Q1,2023,1,6988.55,0.15
6,2023-02-16,1,ASD HEALTHCARE - MONTCLAIR,ASD,2023-02-17,2023-02,2023-Q1,2023,1,6988.55,0.15
32,2023-02-20,1,MCKESSON PLASMA AND BIOLOGICS      ,MPB,2023-02-24,2023-02,2023-Q1,2023,1,6988.55,0.15
38,2023-02-22,0,AADI BIOSCIENCE,AADI BIOSCIENCE,2023-02-24,2023-02,2023-Q1,2023,1,6988.55,0.15
7,2023-02-22,0,AADI BIOSCIENCE,AADI BIOSCIENCE,2023-02-24,2023-02,2023-Q1,2023,1,6988.55,0.15
6,2023-02-22,0,AADI BIOSCIENCE,AADI BIOSCIENCE,2023-02-24,2023-02,2023-Q1,2023,1,6988.55,0.15
1,2023-02-22,0,AADI BIOSCIENCE,AADI BIOSCIENCE,2023-02-24,2023-02,2023-Q1,2023,1,6988.55,0.15
35,2023-02-22,0,AADI BIOSCIENCE,AADI BIOSCIENCE,2023-02-24,2023-02,2023-Q1,2023,1,6988.55,0.15
24,2023-02-22,0,AADI BIOSCIENCE,AADI BIOSCIENCE,2023-02-24,2023-02,2023-Q1,2023,1,6988.55,0.15
11,2023-02-22,0,AADI BIOSCIENCE,AADI BIOSCIENCE,2023-02-24,2023-02,2023-Q1,2023,1,6988.55,0.15
11,2023-02-22,0,AADI BIOSCIENCE,AADI BIOSCIENCE,2023-02-24,2023-02,2023-Q1,2023,1,6988.55,0.15
6,2023-02-22,0,AADI BIOSCIENCE,AADI BIOSCIENCE,2023-02-24,2023-02,2023-Q1,2023,1,6988.55,0.15
4,2023-02-22,0,AADI BIOSCIENCE,AADI BIOSCIENCE,2023-02-24,2023-02,2023-Q1,2023,1,6988.55,0.15
120,2023-02-22,0,AADI BIOSCIENCE,AADI BIOSCIENCE,2023-02-24,2023-02,2023-Q1,2023,1,6988.55,0.15
7,2023-02-22,0,AADI BIOSCIENCE,AADI BIOSCIENCE,2023-02-24,2023-02,2023-Q1,2023,1,6988.55,0.15
6,2023-02-22,0,AADI BIOSCIENCE,AADI BIOSCIENCE,2023-02-24,2023-02,2023-Q1,2023,1,6988.55,0.15
8,2023-02-22,1,PANTHERRX RARE                     ,PANTHERRX,2023-02-24,2023-02,2023-Q1,2023,1,6848.8,0.15
3,2023-02-23,1,DOTHAN D AND S                     ,ONCOLOGY SUPPLY,2023-02-24,2023-02,2023-Q1,2023,1,6988.55,0.15
14,2023-02-23,1,ASD HEALTHCARE-BROOKS              ,ASD,2023-02-24,2023-02,2023-Q1,2023,1,6988.55,0.15
29,2023-02-23,1,ASD HEALTHCARE - MONTCLAIR,ASD,2023-02-24,2023-02,2023-Q1,2023,1,6988.55,0.15
6,2023-02-27,1,McKesson Specialty Care DC,MSH,2023-03-03,2023-02,2023-Q1,2023,1,6988.55,0.15
21,2023-02-27,1,MCKESSON PLASMA AND BIOLOGICS      ,MPB,2023-03-03,2023-02,2023-Q1,2023,1,6988.55,0.15
24,2023-03-02,1,ASD HEALTHCARE-BROOKS              ,ASD,2023-03-03,2023-03,2023-Q1,2023,1,6988.55,0.15
16,2023-03-02,1,DOTHAN D AND S                     ,ONCOLOGY SUPPLY,2023-03-03,2023-03,2023-Q1,2023,1,6988.55,0.15
17,2023-03-02,1,ASD HEALTHCARE - MONTCLAIR,ASD,2023-03-03,2023-03,2023-Q1,2023,1,6988.55,0.15
2,2023-03-07,1,McKesson Specialty Care DC,MSH,2023-03-10,2023-03,2023-Q1,2023,1,6988.55,0.15
18,2023-03-09,1,ASD HEALTHCARE - MONTCLAIR,ASD,2023-03-10,2023-03,2023-Q1,2023,1,6988.55,0.15
14,2023-03-09,1,DOTHAN D AND S                     ,ONCOLOGY SUPPLY,2023-03-10,2023-03,2023-Q1,2023,1,6988.55,0.15
17,2023-03-09,1,ASD HEALTHCARE-BROOKS              ,ASD,2023-03-10,2023-03,2023-Q1,2023,1,6988.55,0.15
8,2023-03-13,0,,,2023-03-17,2023-03,2023-Q1,2023,1,6988.55,0.15
29,2023-03-13,1,MCKESSON PLASMA AND BIOLOGICS      ,MPB,2023-03-17,2023-03,2023-Q1,2023,1,6988.55,0.15
4,2023-03-16,1,ASD HEALTHCARE - MONTCLAIR,ASD,2023-03-17,2023-03,2023-Q1,2023,1,6988.55,0.15
18,2023-03-16,1,ASD HEALTHCARE-BROOKS              ,ASD,2023-03-17,2023-03,2023-Q1,2023,1,6988.55,0.15
13,2023-03-16,1,DOTHAN D AND S                     ,ONCOLOGY SUPPLY,2023-03-17,2023-03,2023-Q1,2023,1,6988.55,0.15
14,2023-03-20,1,McKesson Specialty Care DC,MSH,2023-03-24,2023-03,2023-Q1,2023,1,6988.55,0.15
28,2023-03-20,1,MCKESSON PLASMA AND BIOLOGICS      ,MPB,2023-03-24,2023-03,2023-Q1,2023,1,6988.55,0.15
26,2023-03-20,1,MCKESSON PLASMA AND BIOLOGICS      ,MPB,2023-03-24,2023-03,2023-Q1,2023,1,6988.55,0.15
14,2023-03-23,1,DOTHAN D AND S                     ,ONCOLOGY SUPPLY,2023-03-24,2023-03,2023-Q1,2023,1,6988.55,0.15
5,2023-03-23,1,ASD HEALTHCARE - MONTCLAIR,ASD,2023-03-24,2023-03,2023-Q1,2023,1,6988.55,0.15
15,2023-03-23,1,ASD HEALTHCARE-BROOKS              ,ASD,2023-03-24,2023-03,2023-Q1,2023,1,6988.55,0.15
4,2023-03-23,1,MCKESSON SPECIALTY CARE DIST       ,MSH,2023-03-24,2023-03,2023-Q1,2023,1,6988.55,0.15
6,2023-03-23,0,,,2023-03-24,2023-03,2023-Q1,2023,1,6988.55,0.15
4,2023-03-27,1,McKesson Specialty Care DC,MSH,2023-03-31,2023-03,2023-Q1,2023,1,6988.55,0.15
50,2023-03-27,1,MCKESSON PLASMA AND BIOLOGICS      ,MPB,2023-03-31,2023-03,2023-Q1,2023,1,6988.55,0.15
20,2023-03-28,0,,,2023-03-31,2023-03,2023-Q1,2023,1,6988.55,0.15
10,2023-03-28,0,,,2023-03-31,2023-03,2023-Q1,2023,1,6988.55,0.15
21,2023-03-30,1,ASD HEALTHCARE-BROOKS              ,ASD,2023-03-31,2023-03,2023-Q1,2023,1,6988.55,0.15
7,2023-03-30,1,ASD HEALTHCARE - MONTCLAIR,ASD,2023-03-31,2023-03,2023-Q1,2023,1,6988.55,0.15
15,2023-03-30,1,DOTHAN D AND S                     ,ONCOLOGY SUPPLY,2023-03-31,2023-03,2023-Q1,2023,1,6988.55,0.15
26,2023-04-03,1,MCKESSON PLASMA AND BIOLOGICS      ,MPB,2023-04-07,2023-04,2023-Q2,2023,1,6988.55,0.15
21,2023-04-06,1,DOTHAN D AND S                     ,ONCOLOGY SUPPLY,2023-04-07,2023-04,2023-Q2,2023,1,6988.55,0.15
20,2023-04-06,1,ASD HEALTHCARE-BROOKS              ,ASD,2023-04-07,2023-04,2023-Q2,2023,1,6988.55,0.15
8,2023-04-10,1,MCKESSON SPECIALTY CARE DIST       ,MSH,2023-04-14,2023-04,2023-Q2,2023,1,6988.55,0.15
5,2023-04-10,1,McKesson Specialty Care DC,MSH,2023-04-14,2023-04,2023-Q2,2023,1,6988.55,0.15
32,2023-04-10,1,MCKESSON PLASMA AND BIOLOGICS      ,MPB,2023-04-14,2023-04,2023-Q2,2023,1,6988.55,0.15
50,2023-04-13,1,ASD HEALTHCARE-BROOKS              ,ASD,2023-04-14,2023-04,2023-Q2,2023,1,6988.55,0.15
22,2023-04-13,1,DOTHAN D AND S                     ,ONCOLOGY SUPPLY,2023-04-14,2023-04,2023-Q2,2023,1,6988.55,0.15
5,2023-04-13,1,ASD HEALTHCARE - MONTCLAIR,ASD,2023-04-14,2023-04,2023-Q2,2023,1,6988.55,0.15
5,2023-04-13,0,,,2023-04-14,2023-04,2023-Q2,2023,1,6988.55,0.15
2,2023-04-13,0,,,2023-04-14,2023-04,2023-Q2,2023,1,6988.55,0.15
6,2023-04-17,1,McKesson Specialty Care DC,MSH,2023-04-21,2023-04,2023-Q2,2023,1,6988.55,0.15
35,2023-04-17,1,MCKESSON PLASMA AND BIOLOGICS      ,MPB,2023-04-21,2023-04,2023-Q2,2023,1,6988.55,0.15
50,2023-04-19,1,MCKESSON PLASMA AND BIOLOGICS      ,MPB,2023-04-21,2023-04,2023-Q2,2023,1,6988.55,0.15
11,2023-04-20,1,ASD HEALTHCARE-BROOKS              ,ASD,2023-04-21,2023-04,2023-Q2,2023,1,6988.55,0.15
23,2023-04-20,1,DOTHAN D AND S                     ,ONCOLOGY SUPPLY,2023-04-21,2023-04,2023-Q2,2023,1,6988.55,0.15
4,2023-04-20,1,ASD HEALTHCARE - MONTCLAIR,ASD,2023-04-21,2023-04,2023-Q2,2023,1,6988.55,0.15
28,2023-04-24,1,MCKESSON PLASMA AND BIOLOGICS      ,MPB,2023-04-28,2023-04,2023-Q2,2023,1,6988.55,0.15
5,2023-04-27,1,ASD HEALTHCARE-BROOKS              ,ASD,2023-04-28,2023-04,2023-Q2,2023,1,6988.55,0.15
15,2023-04-27,1,DOTHAN D AND S                     ,ONCOLOGY SUPPLY,2023-04-28,2023-04,2023-Q2,2023,1,6988.55,0.15
29,2023-05-01,1,MCKESSON PLASMA AND BIOLOGICS      ,MPB,2023-05-05,2023-05,2023-Q2,2023,1,6988.55,0.15
5,2023-05-02,1,McKesson Specialty Care DC,MSH,2023-05-05,2023-05,2023-Q2,2023,1,6988.55,0.15
4,2023-05-02,1,PANTHERRX RARE                     ,PANTHERRX,2023-05-05,2023-05,2023-Q2,2023,1,6848.8,0.15
8,2023-05-02,0,,,2023-05-05,2023-05,2023-Q2,2023,1,6988.55,0.15
20,2023-05-04,1,DOTHAN D AND S                     ,ONCOLOGY SUPPLY,2023-05-05,2023-05,2023-Q2,2023,1,6988.55,0.15
50,2023-05-04,1,ASD HEALTHCARE-BROOKS              ,ASD,2023-05-05,2023-05,2023-Q2,2023,1,6988.55,0.15
9,2023-05-08,1,McKesson Specialty Care DC,MSH,2023-05-12,2023-05,2023-Q2,2023,1,6988.55,0.15
7,2023-05-08,1,MCKESSON PLASMA AND BIOLOGICS      ,MPB,2023-05-12,2023-05,2023-Q2,2023,1,6988.55,0.15
6,2023-05-09,0,,,2023-05-12,2023-05,2023-Q2,2023,1,6988.55,0.15
-2,2023-05-10,0,,,2023-05-12,2023-05,2023-Q2,2023,1,6988.55,0.15
-5,2023-05-10,0,,,2023-05-12,2023-05,2023-Q2,2023,1,6988.55,0.15
16,2023-05-11,1,ASD HEALTHCARE-BROOKS              ,ASD,2023-05-12,2023-05,2023-Q2,2023,1,6988.55,0.15
20,2023-05-11,1,DOTHAN D AND S                     ,ONCOLOGY SUPPLY,2023-05-12,2023-05,2023-Q2,2023,1,6988.55,0.15
3,2023-05-11,1,ASD HEALTHCARE - MONTCLAIR,ASD,2023-05-12,2023-05,2023-Q2,2023,1,6988.55,0.15
9,2023-05-15,1,MCKESSON PLASMA AND BIOLOGICS      ,MPB,2023-05-19,2023-05,2023-Q2,2023,1,6988.55,0.15
3,2023-05-16,1,MCKESSON SPECIALTY CARE DIST       ,MSH,2023-05-19,2023-05,2023-Q2,2023,1,6988.55,0.15
-2,2023-05-17,0,,,2023-05-19,2023-05,2023-Q2,2023,1,6988.55,0.15
15,2023-05-18,1,ASD HEALTHCARE-BROOKS              ,ASD,2023-05-19,2023-05,2023-Q2,2023,1,6988.55,0.15
17,2023-05-18,1,DOTHAN D AND S                     ,ONCOLOGY SUPPLY,2023-05-19,2023-05,2023-Q2,2023,1,6988.55,0.15
3,2023-05-18,1,ASD HEALTHCARE - MONTCLAIR,ASD,2023-05-19,2023-05,2023-Q2,2023,1,6988.55,0.15
2,2023-05-22,1,MCKESSON SPECIALTY CARE DIST       ,MSH,2023-05-26,2023-05,2023-Q2,2023,1,6988.55,0.15
2,2023-05-22,1,McKesson Specialty Care DC,MSH,2023-05-26,2023-05,2023-Q2,2023,1,6988.55,0.15
13,2023-05-22,1,MCKESSON PLASMA AND BIOLOGICS      ,MPB,2023-05-26,2023-05,2023-Q2,2023,1,6988.55,0.15
41,2023-05-22,1,MCKESSON PLASMA AND BIOLOGICS      ,MPB,2023-05-26,2023-05,2023-Q2,2023,1,6988.55,0.15
14,2023-05-25,1,DOTHAN D AND S                     ,ONCOLOGY SUPPLY,2023-05-26,2023-05,2023-Q2,2023,1,6988.55,0.15
50,2023-05-25,1,ASD HEALTHCARE-BROOKS              ,ASD,2023-05-26,2023-05,2023-Q2,2023,1,6988.55,0.15
32,2023-05-30,1,MCKESSON PLASMA AND BIOLOGICS      ,MPB,2023-06-02,2023-05,2023-Q2,2023,1,6988.55,0.15
25,2023-05-30,1,MCKESSON PLASMA AND BIOLOGICS      ,MPB,2023-06-02,2023-05,2023-Q2,2023,1,6988.55,0.15
6,2023-05-30,0,,,2023-06-02,2023-05,2023-Q2,2023,1,6988.55,0.15
14,2023-06-01,1,DOTHAN D AND S                     ,ONCOLOGY SUPPLY,2023-06-02,2023-06,2023-Q2,2023,1,6988.55,0.15
8,2023-06-01,1,ASD HEALTHCARE-BROOKS              ,ASD,2023-06-02,2023-06,2023-Q2,2023,1,6988.55,0.15
16,2023-06-01,1,ASD HEALTHCARE - MONTCLAIR,ASD,2023-06-02,2023-06,2023-Q2,2023,1,6988.55,0.15
1,2023-06-01,0,,,2023-06-02,2023-06,2023-Q2,2023,1,6988.55,0.15
9,2023-06-05,1,MCKESSON PLASMA AND BIOLOGICS      ,MPB,2023-06-09,2023-06,2023-Q2,2023,1,6988.55,0.15
14,2023-06-05,1,MCKESSON PLASMA AND BIOLOGICS      ,MPB,2023-06-09,2023-06,2023-Q2,2023,1,6988.55,0.15
8,2023-06-06,0,,,2023-06-09,2023-06,2023-Q2,2023,1,6988.55,0.15
11,2023-06-08,1,ASD HEALTHCARE - MONTCLAIR,ASD,2023-06-09,2023-06,2023-Q2,2023,1,6988.55,0.15
16,2023-06-08,1,DOTHAN D AND S                     ,ONCOLOGY SUPPLY,2023-06-09,2023-06,2023-Q2,2023,1,6988.55,0.15
5,2023-06-08,1,ASD HEALTHCARE-BROOKS              ,ASD,2023-06-09,2023-06,2023-Q2,2023,1,6988.55,0.15
2,2023-06-12,1,McKesson Specialty Care DC,MSH,2023-06-16,2023-06,2023-Q2,2023,1,6988.55,0.15
11,2023-06-12,1,MCKESSON PLASMA AND BIOLOGICS      ,MPB,2023-06-16,2023-06,2023-Q2,2023,1,6988.55,0.15
21,2023-06-12,1,MCKESSON PLASMA AND BIOLOGICS      ,MPB,2023-06-16,2023-06,2023-Q2,2023,1,6988.55,0.15
2,2023-06-15,1,ASD HEALTHCARE - MONTCLAIR,ASD,2023-06-16,2023-06,2023-Q2,2023,1,6988.55,0.15
50,2023-06-15,1,ASD HEALTHCARE-BROOKS              ,ASD,2023-06-16,2023-06,2023-Q2,2023,1,6988.55,0.15
10,2023-06-15,1,DOTHAN D AND S                     ,ONCOLOGY SUPPLY,2023-06-16,2023-06,2023-Q2,2023,1,6988.55,0.15
-2,2023-06-15,0,,,2023-06-16,2023-06,2023-Q2,2023,1,6988.55,0.15
2,2023-06-19,1,McKesson Specialty Care DC,MSH,2023-06-23,2023-06,2023-Q2,2023,1,6988.55,0.15
6,2023-06-19,0,,,2023-06-23,2023-06,2023-Q2,2023,1,6988.55,0.15
13,2023-06-20,1,MCKESSON PLASMA AND BIOLOGICS      ,MPB,2023-06-23,2023-06,2023-Q2,2023,1,6988.55,0.15
19,2023-06-20,1,MCKESSON PLASMA AND BIOLOGICS      ,MPB,2023-06-23,2023-06,2023-Q2,2023,1,6988.55,0.15
15,2023-06-22,1,DOTHAN D AND S                     ,ONCOLOGY SUPPLY,2023-06-23,2023-06,2023-Q2,2023,1,6988.55,0.15
8,2023-06-23,0,,,2023-06-23,2023-06,2023-Q2,2023,1,6988.55,0.15
9,2023-06-26,1,MCKESSON PLASMA AND BIOLOGICS      ,MPB,2023-06-30,2023-06,2023-Q2,2023,1,6988.55,0.15
2,2023-06-26,1,MCKESSON PLASMA AND BIOLOGICS      ,MPB,2023-06-30,2023-06,2023-Q2,2023,1,6988.55,0.15
-6,2023-06-28,0,,,2023-06-30,2023-06,2023-Q2,2023,1,6988.55,0.15
8,2023-06-28,0,,,2023-06-30,2023-06,2023-Q2,2023,1,6988.55,0.15
30,2023-06-29,1,DOTHAN D AND S                     ,ONCOLOGY SUPPLY,2023-06-30,2023-06,2023-Q2,2023,1,6988.55,0.15
10,2023-06-29,1,ASD HEALTHCARE-BROOKS              ,ASD,2023-06-30,2023-06,2023-Q2,2023,1,6988.55,0.15
1,2023-07-05,1,MCKESSON SPECIALTY CARE DIST       ,MSH,2023-07-07,2023-07,2023-Q3,2023,1,7093.38,0.15
2,2023-07-05,1,McKesson Specialty Care DC,MSH,2023-07-07,2023-07,2023-Q3,2023,1,7093.38,0.15
23,2023-07-05,1,MCKESSON PLASMA AND BIOLOGICS      ,MPB,2023-07-07,2023-07,2023-Q3,2023,1,7093.38,0.15
11,2023-07-05,1,MCKESSON PLASMA AND BIOLOGICS      ,MPB,2023-07-07,2023-07,2023-Q3,2023,1,7093.38,0.15
9,2023-07-06,1,ASD HEALTHCARE - MONTCLAIR,ASD,2023-07-07,2023-07,2023-Q3,2023,1,7093.38,0.15
7,2023-07-06,1,ASD HEALTHCARE-BROOKS              ,ASD,2023-07-07,2023-07,2023-Q3,2023,1,7093.38,0.15
3,2023-07-10,1,McKesson Specialty Care DC,MSH,2023-07-14,2023-07,2023-Q3,2023,1,7093.38,0.15
13,2023-07-10,1,MCKESSON PLASMA AND BIOLOGICS      ,MPB,2023-07-14,2023-07,2023-Q3,2023,1,7093.38,0.15
9,2023-07-10,1,MCKESSON PLASMA AND BIOLOGICS      ,MPB,2023-07-14,2023-07,2023-Q3,2023,1,7093.38,0.15
6,2023-07-10,0,,,2023-07-14,2023-07,2023-Q3,2023,1,7093.38,0.15
-4,2023-07-11,0,,,2023-07-14,2023-07,2023-Q3,2023,1,7093.38,0.15
-2,2023-07-11,0,,,2023-07-14,2023-07,2023-Q3,2023,1,7093.38,0.15
2,2023-07-11,1,MCKESSON SPECIALTY CARE DIST       ,MSH,2023-07-14,2023-07,2023-Q3,2023,1,7093.38,0.15
16,2023-07-13,1,ASD HEALTHCARE-BROOKS              ,ASD,2023-07-14,2023-07,2023-Q3,2023,1,7093.38,0.15
9,2023-07-13,1,DOTHAN D AND S                     ,ONCOLOGY SUPPLY,2023-07-14,2023-07,2023-Q3,2023,1,7093.38,0.15
4,2023-07-17,1,McKesson Specialty Care DC,MSH,2023-07-21,2023-07,2023-Q3,2023,1,7093.38,0.15
3,2023-07-17,1,MCKESSON SPECIALTY CARE DIST       ,MSH,2023-07-21,2023-07,2023-Q3,2023,1,7093.38,0.15
15,2023-07-17,1,MCKESSON PLASMA AND BIOLOGICS      ,MPB,2023-07-21,2023-07,2023-Q3,2023,1,7093.38,0.15
14,2023-07-17,1,MCKESSON PLASMA AND BIOLOGICS      ,MPB,2023-07-21,2023-07,2023-Q3,2023,1,7093.38,0.15
10,2023-07-20,1,DOTHAN D AND S                     ,ONCOLOGY SUPPLY,2023-07-21,2023-07,2023-Q3,2023,1,7093.38,0.15
26,2023-07-20,1,ASD HEALTHCARE-BROOKS              ,ASD,2023-07-21,2023-07,2023-Q3,2023,1,7093.38,0.15
3,2023-07-24,1,McKesson Specialty Care DC,MSH,2023-07-28,2023-07,2023-Q3,2023,1,7093.38,0.15
2,2023-07-24,1,MCKESSON SPECIALTY CARE DIST       ,MSH,2023-07-28,2023-07,2023-Q3,2023,1,7093.38,0.15
13,2023-07-24,1,MCKESSON PLASMA AND BIOLOGICS      ,MPB,2023-07-28,2023-07,2023-Q3,2023,1,7093.38,0.15
17,2023-07-24,1,MCKESSON PLASMA AND BIOLOGICS      ,MPB,2023-07-28,2023-07,2023-Q3,2023,1,7093.38,0.15
4,2023-07-27,1,ASD HEALTHCARE - MONTCLAIR,ASD,2023-07-28,2023-07,2023-Q3,2023,1,7093.38,0.15
7,2023-07-27,1,ASD HEALTHCARE-BROOKS              ,ASD,2023-07-28,2023-07,2023-Q3,2023,1,7093.38,0.15
9,2023-07-27,1,DOTHAN D AND S                     ,ONCOLOGY SUPPLY,2023-07-28,2023-07,2023-Q3,2023,1,7093.38,0.15
5,2023-08-01,1,McKesson Specialty Care DC,MSH,2023-08-04,2023-08,2023-Q3,2023,1,7093.38,0.15
1,2023-08-01,1,MCKESSON SPECIALTY CARE DIST       ,MSH,2023-08-04,2023-08,2023-Q3,2023,1,7093.38,0.15
5,2023-08-01,1,MCKESSON PLASMA AND BIOLOGICS      ,MPB,2023-08-04,2023-08,2023-Q3,2023,1,7093.38,0.15
11,2023-08-01,1,MCKESSON PLASMA AND BIOLOGICS      ,MPB,2023-08-04,2023-08,2023-Q3,2023,1,7093.38,0.15
4,2023-08-01,0,,,2023-08-04,2023-08,2023-Q3,2023,1,7093.38,0.15
2,2023-08-01,1,MCKESSON SPECIALTY CARE DIST       ,MSH,2023-08-04,2023-08,2023-Q3,2023,1,7093.38,0.15
16,2023-08-02,0,,,2023-08-04,2023-08,2023-Q3,2023,1,7093.38,0.15
18,2023-08-03,1,ASD HEALTHCARE-BROOKS              ,ASD,2023-08-04,2023-08,2023-Q3,2023,1,7093.38,0.15
14,2023-08-03,1,DOTHAN D AND S                     ,ONCOLOGY SUPPLY,2023-08-04,2023-08,2023-Q3,2023,1,7093.38,0.15
10,2023-08-03,1,ASD HEALTHCARE - MONTCLAIR,ASD,2023-08-04,2023-08,2023-Q3,2023,1,7093.38,0.15
2,2023-08-07,1,McKesson Specialty Care DC,MSH,2023-08-11,2023-08,2023-Q3,2023,1,7093.38,0.15
3,2023-08-07,1,MCKESSON SPECIALTY CARE DIST       ,MSH,2023-08-11,2023-08,2023-Q3,2023,1,7093.38,0.15
12,2023-08-07,1,MCKESSON PLASMA AND BIOLOGICS      ,MPB,2023-08-11,2023-08,2023-Q3,2023,1,7093.38,0.15
6,2023-08-07,0,,,2023-08-11,2023-08,2023-Q3,2023,1,7093.38,0.15
50,2023-08-10,1,ASD HEALTHCARE-BROOKS              ,ASD,2023-08-11,2023-08,2023-Q3,2023,1,7093.38,0.15
17,2023-08-10,1,DOTHAN D AND S                     ,ONCOLOGY SUPPLY,2023-08-11,2023-08,2023-Q3,2023,1,7093.38,0.15
22,2023-08-10,1,ASD HEALTHCARE - MONTCLAIR,ASD,2023-08-11,2023-08,2023-Q3,2023,1,7093.38,0.15
6,2023-08-10,0,,,2023-08-11,2023-08,2023-Q3,2023,1,7093.38,0.15
5,2023-08-14,1,McKesson Specialty Care DC,MSH,2023-08-18,2023-08,2023-Q3,2023,1,7093.38,0.15
30,2023-08-14,1,MCKESSON PLASMA AND BIOLOGICS      ,MPB,2023-08-18,2023-08,2023-Q3,2023,1,7093.38,0.15
6,2023-08-14,1,MCKESSON PLASMA AND BIOLOGICS      ,MPB,2023-08-18,2023-08,2023-Q3,2023,1,7093.38,0.15
4,2023-08-15,0,,,2023-08-18,2023-08,2023-Q3,2023,1,7093.38,0.15
21,2023-08-17,1,ASD HEALTHCARE - MONTCLAIR,ASD,2023-08-18,2023-08,2023-Q3,2023,1,7093.38,0.15
18,2023-08-17,1,ASD HEALTHCARE-BROOKS              ,ASD,2023-08-18,2023-08,2023-Q3,2023,1,7093.38,0.15
11,2023-08-17,1,DOTHAN D AND S                     ,ONCOLOGY SUPPLY,2023-08-18,2023-08,2023-Q3,2023,1,7093.38,0.15
5,2023-08-17,1,MCKESSON SPECIALTY CARE DIST       ,MSH,2023-08-18,2023-08,2023-Q3,2023,1,7093.38,0.15
4,2023-08-21,1,MCKESSON SPECIALTY CARE DIST       ,MSH,2023-08-25,2023-08,2023-Q3,2023,1,7093.38,0.15
5,2023-08-21,1,McKesson Specialty Care DC,MSH,2023-08-25,2023-08,2023-Q3,2023,1,7093.38,0.15
18,2023-08-21,1,MCKESSON PLASMA AND BIOLOGICS      ,MPB,2023-08-25,2023-08,2023-Q3,2023,1,7093.38,0.15
16,2023-08-24,1,DOTHAN D AND S                     ,ONCOLOGY SUPPLY,2023-08-25,2023-08,2023-Q3,2023,1,7093.38,0.15
17,2023-08-24,1,ASD HEALTHCARE-BROOKS              ,ASD,2023-08-25,2023-08,2023-Q3,2023,1,7093.38,0.15
52,2023-08-24,1,ASD HEALTHCARE - MONTCLAIR,ASD,2023-08-25,2023-08,2023-Q3,2023,1,7093.38,0.15
-6,2023-08-24,0,,,2023-08-25,2023-08,2023-Q3,2023,1,7093.38,0.15
2,2023-08-28,1,MCKESSON SPECIALTY CARE DIST       ,MSH,2023-09-01,2023-08,2023-Q3,2023,1,7093.38,0.15
11,2023-08-28,1,MCKESSON PLASMA AND BIOLOGICS      ,MPB,2023-09-01,2023-08,2023-Q3,2023,1,7093.38,0.15
35,2023-08-28,1,MCKESSON PLASMA AND BIOLOGICS      ,MPB,2023-09-01,2023-08,2023-Q3,2023,1,7093.38,0.15
18,2023-09-01,1,DOTHAN D AND S                     ,ONCOLOGY SUPPLY,2023-09-01,2023-09,2023-Q3,2023,1,7093.38,0.22
9,2023-09-01,1,ASD HEALTHCARE - MONTCLAIR,ASD,2023-09-01,2023-09,2023-Q3,2023,1,7093.38,0.22
5,2023-09-01,1,MCKESSON SPECIALTY CARE DIST       ,MSH,2023-09-01,2023-09,2023-Q3,2023,1,7093.38,0.22
3,2023-09-05,1,McKesson Specialty Care DC,MSH,2023-09-08,2023-09,2023-Q3,2023,1,7093.38,0.22
8,2023-09-05,1,MCKESSON SPECIALTY CARE DIST KY,MSH,2023-09-08,2023-09,2023-Q3,2023,1,7093.38,0.22
25,2023-09-05,1,MCKESSON PLASMA AND BIOLOGICS      ,MPB,2023-09-08,2023-09,2023-Q3,2023,1,7093.38,0.22
12,2023-09-05,1,MCKESSON PLASMA AND BIOLOGICS      ,MPB,2023-09-08,2023-09,2023-Q3,2023,1,7093.38,0.22
12,2023-09-07,1,DOTHAN D AND S                     ,ONCOLOGY SUPPLY,2023-09-08,2023-09,2023-Q3,2023,1,7093.38,0.22
7,2023-09-07,1,ASD HEALTHCARE-BROOKS              ,ASD,2023-09-08,2023-09,2023-Q3,2023,1,7093.38,0.22
16,2023-09-07,1,ASD HEALTHCARE - MONTCLAIR,ASD,2023-09-08,2023-09,2023-Q3,2023,1,7093.38,0.22
4,2023-09-07,1,MCKESSON SPECIALTY CARE DIST       ,MSH,2023-09-08,2023-09,2023-Q3,2023,1,7093.38,0.22
4,2023-09-07,0,,,2023-09-08,2023-09,2023-Q3,2023,1,7093.38,0.22
12,2023-09-11,1,McKesson Specialty Care DC,MSH,2023-09-15,2023-09,2023-Q3,2023,1,7093.38,0.22
35,2023-09-11,1,MCKESSON PLASMA AND BIOLOGICS      ,MPB,2023-09-15,2023-09,2023-Q3,2023,1,7093.38,0.22
16,2023-09-12,0,,,2023-09-15,2023-09,2023-Q3,2023,1,7093.38,0.22
4,2023-09-14,1,ASD HEALTHCARE - MONTCLAIR,ASD,2023-09-15,2023-09,2023-Q3,2023,1,7093.38,0.22
29,2023-09-14,1,ASD HEALTHCARE-BROOKS              ,ASD,2023-09-15,2023-09,2023-Q3,2023,1,7093.38,0.22
16,2023-09-14,1,DOTHAN D AND S                     ,ONCOLOGY SUPPLY,2023-09-15,2023-09,2023-Q3,2023,1,7093.38,0.22
5,2023-09-18,1,McKesson Specialty Care DC,MSH,2023-09-22,2023-09,2023-Q3,2023,1,7093.38,0.22
2,2023-09-18,1,MCKESSON SPECIALTY CARE DIST       ,MSH,2023-09-22,2023-09,2023-Q3,2023,1,7093.38,0.22
6,2023-09-18,1,MCKESSON PLASMA AND BIOLOGICS      ,MPB,2023-09-22,2023-09,2023-Q3,2023,1,7093.38,0.22
4,2023-09-20,1,MCKESSON SPECIALTY CARE DIST KY,MSH,2023-09-22,2023-09,2023-Q3,2023,1,7093.38,0.22
22,2023-09-21,1,DOTHAN D AND S                     ,ONCOLOGY SUPPLY,2023-09-22,2023-09,2023-Q3,2023,1,7093.38,0.22
20,2023-09-21,1,ASD HEALTHCARE-BROOKS              ,ASD,2023-09-22,2023-09,2023-Q3,2023,1,7093.38,0.22
2,2023-09-21,1,ASD HEALTHCARE - MONTCLAIR,ASD,2023-09-22,2023-09,2023-Q3,2023,1,7093.38,0.22
3,2023-09-25,1,McKesson Specialty Care DC,MSH,2023-09-29,2023-09,2023-Q3,2023,1,7093.38,0.22
2,2023-09-25,1,MCKESSON SPECIALTY CARE DIST       ,MSH,2023-09-29,2023-09,2023-Q3,2023,1,7093.38,0.22
8,2023-09-25,1,MCKESSON PLASMA AND BIOLOGICS      ,MPB,2023-09-29,2023-09,2023-Q3,2023,1,7093.38,0.22
4,2023-09-25,1,MCKESSON PLASMA AND BIOLOGICS      ,MPB,2023-09-29,2023-09,2023-Q3,2023,1,7093.38,0.22
15,2023-09-27,1,MCKESSON PLASMA AND BIOLOGICS      ,MPB,2023-09-29,2023-09,2023-Q3,2023,1,7093.38,0.22
17,2023-09-28,1,DOTHAN D AND S                     ,ONCOLOGY SUPPLY,2023-09-29,2023-09,2023-Q3,2023,1,7093.38,0.22
26,2023-09-28,1,ASD HEALTHCARE - MONTCLAIR,ASD,2023-09-29,2023-09,2023-Q3,2023,1,7093.38,0.22
8,2023-09-28,1,ASD HEALTHCARE-BROOKS              ,ASD,2023-09-29,2023-09,2023-Q3,2023,1,7093.38,0.22
3,2023-10-02,1,MCKESSON SPECIALTY CARE DIST       ,MSH,2023-10-06,2023-10,2023-Q4,2023,1,7093.38,0.15
5,2023-10-02,1,McKesson Specialty Care DC,MSH,2023-10-06,2023-10,2023-Q4,2023,1,7093.38,0.15
3,2023-10-02,1,MCKESSON PLASMA AND BIOLOGICS      ,MPB,2023-10-06,2023-10,2023-Q4,2023,1,7093.38,0.15
9,2023-10-02,1,MCKESSON PLASMA AND BIOLOGICS      ,MPB,2023-10-06,2023-10,2023-Q4,2023,1,7093.38,0.15
4,2023-10-02,0,,,2023-10-06,2023-10,2023-Q4,2023,1,7093.38,0.15
8,2023-10-02,0,,,2023-10-06,2023-10,2023-Q4,2023,1,7093.38,0.15
6,2023-10-04,0,,,2023-10-06,2023-10,2023-Q4,2023,1,7093.38,0.15
17,2023-10-05,1,ASD HEALTHCARE - MONTCLAIR,ASD,2023-10-06,2023-10,2023-Q4,2023,1,7093.38,0.15
18,2023-10-05,1,DOTHAN D AND S                     ,ONCOLOGY SUPPLY,2023-10-06,2023-10,2023-Q4,2023,1,7093.38,0.15
11,2023-10-05,1,ASD HEALTHCARE-BROOKS              ,ASD,2023-10-06,2023-10,2023-Q4,2023,1,7093.38,0.15
12,2023-10-05,0,,,2023-10-06,2023-10,2023-Q4,2023,1,7093.38,0.15
11,2023-10-09,1,McKesson Specialty Care DC,MSH,2023-10-13,2023-10,2023-Q4,2023,1,7093.38,0.15
11,2023-10-09,1,MCKESSON PLASMA AND BIOLOGICS      ,MPB,2023-10-13,2023-10,2023-Q4,2023,1,7093.38,0.15
32,2023-10-09,1,MCKESSON PLASMA AND BIOLOGICS      ,MPB,2023-10-13,2023-10,2023-Q4,2023,1,7093.38,0.15
4,2023-10-10,0,,,2023-10-13,2023-10,2023-Q4,2023,1,7093.38,0.15
9,2023-10-12,1,ASD HEALTHCARE-BROOKS              ,ASD,2023-10-13,2023-10,2023-Q4,2023,1,7093.38,0.15
18,2023-10-12,1,DOTHAN D AND S                     ,ONCOLOGY SUPPLY,2023-10-13,2023-10,2023-Q4,2023,1,7093.38,0.15
3,2023-10-12,1,ASD HEALTHCARE - MONTCLAIR,ASD,2023-10-13,2023-10,2023-Q4,2023,1,7093.38,0.15
2,2023-10-16,1,McKesson Specialty Care DC,MSH,2023-10-20,2023-10,2023-Q4,2023,1,7093.38,0.15
2,2023-10-16,1,MCKESSON SPECIALTY CARE DIST       ,MSH,2023-10-20,2023-10,2023-Q4,2023,1,7093.38,0.15
3,2023-10-16,1,MCKESSON SPECIALTY CARE DIST KY,MSH,2023-10-20,2023-10,2023-Q4,2023,1,7093.38,0.15
10,2023-10-16,1,MCKESSON PLASMA AND BIOLOGICS      ,MPB,2023-10-20,2023-10,2023-Q4,2023,1,7093.38,0.15
20,2023-10-16,1,MCKESSON PLASMA AND BIOLOGICS      ,MPB,2023-10-20,2023-10,2023-Q4,2023,1,7093.38,0.15
18,2023-10-19,1,ASD HEALTHCARE-BROOKS              ,ASD,2023-10-20,2023-10,2023-Q4,2023,1,7093.38,0.15
19,2023-10-19,1,DOTHAN D AND S                     ,ONCOLOGY SUPPLY,2023-10-20,2023-10,2023-Q4,2023,1,7093.38,0.15
10,2023-10-19,1,ASD HEALTHCARE - MONTCLAIR,ASD,2023-10-20,2023-10,2023-Q4,2023,1,7093.38,0.15
3,2023-10-23,1,MCKESSON SPECIALTY CARE DIST       ,MSH,2023-10-27,2023-10,2023-Q4,2023,1,7093.38,0.15
2,2023-10-23,1,McKesson Specialty Care DC,MSH,2023-10-27,2023-10,2023-Q4,2023,1,7093.38,0.15
16,2023-10-23,1,MCKESSON PLASMA AND BIOLOGICS      ,MPB,2023-10-27,2023-10,2023-Q4,2023,1,7093.38,0.15
28,2023-10-23,1,MCKESSON PLASMA AND BIOLOGICS      ,MPB,2023-10-27,2023-10,2023-Q4,2023,1,7093.38,0.15
2,2023-10-24,1,MCKESSON SPECIALTY CARE DIST KY,MSH,2023-10-27,2023-10,2023-Q4,2023,1,7093.38,0.15
6,2023-10-24,0,,,2023-10-27,2023-10,2023-Q4,2023,1,7093.38,0.15
6,2023-10-25,0,,,2023-10-27,2023-10,2023-Q4,2023,1,7093.38,0.15
22,2023-10-26,1,DOTHAN D AND S                     ,ONCOLOGY SUPPLY,2023-10-27,2023-10,2023-Q4,2023,1,7093.38,0.15
20,2023-10-26,1,ASD HEALTHCARE-BROOKS              ,ASD,2023-10-27,2023-10,2023-Q4,2023,1,7093.38,0.15
5,2023-10-26,1,ASD HEALTHCARE - MONTCLAIR,ASD,2023-10-27,2023-10,2023-Q4,2023,1,7093.38,0.15
3,2023-10-30,1,McKesson Specialty Care DC,MSH,2023-11-03,2023-10,2023-Q4,2023,1,7093.38,0.15
15,2023-10-30,1,MCKESSON PLASMA AND BIOLOGICS      ,MPB,2023-11-03,2023-10,2023-Q4,2023,1,7093.38,0.15
13,2023-10-30,1,MCKESSON PLASMA AND BIOLOGICS      ,MPB,2023-11-03,2023-10,2023-Q4,2023,1,7093.38,0.15
4,2023-10-31,0,,,2023-11-03,2023-10,2023-Q4,2023,1,7093.38,0.15
9,2023-11-02,1,DOTHAN D AND S                     ,ONCOLOGY SUPPLY,2023-11-03,2023-11,2023-Q4,2023,1,7093.38,0.15
8,2023-11-02,1,ASD HEALTHCARE - MONTCLAIR,ASD,2023-11-03,2023-11,2023-Q4,2023,1,7093.38,0.15
2,2023-11-06,1,MCKESSON SPECIALTY CARE DIST       ,MSH,2023-11-10,2023-11,2023-Q4,2023,1,7093.38,0.15
4,2023-11-06,1,McKesson Specialty Care DC,MSH,2023-11-10,2023-11,2023-Q4,2023,1,7093.38,0.15
17,2023-11-06,1,MCKESSON PLASMA AND BIOLOGICS      ,MPB,2023-11-10,2023-11,2023-Q4,2023,1,7093.38,0.15
8,2023-11-06,1,MCKESSON PLASMA AND BIOLOGICS      ,MPB,2023-11-10,2023-11,2023-Q4,2023,1,7093.38,0.15
-6,2023-11-06,0,,,2023-11-10,2023-11,2023-Q4,2023,1,7093.38,0.15
23,2023-11-09,1,ASD HEALTHCARE-BROOKS              ,ASD,2023-11-10,2023-11,2023-Q4,2023,1,7093.38,0.15
14,2023-11-09,1,DOTHAN D AND S                     ,ONCOLOGY SUPPLY,2023-11-10,2023-11,2023-Q4,2023,1,7093.38,0.15
10,2023-11-09,1,ASD HEALTHCARE - MONTCLAIR,ASD,2023-11-10,2023-11,2023-Q4,2023,1,7093.38,0.15
-5,2023-11-10,0,,,2023-11-10,2023-11,2023-Q4,2023,1,7093.38,0.15
-2,2023-11-10,0,,,2023-11-10,2023-11,2023-Q4,2023,1,7093.38,0.15
-3,2023-11-10,0,,,2023-11-10,2023-11,2023-Q4,2023,1,7093.38,0.15
-2,2023-11-10,0,,,2023-11-10,2023-11,2023-Q4,2023,1,7093.38,0.15
-2,2023-11-10,0,,,2023-11-10,2023-11,2023-Q4,2023,1,7093.38,0.15
-7,2023-11-10,0,MCKESSON SPECIALTY CARE DIST,MSH,2023-11-10,2023-11,2023-Q4,2023,1,7093.38,0.15
-2,2023-11-10,0,MCKESSON SPECIALTY CARE DIST,MSH,2023-11-10,2023-11,2023-Q4,2023,1,7093.38,0.15
-2,2023-11-10,0,MCKESSON SPECIALTY CARE DIST,MSH,2023-11-10,2023-11,2023-Q4,2023,1,7093.38,0.15
2,2023-11-13,1,McKesson Specialty Care DC,MSH,2023-11-17,2023-11,2023-Q4,2023,1,7093.38,0.15
6,2023-11-13,1,MCKESSON SPECIALTY CARE DIST       ,MSH,2023-11-17,2023-11,2023-Q4,2023,1,7093.38,0.15
3,2023-11-13,1,MCKESSON SPECIALTY CARE DIST KY,MSH,2023-11-17,2023-11,2023-Q4,2023,1,7093.38,0.15
50,2023-11-13,1,MCKESSON PLASMA AND BIOLOGICS      ,MPB,2023-11-17,2023-11,2023-Q4,2023,1,7093.38,0.15
30,2023-11-13,1,MCKESSON PLASMA AND BIOLOGICS      ,MPB,2023-11-17,2023-11,2023-Q4,2023,1,7093.38,0.15
-1,2023-11-13,0,,,2023-11-17,2023-11,2023-Q4,2023,1,7093.38,0.15
-2,2023-11-13,0,,,2023-11-17,2023-11,2023-Q4,2023,1,7093.38,0.15
8,2023-11-14,0,,,2023-11-17,2023-11,2023-Q4,2023,1,7093.38,0.15
16,2023-11-16,1,DOTHAN D AND S                     ,ONCOLOGY SUPPLY,2023-11-17,2023-11,2023-Q4,2023,1,7093.38,0.15
9,2023-11-16,1,ASD HEALTHCARE - MONTCLAIR,ASD,2023-11-17,2023-11,2023-Q4,2023,1,7093.38,0.15
50,2023-11-16,1,ASD HEALTHCARE-BROOKS              ,ASD,2023-11-17,2023-11,2023-Q4,2023,1,7093.38,0.15
8,2023-11-16,0,,,2023-11-17,2023-11,2023-Q4,2023,1,7093.38,0.15
-6,2023-11-17,0,,,2023-11-17,2023-11,2023-Q4,2023,1,7093.38,0.15
9,2023-11-20,1,DOTHAN D AND S                     ,ONCOLOGY SUPPLY,2023-11-24,2023-11,2023-Q4,2023,1,7093.38,0.15
16,2023-11-20,1,ASD HEALTHCARE-BROOKS              ,ASD,2023-11-24,2023-11,2023-Q4,2023,1,7093.38,0.15
5,2023-11-20,1,ASD HEALTHCARE - MONTCLAIR,ASD,2023-11-24,2023-11,2023-Q4,2023,1,7093.38,0.15
1,2023-11-20,1,MCKESSON SPECIALTY CARE DIST       ,MSH,2023-11-24,2023-11,2023-Q4,2023,1,7093.38,0.15
3,2023-11-20,1,McKesson Specialty Care DC,MSH,2023-11-24,2023-11,2023-Q4,2023,1,7093.38,0.15
15,2023-11-20,1,MCKESSON PLASMA AND BIOLOGICS      ,MPB,2023-11-24,2023-11,2023-Q4,2023,1,7093.38,0.15
37,2023-11-20,1,MCKESSON PLASMA AND BIOLOGICS      ,MPB,2023-11-24,2023-11,2023-Q4,2023,1,7093.38,0.15
5,2023-11-27,1,McKesson Specialty Care DC,MSH,2023-12-01,2023-11,2023-Q4,2023,1,7093.38,0.15
3,2023-11-27,1,MCKESSON SPECIALTY CARE DIST KY,MSH,2023-12-01,2023-11,2023-Q4,2023,1,7093.38,0.15
14,2023-11-27,1,MCKESSON PLASMA AND BIOLOGICS      ,MPB,2023-12-01,2023-11,2023-Q4,2023,1,7093.38,0.15
50,2023-11-27,1,MCKESSON PLASMA AND BIOLOGICS      ,MPB,2023-12-01,2023-11,2023-Q4,2023,1,7093.38,0.15
4,2023-11-29,0,,,2023-12-01,2023-11,2023-Q4,2023,1,7093.38,0.15
2,2023-12-01,1,ASD HEALTHCARE - MONTCLAIR,ASD,2023-12-01,2023-12,2023-Q4,2023,1,7093.38,0.21
12,2023-12-01,1,ASD HEALTHCARE-BROOKS              ,ASD,2023-12-01,2023-12,2023-Q4,2023,1,7093.38,0.21
10,2023-12-01,1,DOTHAN D AND S                     ,ONCOLOGY SUPPLY,2023-12-01,2023-12,2023-Q4,2023,1,7093.38,0.21
2,2023-12-04,1,McKesson Specialty Care DC,MSH,2023-12-08,2023-12,2023-Q4,2023,1,7093.38,0.21
10,2023-12-04,1,MCKESSON PLASMA AND BIOLOGICS      ,MPB,2023-12-08,2023-12,2023-Q4,2023,1,7093.38,0.21
5,2023-12-07,1,DOTHAN D AND S                     ,ONCOLOGY SUPPLY,2023-12-08,2023-12,2023-Q4,2023,1,7093.38,0.21
5,2023-12-07,1,ASD HEALTHCARE - MONTCLAIR,ASD,2023-12-08,2023-12,2023-Q4,2023,1,7093.38,0.21
50,2023-12-07,1,ASD HEALTHCARE-BROOKS              ,ASD,2023-12-08,2023-12,2023-Q4,2023,1,7093.38,0.21
12,2023-12-07,0,,,2023-12-08,2023-12,2023-Q4,2023,1,7093.38,0.21
1,2023-12-11,1,MCKESSON SPECIALTY CARE DIST       ,MSH,2023-12-15,2023-12,2023-Q4,2023,1,7093.38,0.21
5,2023-12-11,1,McKesson Specialty Care DC,MSH,2023-12-15,2023-12,2023-Q4,2023,1,7093.38,0.21
2,2023-12-11,1,MCKESSON SPECIALTY CARE DIST KY,MSH,2023-12-15,2023-12,2023-Q4,2023,1,7093.38,0.21
50,2023-12-11,1,MCKESSON PLASMA AND BIOLOGICS      ,MPB,2023-12-15,2023-12,2023-Q4,2023,1,7093.38,0.21
25,2023-12-11,1,MCKESSON PLASMA AND BIOLOGICS      ,MPB,2023-12-15,2023-12,2023-Q4,2023,1,7093.38,0.21
4,2023-12-11,0,,,2023-12-15,2023-12,2023-Q4,2023,1,7093.38,0.21
3,2023-12-14,1,ASD HEALTHCARE - MONTCLAIR,ASD,2023-12-15,2023-12,2023-Q4,2023,1,7093.38,0.21
12,2023-12-14,1,DOTHAN D AND S                     ,ONCOLOGY SUPPLY,2023-12-15,2023-12,2023-Q4,2023,1,7093.38,0.21
6,2023-12-18,1,McKesson Specialty Care DC,MSH,2023-12-22,2023-12,2023-Q4,2023,1,7093.38,0.21
25,2023-12-18,1,MCKESSON PLASMA AND BIOLOGICS      ,MPB,2023-12-22,2023-12,2023-Q4,2023,1,7093.38,0.21
3,2023-12-19,1,MCKESSON SPECIALTY CARE DIST KY,MSH,2023-12-22,2023-12,2023-Q4,2023,1,7093.38,0.21
4,2023-12-20,0,,,2023-12-22,2023-12,2023-Q4,2023,1,7093.38,0.21
2,2023-12-21,1,ASD HEALTHCARE-BROOKS              ,ASD,2023-12-22,2023-12,2023-Q4,2023,1,7093.38,0.21
12,2023-12-21,1,DOTHAN D AND S                     ,ONCOLOGY SUPPLY,2023-12-22,2023-12,2023-Q4,2023,1,7093.38,0.21
2,2023-12-21,1,ASD HEALTHCARE - MONTCLAIR,ASD,2023-12-22,2023-12,2023-Q4,2023,1,7093.38,0.21
-4,2023-12-22,0,,,2023-12-22,2023-12,2023-Q4,2023,1,7093.38,0.21
2,2023-12-26,1,McKesson Specialty Care DC,MSH,2023-12-29,2023-12,2023-Q4,2023,1,7093.38,0.21
22,2023-12-26,1,MCKESSON PLASMA AND BIOLOGICS      ,MPB,2023-12-29,2023-12,2023-Q4,2023,1,7093.38,0.21
-3,2023-12-27,0,,,2023-12-29,2023-12,2023-Q4,2023,1,7093.38,0.21
-2,2023-12-27,0,,,2023-12-29,2023-12,2023-Q4,2023,1,7093.38,0.21
12,2023-12-28,1,ASD HEALTHCARE-BROOKS              ,ASD,2023-12-29,2023-12,2023-Q4,2023,1,7093.38,0.21
6,2023-12-28,1,ASD HEALTHCARE - MONTCLAIR,ASD,2023-12-29,2023-12,2023-Q4,2023,1,7093.38,0.21
2,2024-01-02,1,McKesson Specialty Care DC,MSH,2024-01-05,2024-01,2024-Q1,2024,1,7412.58,0.165
50,2024-01-02,1,MCKESSON PLASMA AND BIOLOGICS      ,MPB,2024-01-05,2024-01,2024-Q1,2024,1,7412.58,0.165
30,2024-01-02,1,MCKESSON PLASMA AND BIOLOGICS      ,MPB,2024-01-05,2024-01,2024-Q1,2024,1,7412.58,0.165
6,2024-01-02,0,,,2024-01-05,2024-01,2024-Q1,2024,1,7412.58,0.165
13,2024-01-04,1,DOTHAN D AND S                     ,ONCOLOGY SUPPLY,2024-01-05,2024-01,2024-Q1,2024,1,7412.58,0.165
3,2024-01-04,1,ASD HEALTHCARE-BROOKS              ,ASD,2024-01-05,2024-01,2024-Q1,2024,1,7412.58,0.165
8,2024-01-08,1,McKesson Specialty Care DC,MSH,2024-01-12,2024-01,2024-Q1,2024,1,7412.58,0.165
4,2024-01-09,0,,,2024-01-12,2024-01,2024-Q1,2024,1,7412.58,0.165
-3,2024-01-10,0,MCKESSON SPECIALTY CARE DIST KY,MSH,2024-01-12,2024-01,2024-Q1,2024,1,7412.58,0.165
2,2024-01-11,1,ASD HEALTHCARE - MONTCLAIR,ASD,2024-01-12,2024-01,2024-Q1,2024,1,7412.58,0.165
18,2024-01-11,1,ASD HEALTHCARE-BROOKS              ,ASD,2024-01-12,2024-01,2024-Q1,2024,1,7412.58,0.165
11,2024-01-11,1,DOTHAN D AND S                     ,ONCOLOGY SUPPLY,2024-01-12,2024-01,2024-Q1,2024,1,7412.58,0.165
10,2024-01-17,1,McKesson Specialty Care DC,MSH,2024-01-19,2024-01,2024-Q1,2024,1,7412.58,0.165
30,2024-01-17,1,MCKESSON PLASMA AND BIOLOGICS      ,MPB,2024-01-19,2024-01,2024-Q1,2024,1,7412.58,0.165
50,2024-01-18,0,MCKESSON PLASMA AND BIOLOGICS      ,MPB,2024-01-19,2024-01,2024-Q1,2024,1,7412.58,0.165
-50,2024-01-18,0,MCKESSON PLASMA AND BIOLOGICS      ,MPB,2024-01-19,2024-01,2024-Q1,2024,1,7412.58,0.165
-30,2024-01-18,0,MCKESSON PLASMA AND BIOLOGICS      ,MPB,2024-01-19,2024-01,2024-Q1,2024,1,7412.58,0.165
30,2024-01-18,0,MCKESSON PLASMA AND BIOLOGICS      ,MPB,2024-01-19,2024-01,2024-Q1,2024,1,7412.58,0.165
-2,2024-01-18,0,McKesson Specialty Care DC,MSH,2024-01-19,2024-01,2024-Q1,2024,1,7412.58,0.165
2,2024-01-18,0,McKesson Specialty Care DC,MSH,2024-01-19,2024-01,2024-Q1,2024,1,7412.58,0.165
25,2024-01-18,1,ASD HEALTHCARE-BROOKS              ,ASD,2024-01-19,2024-01,2024-Q1,2024,1,7412.58,0.165
7,2024-01-18,1,DOTHAN D AND S                     ,ONCOLOGY SUPPLY,2024-01-19,2024-01,2024-Q1,2024,1,7412.58,0.165
0,2024-01-18,0,,,2024-01-19,2024-01,2024-Q1,2024,1,7412.58,0.165
8,2024-01-18,0,,,2024-01-19,2024-01,2024-Q1,2024,1,7412.58,0.165
2,2024-01-18,0,,,2024-01-19,2024-01,2024-Q1,2024,1,7412.58,0.165
5,2024-01-22,1,MCKESSON SPECIALTY CARE DIST KY,MSH,2024-01-26,2024-01,2024-Q1,2024,1,7412.58,0.165
2,2024-01-22,1,MCKESSON SPECIALTY CARE DIST       ,MSH,2024-01-26,2024-01,2024-Q1,2024,1,7412.58,0.165
5,2024-01-25,1,DOTHAN D AND S                     ,ONCOLOGY SUPPLY,2024-01-26,2024-01,2024-Q1,2024,1,7412.58,0.165
23,2024-01-25,1,ASD HEALTHCARE-BROOKS              ,ASD,2024-01-26,2024-01,2024-Q1,2024,1,7412.58,0.165
3,2024-01-29,1,MCKESSON SPECIALTY CARE DIST       ,MSH,2024-02-02,2024-01,2024-Q1,2024,1,7412.58,0.165
8,2024-01-29,1,McKesson Specialty Care DC,MSH,2024-02-02,2024-01,2024-Q1,2024,1,7412.58,0.165
2,2024-01-29,1,MCKESSON SPECIALTY CARE DIST KY,MSH,2024-02-02,2024-01,2024-Q1,2024,1,7412.58,0.165
17,2024-01-29,1,MCKESSON PLASMA AND BIOLOGICS      ,MPB,2024-02-02,2024-01,2024-Q1,2024,1,7412.58,0.165
8,2024-02-01,0,,,2024-02-02,2024-02,2024-Q1,2024,1,7412.58,0.165
10,2024-02-01,0,,,2024-02-02,2024-02,2024-Q1,2024,1,7412.58,0.165
9,2024-02-01,1,DOTHAN D AND S                     ,ONCOLOGY SUPPLY,2024-02-02,2024-02,2024-Q1,2024,1,7412.58,0.165
5,2024-02-01,1,ASD HEALTHCARE-BROOKS              ,ASD,2024-02-02,2024-02,2024-Q1,2024,1,7412.58,0.165
5,2024-02-05,1,McKesson Specialty Care DC,MSH,2024-02-09,2024-02,2024-Q1,2024,1,7412.58,0.165
6,2024-02-05,1,MCKESSON PLASMA AND BIOLOGICS      ,MPB,2024-02-09,2024-02,2024-Q1,2024,1,7412.58,0.165
30,2024-02-05,1,MCKESSON PLASMA AND BIOLOGICS      ,MPB,2024-02-09,2024-02,2024-Q1,2024,1,7412.58,0.165
4,2024-02-07,1,MCKESSON SPECIALTY CARE DIST       ,MSH,2024-02-09,2024-02,2024-Q1,2024,1,7412.58,0.165
2,2024-02-07,0,,,2024-02-09,2024-02,2024-Q1,2024,1,7412.58,0.165
8,2024-02-08,1,DOTHAN D AND S                     ,ONCOLOGY SUPPLY,2024-02-09,2024-02,2024-Q1,2024,1,7412.58,0.165
14,2024-02-08,1,ASD HEALTHCARE-BROOKS              ,ASD,2024-02-09,2024-02,2024-Q1,2024,1,7412.58,0.165
2,2024-02-12,1,MCKESSON SPECIALTY CARE DIST       ,MSH,2024-02-16,2024-02,2024-Q1,2024,1,7412.58,0.165
2,2024-02-12,1,MCKESSON SPECIALTY CARE DIST KY,MSH,2024-02-16,2024-02,2024-Q1,2024,1,7412.58,0.165
14,2024-02-14,1,MCKESSON PLASMA AND BIOLOGICS      ,MPB,2024-02-16,2024-02,2024-Q1,2024,1,7412.58,0.165
13,2024-02-14,1,MCKESSON PLASMA AND BIOLOGICS      ,MPB,2024-02-16,2024-02,2024-Q1,2024,1,7412.58,0.165
9,2024-02-15,1,DOTHAN D AND S                     ,ONCOLOGY SUPPLY,2024-02-16,2024-02,2024-Q1,2024,1,7412.58,0.165
21,2024-02-15,1,ASD HEALTHCARE-BROOKS              ,ASD,2024-02-16,2024-02,2024-Q1,2024,1,7412.58,0.165
-21,2024-02-16,0,,,2024-02-16,2024-02,2024-Q1,2024,1,7412.58,0.165
11,2024-02-20,1,McKesson Specialty Care DC,MSH,2024-02-23,2024-02,2024-Q1,2024,1,7412.58,0.165
1,2024-02-20,1,MCKESSON SPECIALTY CARE DIST       ,MSH,2024-02-23,2024-02,2024-Q1,2024,1,7412.58,0.165
2,2024-02-20,1,MCKESSON SPECIALTY CARE DIST KY,MSH,2024-02-23,2024-02,2024-Q1,2024,1,7412.58,0.165
9,2024-02-20,1,MCKESSON PLASMA AND BIOLOGICS      ,MPB,2024-02-23,2024-02,2024-Q1,2024,1,7412.58,0.165
16,2024-02-20,1,MCKESSON PLASMA AND BIOLOGICS      ,MPB,2024-02-23,2024-02,2024-Q1,2024,1,7412.58,0.165
16,2024-02-22,1,ASD HEALTHCARE-BROOKS              ,ASD,2024-02-23,2024-02,2024-Q1,2024,1,7412.58,0.165
9,2024-02-22,1,DOTHAN D AND S                     ,ONCOLOGY SUPPLY,2024-02-23,2024-02,2024-Q1,2024,1,7412.58,0.165
8,2024-02-26,1,McKesson Specialty Care DC,MSH,2024-03-01,2024-02,2024-Q1,2024,1,7412.58,0.165
10,2024-02-26,1,MCKESSON PLASMA AND BIOLOGICS      ,MPB,2024-03-01,2024-02,2024-Q1,2024,1,7412.58,0.165
18,2024-02-27,1,MCKESSON PLASMA AND BIOLOGICS      ,MPB,2024-03-01,2024-02,2024-Q1,2024,1,7412.58,0.165
8,2024-03-01,1,DOTHAN D AND S                     ,ONCOLOGY SUPPLY,2024-03-01,2024-03,2024-Q1,2024,1,7412.58,0.173
50,2024-03-01,1,ASD HEALTHCARE-BROOKS              ,ASD,2024-03-01,2024-03,2024-Q1,2024,1,7412.58,0.173
3,2024-03-04,1,MCKESSON SPECIALTY CARE DIST       ,MSH,2024-03-08,2024-03,2024-Q1,2024,1,7412.58,0.173
2,2024-03-04,1,MCKESSON SPECIALTY CARE DIST KY,MSH,2024-03-08,2024-03,2024-Q1,2024,1,7412.58,0.173
4,2024-03-04,1,MCKESSON PLASMA AND BIOLOGICS      ,MPB,2024-03-08,2024-03,2024-Q1,2024,1,7412.58,0.173
8,2024-03-04,1,MCKESSON PLASMA AND BIOLOGICS      ,MPB,2024-03-08,2024-03,2024-Q1,2024,1,7412.58,0.173
19,2024-03-07,1,ASD HEALTHCARE-BROOKS              ,ASD,2024-03-08,2024-03,2024-Q1,2024,1,7412.58,0.173
10,2024-03-07,1,DOTHAN D AND S                     ,ONCOLOGY SUPPLY,2024-03-08,2024-03,2024-Q1,2024,1,7412.58,0.173
2,2024-03-11,1,MCKESSON SPECIALTY CARE DIST KY,MSH,2024-03-15,2024-03,2024-Q1,2024,1,7412.58,0.173
4,2024-03-11,1,MCKESSON PLASMA AND BIOLOGICS      ,MPB,2024-03-15,2024-03,2024-Q1,2024,1,7412.58,0.173
30,2024-03-11,1,MCKESSON PLASMA AND BIOLOGICS      ,MPB,2024-03-15,2024-03,2024-Q1,2024,1,7412.58,0.173
11,2024-03-14,1,DOTHAN D AND S                     ,ONCOLOGY SUPPLY,2024-03-15,2024-03,2024-Q1,2024,1,7412.58,0.173
10,2024-03-14,1,ASD HEALTHCARE - MONTCLAIR,ASD,2024-03-15,2024-03,2024-Q1,2024,1,7412.58,0.173
50,2024-03-14,1,ASD HEALTHCARE-BROOKS              ,ASD,2024-03-15,2024-03,2024-Q1,2024,1,7412.58,0.173
8,2024-03-15,0,,,2024-03-15,2024-03,2024-Q1,2024,1,7412.58,0.173
3,2024-03-18,1,MCKESSON SPECIALTY CARE DIST       ,MSH,2024-03-22,2024-03,2024-Q1,2024,1,7412.58,0.173
31,2024-03-18,1,MCKESSON PLASMA AND BIOLOGICS      ,MPB,2024-03-22,2024-03,2024-Q1,2024,1,7412.58,0.173
25,2024-03-18,1,MCKESSON PLASMA AND BIOLOGICS      ,MPB,2024-03-22,2024-03,2024-Q1,2024,1,7412.58,0.173
22,2024-03-21,1,ASD HEALTHCARE-BROOKS              ,ASD,2024-03-22,2024-03,2024-Q1,2024,1,7412.58,0.173
7,2024-03-21,1,DOTHAN D AND S                     ,ONCOLOGY SUPPLY,2024-03-22,2024-03,2024-Q1,2024,1,7412.58,0.173
3,2024-03-21,1,ASD HEALTHCARE - MONTCLAIR,ASD,2024-03-22,2024-03,2024-Q1,2024,1,7412.58,0.173
4,2024-03-25,1,McKesson Specialty Care DC,MSH,2024-03-29,2024-03,2024-Q1,2024,1,7412.58,0.173
4,2024-03-25,1,MCKESSON SPECIALTY CARE DIST       ,MSH,2024-03-29,2024-03,2024-Q1,2024,1,7412.58,0.173
2,2024-03-25,1,MCKESSON SPECIALTY CARE DIST KY,MSH,2024-03-29,2024-03,2024-Q1,2024,1,7412.58,0.173
13,2024-03-25,1,MCKESSON PLASMA AND BIOLOGICS      ,MPB,2024-03-29,2024-03,2024-Q1,2024,1,7412.58,0.173
17,2024-03-28,1,DOTHAN D AND S                     ,ONCOLOGY SUPPLY,2024-03-29,2024-03,2024-Q1,2024,1,7412.58,0.173
8,2024-03-28,1,ASD HEALTHCARE-BROOKS              ,ASD,2024-03-29,2024-03,2024-Q1,2024,1,7412.58,0.173
6,2024-03-28,1,ASD HEALTHCARE - MONTCLAIR,ASD,2024-03-29,2024-03,2024-Q1,2024,1,7412.58,0.173
6,2024-04-01,1,McKesson Specialty Care DC,MSH,2024-04-05,2024-04,2024-Q2,2024,1,7412.58,0.165
2,2024-04-01,1,MCKESSON SPECIALTY CARE DIST KY,MSH,2024-04-05,2024-04,2024-Q2,2024,1,7412.58,0.165
17,2024-04-01,1,MCKESSON PLASMA AND BIOLOGICS      ,MPB,2024-04-05,2024-04,2024-Q2,2024,1,7412.58,0.165
8,2024-04-01,1,MCKESSON PLASMA AND BIOLOGICS      ,MPB,2024-04-05,2024-04,2024-Q2,2024,1,7412.58,0.165
16,2024-04-04,1,ASD HEALTHCARE-BROOKS              ,ASD,2024-04-05,2024-04,2024-Q2,2024,1,7412.58,0.165
12,2024-04-04,1,DOTHAN D AND S                     ,ONCOLOGY SUPPLY,2024-04-05,2024-04,2024-Q2,2024,1,7412.58,0.165
9,2024-04-04,1,ASD HEALTHCARE - MONTCLAIR,ASD,2024-04-05,2024-04,2024-Q2,2024,1,7412.58,0.165
4,2024-04-08,1,McKesson Specialty Care DC,MSH,2024-04-12,2024-04,2024-Q2,2024,1,7412.58,0.165
6,2024-04-08,1,MCKESSON PLASMA AND BIOLOGICS      ,MPB,2024-04-12,2024-04,2024-Q2,2024,1,7412.58,0.165
15,2024-04-08,1,MCKESSON PLASMA AND BIOLOGICS      ,MPB,2024-04-12,2024-04,2024-Q2,2024,1,7412.58,0.165
8,2024-04-11,1,ASD HEALTHCARE - MONTCLAIR,ASD,2024-04-12,2024-04,2024-Q2,2024,1,7412.58,0.165
8,2024-04-11,1,DOTHAN D AND S                     ,ONCOLOGY SUPPLY,2024-04-12,2024-04,2024-Q2,2024,1,7412.58,0.165
50,2024-04-11,1,ASD HEALTHCARE-BROOKS              ,ASD,2024-04-12,2024-04,2024-Q2,2024,1,7412.58,0.165
10,2024-04-11,0,,,2024-04-12,2024-04,2024-Q2,2024,1,7412.58,0.165
6,2024-04-15,1,MCKESSON SPECIALTY CARE DIST       ,MSH,2024-04-19,2024-04,2024-Q2,2024,1,7412.58,0.165
5,2024-04-15,1,McKesson Specialty Care DC,MSH,2024-04-19,2024-04,2024-Q2,2024,1,7412.58,0.165
2,2024-04-15,1,MCKESSON SPECIALTY CARE DIST KY,MSH,2024-04-19,2024-04,2024-Q2,2024,1,7412.58,0.165
10,2024-04-15,0,,,2024-04-19,2024-04,2024-Q2,2024,1,7412.58,0.165
50,2024-04-15,1,MCKESSON PLASMA AND BIOLOGICS      ,MPB,2024-04-19,2024-04,2024-Q2,2024,1,7412.58,0.165
8,2024-04-18,1,ASD HEALTHCARE - MONTCLAIR,ASD,2024-04-19,2024-04,2024-Q2,2024,1,7412.58,0.165
13,2024-04-18,1,DOTHAN D AND S                     ,ONCOLOGY SUPPLY,2024-04-19,2024-04,2024-Q2,2024,1,7412.58,0.165
10,2024-04-18,1,McKesson Specialty Care DC,MSH,2024-04-19,2024-04,2024-Q2,2024,1,7412.58,0.165
2,2024-04-22,1,MCKESSON SPECIALTY CARE DIST       ,MSH,2024-04-26,2024-04,2024-Q2,2024,1,7412.58,0.165
3,2024-04-22,1,McKesson Specialty Care DC,MSH,2024-04-26,2024-04,2024-Q2,2024,1,7412.58,0.165
50,2024-04-22,1,MCKESSON PLASMA AND BIOLOGICS      ,MPB,2024-04-26,2024-04,2024-Q2,2024,1,7412.58,0.165
-2,2024-04-23,0,,,2024-04-26,2024-04,2024-Q2,2024,1,7412.58,0.165
6,2024-04-25,1,ASD HEALTHCARE - MONTCLAIR,ASD,2024-04-26,2024-04,2024-Q2,2024,1,7412.58,0.165
16,2024-04-25,1,DOTHAN D AND S                     ,ONCOLOGY SUPPLY,2024-04-26,2024-04,2024-Q2,2024,1,7412.58,0.165
5,2024-04-25,1,ASD HEALTHCARE-BROOKS              ,ASD,2024-04-26,2024-04,2024-Q2,2024,1,7412.58,0.165
4,2024-04-29,1,MCKESSON SPECIALTY CARE DIST KY,MSH,2024-05-03,2024-04,2024-Q2,2024,1,7412.58,0.165
20,2024-04-29,1,MCKESSON PLASMA AND BIOLOGICS      ,MPB,2024-05-03,2024-04,2024-Q2,2024,1,7412.58,0.165
-2,2024-04-30,0,,,2024-05-03,2024-04,2024-Q2,2024,1,7412.58,0.165
-8,2024-04-30,0,,,2024-05-03,2024-04,2024-Q2,2024,1,7412.58,0.165
-1,2024-04-30,0,,,2024-05-03,2024-04,2024-Q2,2024,1,7412.58,0.165
-1,2024-04-30,0,,,2024-05-03,2024-04,2024-Q2,2024,1,7412.58,0.165
-5,2024-04-30,0,,,2024-05-03,2024-04,2024-Q2,2024,1,7412.58,0.165
-9,2024-04-30,0,,,2024-05-03,2024-04,2024-Q2,2024,1,7412.58,0.165
12,2024-05-02,1,ASD HEALTHCARE - MONTCLAIR,ASD,2024-05-03,2024-05,2024-Q2,2024,1,7412.58,0.165
20,2024-05-02,1,ASD HEALTHCARE-BROOKS              ,ASD,2024-05-03,2024-05,2024-Q2,2024,1,7412.58,0.165
10,2024-05-02,1,DOTHAN D AND S                     ,ONCOLOGY SUPPLY,2024-05-03,2024-05,2024-Q2,2024,1,7412.58,0.165
4,2024-05-06,1,McKesson Specialty Care DC,MSH,2024-05-10,2024-05,2024-Q2,2024,1,7412.58,0.165
7,2024-05-06,1,MCKESSON SPECIALTY CARE DIST       ,MSH,2024-05-10,2024-05,2024-Q2,2024,1,7412.58,0.165
14,2024-05-06,1,MCKESSON PLASMA AND BIOLOGICS      ,MPB,2024-05-10,2024-05,2024-Q2,2024,1,7412.58,0.165
-15,2024-05-07,0,,,2024-05-10,2024-05,2024-Q2,2024,1,7412.58,0.165
-3,2024-05-07,0,,,2024-05-10,2024-05,2024-Q2,2024,1,7412.58,0.165
-6,2024-05-08,0,,,2024-05-10,2024-05,2024-Q2,2024,1,7412.58,0.165
12,2024-05-09,1,DOTHAN D AND S                     ,ONCOLOGY SUPPLY,2024-05-10,2024-05,2024-Q2,2024,1,7412.58,0.165
25,2024-05-09,1,ASD HEALTHCARE-BROOKS              ,ASD,2024-05-10,2024-05,2024-Q2,2024,1,7412.58,0.165
3,2024-05-09,1,ASD HEALTHCARE - MONTCLAIR,ASD,2024-05-10,2024-05,2024-Q2,2024,1,7412.58,0.165
6,2024-05-09,1,MCKESSON SPECIALTY CARE DIST KY,MSH,2024-05-10,2024-05,2024-Q2,2024,1,7412.58,0.165
3,2024-05-13,1,McKesson Specialty Care DC,MSH,2024-05-17,2024-05,2024-Q2,2024,1,7412.58,0.165
2,2024-05-13,1,MCKESSON SPECIALTY CARE DIST KY,MSH,2024-05-17,2024-05,2024-Q2,2024,1,7412.58,0.165
4,2024-05-13,1,MCKESSON PLASMA AND BIOLOGICS      ,MPB,2024-05-17,2024-05,2024-Q2,2024,1,7412.58,0.165
50,2024-05-13,1,MCKESSON PLASMA AND BIOLOGICS      ,MPB,2024-05-17,2024-05,2024-Q2,2024,1,7412.58,0.165
50,2024-05-16,1,ASD HEALTHCARE-BROOKS              ,ASD,2024-05-17,2024-05,2024-Q2,2024,1,7412.58,0.165
10,2024-05-16,1,ASD HEALTHCARE - MONTCLAIR,ASD,2024-05-17,2024-05,2024-Q2,2024,1,7412.58,0.165
12,2024-05-16,1,DOTHAN D AND S                     ,ONCOLOGY SUPPLY,2024-05-17,2024-05,2024-Q2,2024,1,7412.58,0.165
2,2024-05-20,1,MCKESSON SPECIALTY CARE DIST       ,MSH,2024-05-24,2024-05,2024-Q2,2024,1,7412.58,0.165
3,2024-05-20,1,MCKESSON SPECIALTY CARE DIST KY,MSH,2024-05-24,2024-05,2024-Q2,2024,1,7412.58,0.165
4,2024-05-20,1,McKesson Specialty Care DC,MSH,2024-05-24,2024-05,2024-Q2,2024,1,7412.58,0.165
17,2024-05-20,1,MCKESSON PLASMA AND BIOLOGICS      ,MPB,2024-05-24,2024-05,2024-Q2,2024,1,7412.58,0.165
18,2024-05-23,1,DOTHAN D AND S                     ,ONCOLOGY SUPPLY,2024-05-24,2024-05,2024-Q2,2024,1,7412.58,0.165
11,2024-05-23,1,ASD HEALTHCARE - MONTCLAIR,ASD,2024-05-24,2024-05,2024-Q2,2024,1,7412.58,0.165
11,2024-05-28,1,McKesson Specialty Care DC,MSH,2024-05-31,2024-05,2024-Q2,2024,1,7412.58,0.165
50,2024-05-28,1,MCKESSON PLASMA AND BIOLOGICS      ,MPB,2024-05-31,2024-05,2024-Q2,2024,1,7412.58,0.165
31,2024-05-28,1,MCKESSON PLASMA AND BIOLOGICS      ,MPB,2024-05-31,2024-05,2024-Q2,2024,1,7412.58,0.165
4,2024-05-28,1,,,2024-05-31,2024-05,2024-Q2,2024,1,7412.58,0.165
14,2024-05-30,1,DOTHAN D AND S                     ,ONCOLOGY SUPPLY,2024-05-31,2024-05,2024-Q2,2024,1,7412.58,0.165
11,2024-05-30,1,ASD HEALTHCARE-BROOKS              ,ASD,2024-05-31,2024-05,2024-Q2,2024,1,7412.58,0.165
18,2024-06-03,1,McKesson Specialty Care DC,MSH,2024-06-07,2024-06,2024-Q2,2024,1,7412.58,0.413
8,2024-06-03,1,MCKESSON SPECIALTY CARE DIST KY,MSH,2024-06-07,2024-06,2024-Q2,2024,1,7412.58,0.413
20,2024-06-03,1,MCKESSON PLASMA AND BIOLOGICS      ,MPB,2024-06-07,2024-06,2024-Q2,2024,1,7412.58,0.413
-1,2024-06-05,0,MCKESSON SPECIALTY CARE DIST       ,MSH,2024-06-07,2024-06,2024-Q2,2024,1,7412.58,0.413
11,2024-06-06,1,ASD HEALTHCARE - MONTCLAIR,ASD,2024-06-07,2024-06,2024-Q2,2024,1,7412.58,0.413
15,2024-06-06,1,ASD HEALTHCARE-BROOKS              ,ASD,2024-06-07,2024-06,2024-Q2,2024,1,7412.58,0.413
13,2024-06-06,1,DOTHAN D AND S                     ,ONCOLOGY SUPPLY,2024-06-07,2024-06,2024-Q2,2024,1,7412.58,0.413
50,2024-06-10,1,MCKESSON PLASMA AND BIOLOGICS      ,MPB,2024-06-14,2024-06,2024-Q2,2024,1,7412.58,0.413
6,2024-06-11,1,McKesson Specialty Care DC,MSH,2024-06-14,2024-06,2024-Q2,2024,1,7412.58,0.413
2,2024-06-11,1,MCKESSON SPECIALTY CARE DIST KY,MSH,2024-06-14,2024-06,2024-Q2,2024,1,7412.58,0.413
6,2024-06-13,1,DOTHAN D AND S                     ,ONCOLOGY SUPPLY,2024-06-14,2024-06,2024-Q2,2024,1,7412.58,0.413
12,2024-06-13,1,ASD HEALTHCARE-BROOKS              ,ASD,2024-06-14,2024-06,2024-Q2,2024,1,7412.58,0.413
2,2024-06-13,1,ASD HEALTHCARE - MONTCLAIR,ASD,2024-06-14,2024-06,2024-Q2,2024,1,7412.58,0.413
19,2024-06-17,1,MCKESSON PLASMA AND BIOLOGICS      ,MPB,2024-06-21,2024-06,2024-Q2,2024,1,7412.58,0.413
-2,2024-06-19,0,,,2024-06-21,2024-06,2024-Q2,2024,1,7412.58,0.413
3,2024-06-20,1,ASD HEALTHCARE - MONTCLAIR,ASD,2024-06-21,2024-06,2024-Q2,2024,1,7412.58,0.413
12,2024-06-20,1,DOTHAN D AND S                     ,ONCOLOGY SUPPLY,2024-06-21,2024-06,2024-Q2,2024,1,7412.58,0.413
18,2024-06-20,1,ASD HEALTHCARE-BROOKS              ,ASD,2024-06-21,2024-06,2024-Q2,2024,1,7412.58,0.413
7,2024-06-24,1,MCKESSON SPECIALTY CARE DIST KY,MSH,2024-06-28,2024-06,2024-Q2,2024,1,7412.58,0.413
26,2024-06-24,1,McKesson Specialty Care DC,MSH,2024-06-28,2024-06,2024-Q2,2024,1,7412.58,0.413
5,2024-06-24,1,MCKESSON SPECIALTY CARE DIST       ,MSH,2024-06-28,2024-06,2024-Q2,2024,1,7412.58,0.413
50,2024-06-24,1,MCKESSON PLASMA AND BIOLOGICS      ,MPB,2024-06-28,2024-06,2024-Q2,2024,1,7412.58,0.413
6,2024-06-24,1,MCKESSON PLASMA AND BIOLOGICS      ,MPB,2024-06-28,2024-06,2024-Q2,2024,1,7412.58,0.413
-1,2024-06-25,0,,,2024-06-28,2024-06,2024-Q2,2024,1,7412.58,0.413
-23,2024-06-27,0,,,2024-06-28,2024-06,2024-Q2,2024,1,7412.58,0.413
-1,2024-06-27,0,,,2024-06-28,2024-06,2024-Q2,2024,1,7412.58,0.413
-4,2024-06-27,0,,,2024-06-28,2024-06,2024-Q2,2024,1,7412.58,0.413
-1,2024-06-27,0,MCKESSON PLASMA AND BIOLOGICS      ,MPB,2024-06-28,2024-06,2024-Q2,2024,1,7412.58,0.413
-5,2024-06-28,0,,,2024-06-28,2024-06,2024-Q2,2024,1,7412.58,0.413
7,2024-07-01,1,MCKESSON SPECIALTY CARE DIST       ,MSH,2024-07-05,2024-07,2024-Q3,2024,1,7634.96,0.17
8,2024-07-01,1,MCKESSON PLASMA AND BIOLOGICS      ,MPB,2024-07-05,2024-07,2024-Q3,2024,1,7634.96,0.17
10,2024-07-02,1,ASD HEALTHCARE - MONTCLAIR,ASD,2024-07-05,2024-07,2024-Q3,2024,1,7634.96,0.17
13,2024-07-02,1,DOTHAN D AND S                     ,ONCOLOGY SUPPLY,2024-07-05,2024-07,2024-Q3,2024,1,7634.96,0.17
21,2024-07-02,1,ASD HEALTHCARE-BROOKS              ,ASD,2024-07-05,2024-07,2024-Q3,2024,1,7634.96,0.17
12,2024-07-02,1,ASD HEALTHCARE-BROOKS              ,ASD,2024-07-05,2024-07,2024-Q3,2024,1,7634.96,0.17
3,2024-07-02,1,DOTHAN D AND S                     ,ONCOLOGY SUPPLY,2024-07-05,2024-07,2024-Q3,2024,1,7634.96,0.17
4,2024-07-02,1,ASD HEALTHCARE - MONTCLAIR,ASD,2024-07-05,2024-07,2024-Q3,2024,1,7634.96,0.17
5,2024-07-02,0,,,2024-07-05,2024-07,2024-Q3,2024,1,7634.96,0.17
-5,2024-07-03,0,,,2024-07-05,2024-07,2024-Q3,2024,1,7634.96,0.17
-4,2024-07-03,0,,,2024-07-05,2024-07,2024-Q3,2024,1,7634.96,0.17
4,2024-07-03,0,,,2024-07-05,2024-07,2024-Q3,2024,1,7634.96,0.17
3,2024-07-08,1,MCKESSON SPECIALTY CARE DIST KY,MSH,2024-07-12,2024-07,2024-Q3,2024,1,7634.96,0.17
16,2024-07-08,1,MCKESSON PLASMA AND BIOLOGICS      ,MPB,2024-07-12,2024-07,2024-Q3,2024,1,7634.96,0.17
11,2024-07-11,1,ASD HEALTHCARE-BROOKS              ,ASD,2024-07-12,2024-07,2024-Q3,2024,1,7634.96,0.17
17,2024-07-11,1,DOTHAN D AND S                     ,ONCOLOGY SUPPLY,2024-07-12,2024-07,2024-Q3,2024,1,7634.96,0.17
1,2024-07-11,1,DOTHAN D AND S                     ,ONCOLOGY SUPPLY,2024-07-12,2024-07,2024-Q3,2024,1,7634.96,0.17
3,2024-07-11,1,ASD HEALTHCARE - MONTCLAIR,ASD,2024-07-12,2024-07,2024-Q3,2024,1,7634.96,0.17
8,2024-07-15,1,McKesson Specialty Care DC,MSH,2024-07-19,2024-07,2024-Q3,2024,1,7634.96,0.17
25,2024-07-15,1,MCKESSON PLASMA AND BIOLOGICS      ,MPB,2024-07-19,2024-07,2024-Q3,2024,1,7634.96,0.17
25,2024-07-15,1,MCKESSON PLASMA AND BIOLOGICS      ,MPB,2024-07-19,2024-07,2024-Q3,2024,1,7634.96,0.17
25,2024-07-15,1,MCKESSON PLASMA AND BIOLOGICS      ,MPB,2024-07-19,2024-07,2024-Q3,2024,1,7634.96,0.17
1,2024-07-15,1,MCKESSON PLASMA AND BIOLOGICS      ,MPB,2024-07-19,2024-07,2024-Q3,2024,1,7634.96,0.17
12,2024-07-18,1,DOTHAN D AND S                     ,ONCOLOGY SUPPLY,2024-07-19,2024-07,2024-Q3,2024,1,7634.96,0.17
5,2024-07-18,1,ASD HEALTHCARE - MONTCLAIR,ASD,2024-07-19,2024-07,2024-Q3,2024,1,7634.96,0.17
23,2024-07-18,1,ASD HEALTHCARE-BROOKS              ,ASD,2024-07-19,2024-07,2024-Q3,2024,1,7634.96,0.17
6,2024-07-22,1,MCKESSON SPECIALTY CARE DIST KY,MSH,2024-07-26,2024-07,2024-Q3,2024,1,7634.96,0.17
2,2024-07-22,1,MCKESSON SPECIALTY CARE DIST       ,MSH,2024-07-26,2024-07,2024-Q3,2024,1,7634.96,0.17
13,2024-07-22,1,MCKESSON PLASMA AND BIOLOGICS      ,MPB,2024-07-26,2024-07,2024-Q3,2024,1,7634.96,0.17
16,2024-07-22,1,,,2024-07-26,2024-07,2024-Q3,2024,1,7634.96,0.17
14,2024-07-25,1,ASD HEALTHCARE-BROOKS              ,ASD,2024-07-26,2024-07,2024-Q3,2024,1,7634.96,0.17
4,2024-07-25,1,ASD HEALTHCARE - MONTCLAIR,ASD,2024-07-26,2024-07,2024-Q3,2024,1,7634.96,0.17
8,2024-07-25,1,DOTHAN D AND S                     ,ONCOLOGY SUPPLY,2024-07-26,2024-07,2024-Q3,2024,1,7634.96,0.17
-4,2024-07-25,0,,,2024-07-26,2024-07,2024-Q3,2024,1,7634.96,0.17
-3,2024-07-25,0,,,2024-07-26,2024-07,2024-Q3,2024,1,7634.96,0.17
-2,2024-07-25,0,,,2024-07-26,2024-07,2024-Q3,2024,1,7634.96,0.17
16,2024-07-29,1,MCKESSON PLASMA AND BIOLOGICS      ,MPB,2024-08-02,2024-07,2024-Q3,2024,1,7634.96,0.17
17,2024-08-01,1,ASD HEALTHCARE-BROOKS              ,ASD,2024-08-02,2024-08,2024-Q3,2024,1,7634.96,0.17
7,2024-08-01,1,ASD HEALTHCARE - MONTCLAIR,ASD,2024-08-02,2024-08,2024-Q3,2024,1,7634.96,0.17
20,2024-08-01,1,DOTHAN D AND S                     ,ONCOLOGY SUPPLY,2024-08-02,2024-08,2024-Q3,2024,1,7634.96,0.17
-2,2024-08-01,0,,,2024-08-02,2024-08,2024-Q3,2024,1,7634.96,0.17
9,2024-08-05,1,MCKESSON PLASMA AND BIOLOGICS      ,MPB,2024-08-09,2024-08,2024-Q3,2024,1,7634.96,0.17
50,2024-08-05,1,MCKESSON PLASMA AND BIOLOGICS      ,MPB,2024-08-09,2024-08,2024-Q3,2024,1,7634.96,0.17
14,2024-08-08,1,DOTHAN D AND S                     ,ONCOLOGY SUPPLY,2024-08-09,2024-08,2024-Q3,2024,1,7634.96,0.17
22,2024-08-08,1,ASD HEALTHCARE-BROOKS              ,ASD,2024-08-09,2024-08,2024-Q3,2024,1,7634.96,0.17
9,2024-08-08,1,ASD HEALTHCARE - MONTCLAIR,ASD,2024-08-09,2024-08,2024-Q3,2024,1,7634.96,0.17
10,2024-08-08,1,MCKESSON SPECIALTY CARE DIST KY,MSH,2024-08-09,2024-08,2024-Q3,2024,1,7634.96,0.17
3,2024-08-08,1,MCKESSON SPECIALTY CARE DIST       ,MSH,2024-08-09,2024-08,2024-Q3,2024,1,7634.96,0.17
10,2024-08-08,1,McKesson Specialty Care DC,MSH,2024-08-09,2024-08,2024-Q3,2024,1,7634.96,0.17
3,2024-08-12,1,MCKESSON SPECIALTY CARE DIST       ,MSH,2024-08-16,2024-08,2024-Q3,2024,1,7634.96,0.17
2,2024-08-12,1,MCKESSON SPECIALTY CARE DIST KY,MSH,2024-08-16,2024-08,2024-Q3,2024,1,7634.96,0.17
12,2024-08-12,1,MCKESSON PLASMA AND BIOLOGICS      ,MPB,2024-08-16,2024-08,2024-Q3,2024,1,7634.96,0.17
2,2024-08-12,1,,,2024-08-16,2024-08,2024-Q3,2024,1,7634.96,0.17
8,2024-08-13,1,,,2024-08-16,2024-08,2024-Q3,2024,1,7634.96,0.17
19,2024-08-15,1,ASD HEALTHCARE-BROOKS              ,ASD,2024-08-16,2024-08,2024-Q3,2024,1,7634.96,0.17
5,2024-08-15,1,ASD HEALTHCARE - MONTCLAIR,ASD,2024-08-16,2024-08,2024-Q3,2024,1,7634.96,0.17
6,2024-08-15,1,DOTHAN D AND S                     ,ONCOLOGY SUPPLY,2024-08-16,2024-08,2024-Q3,2024,1,7634.96,0.17
17,2024-08-19,1,McKesson Specialty Care DC,MSH,2024-08-23,2024-08,2024-Q3,2024,1,7634.96,0.17
16,2024-08-19,1,MCKESSON PLASMA AND BIOLOGICS      ,MPB,2024-08-23,2024-08,2024-Q3,2024,1,7634.96,0.17
50,2024-08-19,1,MCKESSON PLASMA AND BIOLOGICS      ,MPB,2024-08-23,2024-08,2024-Q3,2024,1,7634.96,0.17
-2,2024-08-20,0,,,2024-08-23,2024-08,2024-Q3,2024,1,7634.96,0.17
-2,2024-08-20,0,,,2024-08-23,2024-08,2024-Q3,2024,1,7634.96,0.17
13,2024-08-22,1,ASD HEALTHCARE-BROOKS              ,ASD,2024-08-23,2024-08,2024-Q3,2024,1,7634.96,0.17
15,2024-08-22,1,DOTHAN D AND S                     ,ONCOLOGY SUPPLY,2024-08-23,2024-08,2024-Q3,2024,1,7634.96,0.17
4,2024-08-22,1,ASD HEALTHCARE - MONTCLAIR,ASD,2024-08-23,2024-08,2024-Q3,2024,1,7634.96,0.17
-12,2024-08-23,0,,,2024-08-23,2024-08,2024-Q3,2024,1,7634.96,0.17
-2,2024-08-23,0,,,2024-08-23,2024-08,2024-Q3,2024,1,7634.96,0.17
-2,2024-08-23,0,,,2024-08-23,2024-08,2024-Q3,2024,1,7634.96,0.17
-2,2024-08-23,0,,,2024-08-23,2024-08,2024-Q3,2024,1,7634.96,0.17
6,2024-08-26,1,McKesson Specialty Care DC,MSH,2024-08-30,2024-08,2024-Q3,2024,1,7634.96,0.17
11,2024-08-26,1,MCKESSON SPECIALTY CARE DIST KY,MSH,2024-08-30,2024-08,2024-Q3,2024,1,7634.96,0.17
25,2024-08-26,1,MCKESSON PLASMA AND BIOLOGICS      ,MPB,2024-08-30,2024-08,2024-Q3,2024,1,7634.96,0.17
6,2024-08-26,0,,,2024-08-30,2024-08,2024-Q3,2024,1,7634.96,0.17
5,2024-08-28,1,,,2024-08-30,2024-08,2024-Q3,2024,1,7634.96,0.17
17,2024-08-29,1,DOTHAN D AND S                     ,ONCOLOGY SUPPLY,2024-08-30,2024-08,2024-Q3,2024,1,7634.96,0.17
7,2024-08-29,1,ASD HEALTHCARE - MONTCLAIR,ASD,2024-08-30,2024-08,2024-Q3,2024,1,7634.96,0.17
18,2024-08-29,1,ASD HEALTHCARE-BROOKS              ,ASD,2024-08-30,2024-08,2024-Q3,2024,1,7634.96,0.17
-2,2024-08-29,0,,,2024-08-30,2024-08,2024-Q3,2024,1,7634.96,0.17
-1,2024-08-29,0,,,2024-08-30,2024-08,2024-Q3,2024,1,7634.96,0.17
6,2024-09-03,1,MCKESSON SPECIALTY CARE DIST       ,MSH,2024-09-06,2024-09,2024-Q3,2024,1,7634.96,0.24
11,2024-09-03,1,McKesson Specialty Care DC,MSH,2024-09-06,2024-09,2024-Q3,2024,1,7634.96,0.24
5,2024-09-03,1,MCKESSON SPECIALTY CARE DIST KY,MSH,2024-09-06,2024-09,2024-Q3,2024,1,7634.96,0.24
50,2024-09-03,1,MCKESSON PLASMA AND BIOLOGICS      ,MPB,2024-09-06,2024-09,2024-Q3,2024,1,7634.96,0.24
25,2024-09-03,1,MCKESSON PLASMA AND BIOLOGICS      ,MPB,2024-09-06,2024-09,2024-Q3,2024,1,7634.96,0.24
7,2024-09-05,1,ASD HEALTHCARE - MONTCLAIR,ASD,2024-09-06,2024-09,2024-Q3,2024,1,7634.96,0.24
50,2024-09-05,1,ASD HEALTHCARE-BROOKS              ,ASD,2024-09-06,2024-09,2024-Q3,2024,1,7634.96,0.24
-2,2024-09-06,0,,,2024-09-06,2024-09,2024-Q3,2024,1,7634.96,0.24
-1,2024-09-06,0,,,2024-09-06,2024-09,2024-Q3,2024,1,7634.96,0.24
13,2024-09-09,1,MCKESSON SPECIALTY CARE DIST KY,MSH,2024-09-13,2024-09,2024-Q3,2024,1,7634.96,0.24
3,2024-09-09,1,MCKESSON SPECIALTY CARE DIST       ,MSH,2024-09-13,2024-09,2024-Q3,2024,1,7634.96,0.24
5,2024-09-09,1,McKesson Specialty Care DC,MSH,2024-09-13,2024-09,2024-Q3,2024,1,7634.96,0.24
24,2024-09-09,1,MCKESSON PLASMA AND BIOLOGICS      ,MPB,2024-09-13,2024-09,2024-Q3,2024,1,7634.96,0.24
5,2024-09-10,1,MCKESSON PLASMA AND BIOLOGICS      ,MPB,2024-09-13,2024-09,2024-Q3,2024,1,7634.96,0.24
2,2024-09-12,1,ASD HEALTHCARE-BROOKS              ,ASD,2024-09-13,2024-09,2024-Q3,2024,1,7634.96,0.24
14,2024-09-12,1,DOTHAN D AND S                     ,ONCOLOGY SUPPLY,2024-09-13,2024-09,2024-Q3,2024,1,7634.96,0.24
4,2024-09-16,1,MCKESSON SPECIALTY CARE DIST KY,MSH,2024-09-20,2024-09,2024-Q3,2024,1,7634.96,0.24
21,2024-09-16,1,MCKESSON PLASMA AND BIOLOGICS      ,MPB,2024-09-20,2024-09,2024-Q3,2024,1,7634.96,0.24
6,2024-09-16,0,,,2024-09-20,2024-09,2024-Q3,2024,1,7634.96,0.24
50,2024-09-19,1,ASD HEALTHCARE-BROOKS              ,ASD,2024-09-20,2024-09,2024-Q3,2024,1,7634.96,0.24
19,2024-09-19,1,DOTHAN D AND S                     ,ONCOLOGY SUPPLY,2024-09-20,2024-09,2024-Q3,2024,1,7634.96,0.24
1,2024-09-19,1,ASD HEALTHCARE - MONTCLAIR,ASD,2024-09-20,2024-09,2024-Q3,2024,1,7634.96,0.24
-2,2024-09-19,0,,,2024-09-20,2024-09,2024-Q3,2024,1,7634.96,0.24
-2,2024-09-19,0,,,2024-09-20,2024-09,2024-Q3,2024,1,7634.96,0.24
7,2024-09-23,1,MCKESSON SPECIALTY CARE DIST KY,MSH,2024-09-27,2024-09,2024-Q3,2024,1,7634.96,0.24
1,2024-09-23,1,McKesson Specialty Care DC,MSH,2024-09-27,2024-09,2024-Q3,2024,1,7634.96,0.24
50,2024-09-23,1,MCKESSON PLASMA AND BIOLOGICS      ,MPB,2024-09-27,2024-09,2024-Q3,2024,1,7634.96,0.24
20,2024-09-23,1,MCKESSON PLASMA AND BIOLOGICS      ,MPB,2024-09-27,2024-09,2024-Q3,2024,1,7634.96,0.24
10,2024-09-24,0,,,2024-09-27,2024-09,2024-Q3,2024,1,7634.96,0.24
13,2024-09-26,1,ASD HEALTHCARE-BROOKS              ,ASD,2024-09-27,2024-09,2024-Q3,2024,1,7634.96,0.24
-2,2024-09-26,0,,,2024-09-27,2024-09,2024-Q3,2024,1,7634.96,0.24
9,2024-10-01,1,DOTHAN D AND S                     ,ONCOLOGY SUPPLY,2024-10-04,2024-10,2024-Q4,2024,1,7634.96,0.165
3,2024-10-01,1,MCKESSON SPECIALTY CARE DIST KY,MSH,2024-10-04,2024-10,2024-Q4,2024,1,7634.96,0.165
2,2024-10-01,1,McKesson Specialty Care DC,MSH,2024-10-04,2024-10,2024-Q4,2024,1,7634.96,0.165
7,2024-10-01,1,MCKESSON PLASMA AND BIOLOGICS      ,MPB,2024-10-04,2024-10,2024-Q4,2024,1,7634.96,0.165
10,2024-10-03,1,ASD HEALTHCARE-BROOKS              ,ASD,2024-10-04,2024-10,2024-Q4,2024,1,7634.96,0.165
13,2024-10-03,1,DOTHAN D AND S                     ,ONCOLOGY SUPPLY,2024-10-04,2024-10,2024-Q4,2024,1,7634.96,0.165
1,2024-10-03,1,ASD HEALTHCARE - MONTCLAIR,ASD,2024-10-04,2024-10,2024-Q4,2024,1,7634.96,0.165
7,2024-10-07,1,MCKESSON SPECIALTY CARE DIST KY,MSH,2024-10-11,2024-10,2024-Q4,2024,1,7634.96,0.165
6,2024-10-07,1,McKesson Specialty Care DC,MSH,2024-10-11,2024-10,2024-Q4,2024,1,7634.96,0.165
40,2024-10-07,1,MCKESSON PLASMA AND BIOLOGICS      ,MPB,2024-10-11,2024-10,2024-Q4,2024,1,7634.96,0.165
50,2024-10-07,1,MCKESSON PLASMA AND BIOLOGICS      ,MPB,2024-10-11,2024-10,2024-Q4,2024,1,7634.96,0.165
20,2024-10-09,1,MCKESSON PLASMA AND BIOLOGICS      ,MPB,2024-10-11,2024-10,2024-Q4,2024,1,7634.96,0.165
13,2024-10-10,1,ASD HEALTHCARE-BROOKS              ,ASD,2024-10-11,2024-10,2024-Q4,2024,1,7634.96,0.165
23,2024-10-10,1,DOTHAN D AND S                     ,ONCOLOGY SUPPLY,2024-10-11,2024-10,2024-Q4,2024,1,7634.96,0.165
1,2024-10-14,1,McKesson Specialty Care DC,MSH,2024-10-18,2024-10,2024-Q4,2024,1,7634.96,0.165
5,2024-10-14,1,MCKESSON SPECIALTY CARE DIST KY,MSH,2024-10-18,2024-10,2024-Q4,2024,1,7634.96,0.165
14,2024-10-14,1,MCKESSON PLASMA AND BIOLOGICS      ,MPB,2024-10-18,2024-10,2024-Q4,2024,1,7634.96,0.165
16,2024-10-14,0,,,2024-10-18,2024-10,2024-Q4,2024,1,7634.96,0.165
-7,2024-10-17,1,MCKESSON PLASMA AND BIOLOGICS      ,MPB,2024-10-18,2024-10,2024-Q4,2024,1,7634.96,0.165
14,2024-10-17,1,DOTHAN D AND S                     ,ONCOLOGY SUPPLY,2024-10-18,2024-10,2024-Q4,2024,1,7634.96,0.165
50,2024-10-17,1,ASD HEALTHCARE-BROOKS              ,ASD,2024-10-18,2024-10,2024-Q4,2024,1,7634.96,0.165
-6,2024-10-18,0,,,2024-10-18,2024-10,2024-Q4,2024,1,7634.96,0.165
-1,2024-10-18,0,,,2024-10-18,2024-10,2024-Q4,2024,1,7634.96,0.165
4,2024-10-21,1,MCKESSON SPECIALTY CARE DIST KY,MSH,2024-10-25,2024-10,2024-Q4,2024,1,7634.96,0.165
4,2024-10-21,1,McKesson Specialty Care DC,MSH,2024-10-25,2024-10,2024-Q4,2024,1,7634.96,0.165
39,2024-10-21,1,MCKESSON PLASMA AND BIOLOGICS      ,MPB,2024-10-25,2024-10,2024-Q4,2024,1,7634.96,0.165
8,2024-10-21,1,,,2024-10-25,2024-10,2024-Q4,2024,1,7634.96,0.165
16,2024-10-24,1,ASD HEALTHCARE-BROOKS              ,ASD,2024-10-25,2024-10,2024-Q4,2024,1,7634.96,0.165
5,2024-10-24,1,DOTHAN D AND S                     ,ONCOLOGY SUPPLY,2024-10-25,2024-10,2024-Q4,2024,1,7634.96,0.165
-2,2024-10-24,0,,,2024-10-25,2024-10,2024-Q4,2024,1,7634.96,0.165
-1,2024-10-24,0,,,2024-10-25,2024-10,2024-Q4,2024,1,7634.96,0.165
3,2024-10-28,1,MCKESSON SPECIALTY CARE DIST KY,MSH,2024-11-01,2024-10,2024-Q4,2024,1,7634.96,0.165
7,2024-10-28,1,McKesson Specialty Care DC,MSH,2024-11-01,2024-10,2024-Q4,2024,1,7634.96,0.165
20,2024-10-28,1,MCKESSON PLASMA AND BIOLOGICS      ,MPB,2024-11-01,2024-10,2024-Q4,2024,1,7634.96,0.165
12,2024-10-29,0,,,2024-11-01,2024-10,2024-Q4,2024,1,7634.96,0.165
12,2024-11-01,1,DOTHAN D AND S                     ,ONCOLOGY SUPPLY,2024-11-01,2024-11,2024-Q4,2024,1,7634.96,0.165
8,2024-11-01,1,ASD HEALTHCARE-BROOKS              ,ASD,2024-11-01,2024-11,2024-Q4,2024,1,7634.96,0.165
8,2024-11-04,1,MCKESSON SPECIALTY CARE DIST KY,MSH,2024-11-08,2024-11,2024-Q4,2024,1,7634.96,0.165
1,2024-11-04,1,McKesson Specialty Care DC,MSH,2024-11-08,2024-11,2024-Q4,2024,1,7634.96,0.165
25,2024-11-04,1,MCKESSON PLASMA AND BIOLOGICS      ,MPB,2024-11-08,2024-11,2024-Q4,2024,1,7634.96,0.165
50,2024-11-04,1,MCKESSON PLASMA AND BIOLOGICS      ,MPB,2024-11-08,2024-11,2024-Q4,2024,1,7634.96,0.165
8,2024-11-05,1,,,2024-11-08,2024-11,2024-Q4,2024,1,7634.96,0.165
14,2024-11-07,1,DOTHAN D AND S                     ,ONCOLOGY SUPPLY,2024-11-08,2024-11,2024-Q4,2024,1,7634.96,0.165
13,2024-11-07,1,ASD HEALTHCARE - MONTCLAIR,ASD,2024-11-08,2024-11,2024-Q4,2024,1,7634.96,0.165
16,2024-11-07,1,ASD HEALTHCARE-BROOKS              ,ASD,2024-11-08,2024-11,2024-Q4,2024,1,7634.96,0.165
5,2024-11-11,1,MCKESSON SPECIALTY CARE DIST KY,MSH,2024-11-15,2024-11,2024-Q4,2024,1,7634.96,0.165
3,2024-11-11,1,McKesson Specialty Care DC,MSH,2024-11-15,2024-11,2024-Q4,2024,1,7634.96,0.165
28,2024-11-11,1,MCKESSON PLASMA AND BIOLOGICS      ,MPB,2024-11-15,2024-11,2024-Q4,2024,1,7634.96,0.165
23,2024-11-14,1,ASD HEALTHCARE-BROOKS              ,ASD,2024-11-15,2024-11,2024-Q4,2024,1,7634.96,0.165
13,2024-11-14,1,DOTHAN D AND S                     ,ONCOLOGY SUPPLY,2024-11-15,2024-11,2024-Q4,2024,1,7634.96,0.165
2,2024-11-18,1,McKesson Specialty Care DC,MSH,2024-11-22,2024-11,2024-Q4,2024,1,7634.96,0.165
35,2024-11-18,1,MCKESSON PLASMA AND BIOLOGICS      ,MPB,2024-11-22,2024-11,2024-Q4,2024,1,7634.96,0.165
26,2024-11-21,1,DOTHAN D AND S                     ,ONCOLOGY SUPPLY,2024-11-22,2024-11,2024-Q4,2024,1,7634.96,0.165
15,2024-11-21,1,ASD HEALTHCARE-BROOKS              ,ASD,2024-11-22,2024-11,2024-Q4,2024,1,7634.96,0.165
-1,2024-11-21,0,,,2024-11-22,2024-11,2024-Q4,2024,1,7634.96,0.165
-6,2024-11-21,0,,,2024-11-22,2024-11,2024-Q4,2024,1,7634.96,0.165
6,2024-11-25,1,MCKESSON SPECIALTY CARE DIST KY,MSH,2024-11-29,2024-11,2024-Q4,2024,1,7634.96,0.165
8,2024-11-25,1,McKesson Specialty Care DC,MSH,2024-11-29,2024-11,2024-Q4,2024,1,7634.96,0.165
31,2024-11-25,1,MCKESSON PLASMA AND BIOLOGICS      ,MPB,2024-11-29,2024-11,2024-Q4,2024,1,7634.96,0.165
4,2024-11-25,1,,,2024-11-29,2024-11,2024-Q4,2024,1,7634.96,0.165
2,2024-11-26,1,ASD HEALTHCARE-BROOKS              ,ASD,2024-11-29,2024-11,2024-Q4,2024,1,7634.96,0.165
5,2024-11-26,1,ASD HEALTHCARE - MONTCLAIR,ASD,2024-11-29,2024-11,2024-Q4,2024,1,7634.96,0.165
9,2024-11-26,1,DOTHAN D AND S                     ,ONCOLOGY SUPPLY,2024-11-29,2024-11,2024-Q4,2024,1,7634.96,0.165
14,2024-11-26,0,,,2024-11-29,2024-11,2024-Q4,2024,1,7634.96,0.165
8,2024-12-02,1,MCKESSON SPECIALTY CARE DIST KY,MSH,2024-12-06,2024-12,2024-Q4,2024,1,7634.96,0.25
23,2024-12-02,1,MCKESSON PLASMA AND BIOLOGICS      ,MPB,2024-12-06,2024-12,2024-Q4,2024,1,7634.96,0.25
3,2024-12-02,1,MCKESSON PLASMA AND BIOLOGICS      ,MPB,2024-12-06,2024-12,2024-Q4,2024,1,7634.96,0.25
-1,2024-12-02,0,,,2024-12-06,2024-12,2024-Q4,2024,1,7634.96,0.25
4,2024-12-05,1,ASD HEALTHCARE - MONTCLAIR,ASD,2024-12-06,2024-12,2024-Q4,2024,1,7634.96,0.25
22,2024-12-05,1,ASD HEALTHCARE-BROOKS              ,ASD,2024-12-06,2024-12,2024-Q4,2024,1,7634.96,0.25
19,2024-12-05,1,DOTHAN D AND S                     ,ONCOLOGY SUPPLY,2024-12-06,2024-12,2024-Q4,2024,1,7634.96,0.25
11,2024-12-09,1,McKesson Specialty Care DC,MSH,2024-12-13,2024-12,2024-Q4,2024,1,7634.96,0.25
2,2024-12-09,1,MCKESSON SPECIALTY CARE DIST KY,MSH,2024-12-13,2024-12,2024-Q4,2024,1,7634.96,0.25
21,2024-12-09,1,MCKESSON PLASMA AND BIOLOGICS      ,MPB,2024-12-13,2024-12,2024-Q4,2024,1,7634.96,0.25
36,2024-12-09,1,MCKESSON PLASMA AND BIOLOGICS      ,MPB,2024-12-13,2024-12,2024-Q4,2024,1,7634.96,0.25
0,2024-12-09,0,,,2024-12-13,2024-12,2024-Q4,2024,1,7634.96,0.25
2,2024-12-09,0,,,2024-12-13,2024-12,2024-Q4,2024,1,7634.96,0.25
6,2024-12-09,0,,,2024-12-13,2024-12,2024-Q4,2024,1,7634.96,0.25
10,2024-12-09,1,,,2024-12-13,2024-12,2024-Q4,2024,1,7634.96,0.25
50,2024-12-12,1,ASD HEALTHCARE-BROOKS              ,ASD,2024-12-13,2024-12,2024-Q4,2024,1,7634.96,0.25
20,2024-12-12,1,DOTHAN D AND S                     ,ONCOLOGY SUPPLY,2024-12-13,2024-12,2024-Q4,2024,1,7634.96,0.25
4,2024-12-12,1,ASD HEALTHCARE - MONTCLAIR,ASD,2024-12-13,2024-12,2024-Q4,2024,1,7634.96,0.25
4,2024-12-16,1,MCKESSON SPECIALTY CARE DIST KY,MSH,2024-12-20,2024-12,2024-Q4,2024,1,7634.96,0.25
7,2024-12-16,1,McKesson Specialty Care DC,MSH,2024-12-20,2024-12,2024-Q4,2024,1,7634.96,0.25
20,2024-12-16,1,MCKESSON PLASMA AND BIOLOGICS      ,MPB,2024-12-20,2024-12,2024-Q4,2024,1,7634.96,0.25
1,2024-12-16,1,MCKESSON PLASMA AND BIOLOGICS      ,MPB,2024-12-20,2024-12,2024-Q4,2024,1,7634.96,0.25
2,2024-12-19,1,ASD HEALTHCARE - MONTCLAIR,ASD,2024-12-20,2024-12,2024-Q4,2024,1,7634.96,0.25
12,2024-12-19,1,DOTHAN D AND S                     ,ONCOLOGY SUPPLY,2024-12-20,2024-12,2024-Q4,2024,1,7634.96,0.25
11,2024-12-19,1,ASD HEALTHCARE-BROOKS              ,ASD,2024-12-20,2024-12,2024-Q4,2024,1,7634.96,0.25
5,2024-12-23,1,McKesson Specialty Care DC,MSH,2024-12-27,2024-12,2024-Q4,2024,1,7634.96,0.25
5,2024-12-23,1,MCKESSON SPECIALTY CARE DIST KY,MSH,2024-12-27,2024-12,2024-Q4,2024,1,7634.96,0.25
50,2024-12-23,1,MCKESSON PLASMA AND BIOLOGICS      ,MPB,2024-12-27,2024-12,2024-Q4,2024,1,7634.96,0.25
22,2024-12-23,1,MCKESSON PLASMA AND BIOLOGICS      ,MPB,2024-12-27,2024-12,2024-Q4,2024,1,7634.96,0.25
8,2024-12-23,0,,,2024-12-27,2024-12,2024-Q4,2024,1,7634.96,0.25
12,2024-12-26,1,DOTHAN D AND S                     ,ONCOLOGY SUPPLY,2024-12-27,2024-12,2024-Q4,2024,1,7634.96,0.25
20,2024-12-26,1,ASD HEALTHCARE-BROOKS              ,ASD,2024-12-27,2024-12,2024-Q4,2024,1,7634.96,0.25
6,2024-12-30,1,McKesson Specialty Care DC,MSH,2025-01-03,2024-12,2024-Q4,2024,1,7634.96,0.25
8,2024-12-30,1,MCKESSON PLASMA AND BIOLOGICS      ,MPB,2025-01-03,2024-12,2024-Q4,2024,1,7634.96,0.25
6,2024-12-30,1,MCKESSON PLASMA AND BIOLOGICS      ,MPB,2025-01-03,2024-12,2024-Q4,2024,1,7634.96,0.25
1,2025-01-02,1,ASD HEALTHCARE - MONTCLAIR,ASD,2025-01-03,2025-01,2025-Q1,2025,1,7978.5,0.205
24,2025-01-02,1,ASD HEALTHCARE-BROOKS              ,ASD,2025-01-03,2025-01,2025-Q1,2025,1,7978.5,0.205
21,2025-01-02,1,DOTHAN D AND S                     ,ONCOLOGY SUPPLY,2025-01-03,2025-01,2025-Q1,2025,1,7978.5,0.205
7,2025-01-07,1,MCKESSON SPECIALTY CARE DIST KY,MSH,2025-01-10,2025-01,2025-Q1,2025,1,7978.5,0.205
50,2025-01-07,1,MCKESSON PLASMA AND BIOLOGICS      ,MPB,2025-01-10,2025-01,2025-Q1,2025,1,7978.5,0.205
8,2025-01-07,0,,,2025-01-10,2025-01,2025-Q1,2025,1,7978.5,0.205
4,2025-01-07,1,,,2025-01-10,2025-01,2025-Q1,2025,1,7978.5,0.205
7,2025-01-09,1,DOTHAN D AND S                     ,ONCOLOGY SUPPLY,2025-01-10,2025-01,2025-Q1,2025,1,7978.5,0.205
26,2025-01-09,1,ASD HEALTHCARE-BROOKS              ,ASD,2025-01-10,2025-01,2025-Q1,2025,1,7978.5,0.205
5,2025-01-13,1,MCKESSON SPECIALTY CARE DIST KY,MSH,2025-01-17,2025-01,2025-Q1,2025,1,7978.5,0.205
5,2025-01-13,1,McKesson Specialty Care DC,MSH,2025-01-17,2025-01,2025-Q1,2025,1,7978.5,0.205
10,2025-01-13,1,MCKESSON PLASMA AND BIOLOGICS      ,MPB,2025-01-17,2025-01,2025-Q1,2025,1,7978.5,0.205
4,2025-01-13,1,,,2025-01-17,2025-01,2025-Q1,2025,1,7978.5,0.205
-4,2025-01-13,1,,,2025-01-17,2025-01,2025-Q1,2025,1,7978.5,0.205
4,2025-01-06,1,,,2025-01-10,2025-01,2025-Q1,2025,1,7978.5,0.205
37,2025-01-14,1,MCKESSON PLASMA AND BIOLOGICS      ,MPB,2025-01-17,2025-01,2025-Q1,2025,1,7978.5,0.205
23,2025-01-16,1,DOTHAN D AND S                     ,ONCOLOGY SUPPLY,2025-01-17,2025-01,2025-Q1,2025,1,7978.5,0.205
2,2025-01-16,1,ASD HEALTHCARE - MONTCLAIR,ASD,2025-01-17,2025-01,2025-Q1,2025,1,7978.5,0.205
25,2025-01-16,1,ASD HEALTHCARE-BROOKS              ,ASD,2025-01-17,2025-01,2025-Q1,2025,1,7978.5,0.205
3,2025-01-21,1,MCKESSON SPECIALTY CARE DIST KY,MSH,2025-01-24,2025-01,2025-Q1,2025,1,7978.5,0.205
4,2025-01-21,1,McKesson Specialty Care DC,MSH,2025-01-24,2025-01,2025-Q1,2025,1,7978.5,0.205
24,2025-01-21,1,MCKESSON PLASMA AND BIOLOGICS      ,MPB,2025-01-24,2025-01,2025-Q1,2025,1,7978.5,0.205
22,2025-01-21,1,MCKESSON PLASMA AND BIOLOGICS      ,MPB,2025-01-24,2025-01,2025-Q1,2025,1,7978.5,0.205
4,2025-01-22,1,,,2025-01-24,2025-01,2025-Q1,2025,1,7978.5,0.205
50,2025-01-23,1,ASD HEALTHCARE-BROOKS              ,ASD,2025-01-24,2025-01,2025-Q1,2025,1,7978.5,0.205
-4,2025-01-24,1,,,2025-01-24,2025-01,2025-Q1,2025,1,7978.5,0.205
6,2025-01-27,1,DOTHAN D AND S                     ,ONCOLOGY SUPPLY,2025-01-31,2025-01,2025-Q1,2025,1,7978.5,0.205
29,2025-01-27,1,MCKESSON PLASMA AND BIOLOGICS      ,MPB,2025-01-31,2025-01,2025-Q1,2025,1,7978.5,0.205
8,2025-01-27,1,MCKESSON PLASMA AND BIOLOGICS      ,MPB,2025-01-31,2025-01,2025-Q1,2025,1,7978.5,0.205
6,2025-01-27,0,,,2025-01-31,2025-01,2025-Q1,2025,1,7978.5,0.205
4,2025-01-27,1,,,2025-01-31,2025-01,2025-Q1,2025,1,7978.5,0.205
10,2025-01-28,1,MCKESSON SPECIALTY CARE DIST KY,MSH,2025-01-31,2025-01,2025-Q1,2025,1,7978.5,0.205
2,2025-01-28,1,McKesson Specialty Care DC,MSH,2025-01-31,2025-01,2025-Q1,2025,1,7978.5,0.205
7,2025-01-29,1,MCKESSON SPECIALTY CARE DIST KY,MSH,2025-01-31,2025-01,2025-Q1,2025,1,7978.5,0.205
25,2025-01-30,1,DOTHAN D AND S                     ,ONCOLOGY SUPPLY,2025-01-31,2025-01,2025-Q1,2025,1,7978.5,0.205
4,2025-01-30,1,ASD HEALTHCARE-BROOKS              ,ASD,2025-01-31,2025-01,2025-Q1,2025,1,7978.5,0.205
6,2025-02-03,1,McKesson Specialty Care DC,MSH,2025-02-07,2025-02,2025-Q1,2025,1,7978.5,0.205
5,2025-02-03,1,MCKESSON SPECIALTY CARE DIST KY,MSH,2025-02-07,2025-02,2025-Q1,2025,1,7978.5,0.205
33,2025-02-04,1,MCKESSON PLASMA AND BIOLOGICS      ,MPB,2025-02-07,2025-02,2025-Q1,2025,1,7978.5,0.205
34,2025-02-04,1,MCKESSON PLASMA AND BIOLOGICS      ,MPB,2025-02-07,2025-02,2025-Q1,2025,1,7978.5,0.205
16,2025-02-06,1,DOTHAN D AND S                     ,ONCOLOGY SUPPLY,2025-02-07,2025-02,2025-Q1,2025,1,7978.5,0.205
1,2025-02-06,1,ASD HEALTHCARE - MONTCLAIR,ASD,2025-02-07,2025-02,2025-Q1,2025,1,7978.5,0.205
25,2025-02-06,1,ASD HEALTHCARE-BROOKS              ,ASD,2025-02-07,2025-02,2025-Q1,2025,1,7978.5,0.205
5,2025-02-10,1,McKesson Specialty Care DC,MSH,2025-02-14,2025-02,2025-Q1,2025,1,7978.5,0.205
9,2025-02-10,1,MCKESSON SPECIALTY CARE DIST KY,MSH,2025-02-14,2025-02,2025-Q1,2025,1,7978.5,0.205
14,2025-02-10,1,MCKESSON PLASMA AND BIOLOGICS      ,MPB,2025-02-14,2025-02,2025-Q1,2025,1,7978.5,0.205
7,2025-02-10,1,MCKESSON PLASMA AND BIOLOGICS      ,MPB,2025-02-14,2025-02,2025-Q1,2025,1,7978.5,0.205
15,2025-02-13,1,DOTHAN D AND S                     ,ONCOLOGY SUPPLY,2025-02-14,2025-02,2025-Q1,2025,1,7978.5,0.205
14,2025-02-13,1,ASD HEALTHCARE-BROOKS              ,ASD,2025-02-14,2025-02,2025-Q1,2025,1,7978.5,0.205
9,2025-02-17,1,McKesson Specialty Care DC,MSH,2025-02-21,2025-02,2025-Q1,2025,1,7978.5,0.205
4,2025-02-17,1,MCKESSON SPECIALTY CARE DIST KY,MSH,2025-02-21,2025-02,2025-Q1,2025,1,7978.5,0.205
25,2025-02-17,1,MCKESSON PLASMA AND BIOLOGICS      ,MPB,2025-02-21,2025-02,2025-Q1,2025,1,7978.5,0.205
28,2025-02-17,1,MCKESSON PLASMA AND BIOLOGICS      ,MPB,2025-02-21,2025-02,2025-Q1,2025,1,7978.5,0.205
12,2025-02-20,1,ASD HEALTHCARE-BROOKS              ,ASD,2025-02-21,2025-02,2025-Q1,2025,1,7978.5,0.205
3,2025-02-20,1,ASD HEALTHCARE - MONTCLAIR,ASD,2025-02-21,2025-02,2025-Q1,2025,1,7978.5,0.205
16,2025-02-20,1,DOTHAN D AND S                     ,ONCOLOGY SUPPLY,2025-02-21,2025-02,2025-Q1,2025,1,7978.5,0.205
9,2025-02-24,1,McKesson Specialty Care DC,MSH,2025-02-28,2025-02,2025-Q1,2025,1,7978.5,0.205
6,2025-02-24,1,MCKESSON SPECIALTY CARE DIST KY,MSH,2025-02-28,2025-02,2025-Q1,2025,1,7978.5,0.205
16,2025-02-24,1,MCKESSON PLASMA AND BIOLOGICS      ,MPB,2025-02-28,2025-02,2025-Q1,2025,1,7978.5,0.205
14,2025-02-24,1,MCKESSON PLASMA AND BIOLOGICS      ,MPB,2025-02-28,2025-02,2025-Q1,2025,1,7978.5,0.205
8,2025-02-24,1,,,2025-02-28,2025-02,2025-Q1,2025,1,7978.5,0.205
4,2025-02-24,1,,,2025-02-28,2025-02,2025-Q1,2025,1,7978.5,0.205
22,2025-02-27,1,ASD HEALTHCARE-BROOKS              ,ASD,2025-02-28,2025-02,2025-Q1,2025,1,7978.5,0.205
12,2025-02-27,1,DOTHAN D AND S                     ,ONCOLOGY SUPPLY,2025-02-28,2025-02,2025-Q1,2025,1,7978.5,0.205
-4,2025-02-27,0,,,2025-02-28,2025-02,2025-Q1,2025,1,7978.5,0.205
-2,2025-02-27,0,ASD HEALTHCARE-BROOKS              ,ASD,2025-02-28,2025-02,2025-Q1,2025,1,7978.5,0.205
-1,2025-02-27,0,,,2025-02-28,2025-02,2025-Q1,2025,1,7978.5,0.205
-1,2025-02-27,0,,,2025-02-28,2025-02,2025-Q1,2025,1,7978.5,0.205
-2,2025-02-27,0,,,2025-02-28,2025-02,2025-Q1,2025,1,7978.5,0.205
8,2025-02-27,1,,,2025-02-28,2025-02,2025-Q1,2025,1,7978.5,0.205
3,2025-03-03,1,MCKESSON SPECIALTY CARE DIST KY,MSH,2025-03-07,2025-03,2025-Q1,2025,1,7978.5,0.279
6,2025-03-03,1,McKesson Specialty Care DC,MSH,2025-03-07,2025-03,2025-Q1,2025,1,7978.5,0.279
27,2025-03-03,1,MCKESSON PLASMA AND BIOLOGICS      ,MPB,2025-03-07,2025-03,2025-Q1,2025,1,7978.5,0.279
18,2025-03-03,1,MCKESSON PLASMA AND BIOLOGICS      ,MPB,2025-03-07,2025-03,2025-Q1,2025,1,7978.5,0.279
2,2025-03-06,1,ASD HEALTHCARE - MONTCLAIR,ASD,2025-03-07,2025-03,2025-Q1,2025,1,7978.5,0.279
4,2025-03-06,1,ASD HEALTHCARE-BROOKS              ,ASD,2025-03-07,2025-03,2025-Q1,2025,1,7978.5,0.279
22,2025-03-06,1,DOTHAN D AND S                     ,ONCOLOGY SUPPLY,2025-03-07,2025-03,2025-Q1,2025,1,7978.5,0.279
-4,2025-03-10,0,,,2025-03-14,2025-03,2025-Q1,2025,1,7978.5,0.279
6,2025-03-10,1,MCKESSON SPECIALTY CARE DIST KY,MSH,2025-03-14,2025-03,2025-Q1,2025,1,7978.5,0.279
5,2025-03-10,1,McKesson Specialty Care DC,MSH,2025-03-14,2025-03,2025-Q1,2025,1,7978.5,0.279
15,2025-03-10,1,MCKESSON PLASMA AND BIOLOGICS      ,MPB,2025-03-14,2025-03,2025-Q1,2025,1,7978.5,0.279
13,2025-03-10,1,MCKESSON PLASMA AND BIOLOGICS      ,MPB,2025-03-14,2025-03,2025-Q1,2025,1,7978.5,0.279
14,2025-03-13,1,DOTHAN D AND S                     ,ONCOLOGY SUPPLY,2025-03-14,2025-03,2025-Q1,2025,1,7978.5,0.279
8,2025-03-13,1,ASD HEALTHCARE-BROOKS              ,ASD,2025-03-14,2025-03,2025-Q1,2025,1,7978.5,0.279
8,2025-03-17,1,McKesson Specialty Care DC,MSH,2025-03-21,2025-03,2025-Q1,2025,1,7978.5,0.279
7,2025-03-17,1,MCKESSON SPECIALTY CARE DIST KY,MSH,2025-03-21,2025-03,2025-Q1,2025,1,7978.5,0.279
18,2025-03-17,1,MCKESSON PLASMA AND BIOLOGICS      ,MPB,2025-03-21,2025-03,2025-Q1,2025,1,7978.5,0.279
32,2025-03-17,1,MCKESSON PLASMA AND BIOLOGICS      ,MPB,2025-03-21,2025-03,2025-Q1,2025,1,7978.5,0.279
-2,2025-03-19,0,,,2025-03-21,2025-03,2025-Q1,2025,1,7978.5,0.279
11,2025-03-20,1,DOTHAN D AND S                     ,ONCOLOGY SUPPLY,2025-03-21,2025-03,2025-Q1,2025,1,7978.5,0.279
18,2025-03-20,1,ASD HEALTHCARE-BROOKS              ,ASD,2025-03-21,2025-03,2025-Q1,2025,1,7978.5,0.279
11,2025-03-20,1,McKesson Specialty Care DC,MSH,2025-03-21,2025-03,2025-Q1,2025,1,7978.5,0.279
4,2025-03-24,1,McKesson Specialty Care DC,MSH,2025-03-28,2025-03,2025-Q1,2025,1,7978.5,0.279
16,2025-03-24,1,MCKESSON SPECIALTY CARE DIST KY,MSH,2025-03-28,2025-03,2025-Q1,2025,1,7978.5,0.279
50,2025-03-24,1,MCKESSON PLASMA AND BIOLOGICS      ,MPB,2025-03-28,2025-03,2025-Q1,2025,1,7978.5,0.279
10,2025-03-24,1,MCKESSON PLASMA AND BIOLOGICS      ,MPB,2025-03-28,2025-03,2025-Q1,2025,1,7978.5,0.279
-4,2025-03-26,0,,,2025-03-28,2025-03,2025-Q1,2025,1,7978.5,0.279
-1,2025-03-26,0,,,2025-03-28,2025-03,2025-Q1,2025,1,7978.5,0.279
18,2025-03-27,1,DOTHAN D AND S                     ,ONCOLOGY SUPPLY,2025-03-28,2025-03,2025-Q1,2025,1,7978.5,0.165
7,2025-03-27,1,ASD HEALTHCARE-BROOKS              ,ASD,2025-03-28,2025-03,2025-Q1,2025,1,7978.5,0.165
1,2025-04-01,1,MCKESSON SPECIALTY CARE DIST KY,MSH,2025-04-04,2025-04,2025-Q2,2025,1,7978.5,0.204
5,2025-04-01,1,McKesson Specialty Care DC,MSH,2025-04-04,2025-04,2025-Q2,2025,1,7978.5,0.204
8,2025-04-01,1,MCKESSON PLASMA AND BIOLOGICS      ,MPB,2025-04-04,2025-04,2025-Q2,2025,1,7978.5,0.204
4,2025-04-01,1,,,2025-04-04,2025-04,2025-Q2,2025,1,7978.5,0.204
-4,2025-04-01,0,,,2025-04-04,2025-04,2025-Q2,2025,1,7978.5,0.204
16,2025-04-07,1,DOTHAN D AND S                     ,ONCOLOGY SUPPLY,2025-04-11,2025-04,2025-Q2,2025,1,7978.5,0.204
29,2025-04-07,1,ASD HEALTHCARE-BROOKS              ,ASD,2025-04-11,2025-04,2025-Q2,2025,1,7978.5,0.204
4,2025-04-07,1,ASD HEALTHCARE - MONTCLAIR,ASD,2025-04-11,2025-04,2025-Q2,2025,1,7978.5,0.204
4,2025-04-07,1,McKesson Specialty Care DC,MSH,2025-04-11,2025-04,2025-Q2,2025,1,7978.5,0.204
22,2025-04-07,1,MCKESSON SPECIALTY CARE DIST KY,MSH,2025-04-11,2025-04,2025-Q2,2025,1,7978.5,0.204
15,2025-04-07,1,MCKESSON PLASMA AND BIOLOGICS      ,MPB,2025-04-11,2025-04,2025-Q2,2025,1,7978.5,0.204
6,2025-04-07,0,,,2025-04-11,2025-04,2025-Q2,2025,1,7978.5,0.204
100,2025-04-08,1,MCKESSON PLASMA AND BIOLOGICS      ,MPB,2025-04-11,2025-04,2025-Q2,2025,1,7978.5,0.204
26,2025-04-10,1,ASD HEALTHCARE-BROOKS              ,ASD,2025-04-11,2025-04,2025-Q2,2025,1,7978.5,0.204
7,2025-04-10,1,DOTHAN D AND S                     ,ONCOLOGY SUPPLY,2025-04-11,2025-04,2025-Q2,2025,1,7978.5,0.204
15,2025-04-14,1,MCKESSON SPECIALTY CARE DIST KY,MSH,2025-04-18,2025-04,2025-Q2,2025,1,7978.5,0.204
17,2025-04-14,1,McKesson Specialty Care DC,MSH,2025-04-18,2025-04,2025-Q2,2025,1,7978.5,0.204
14,2025-04-14,1,MCKESSON PLASMA AND BIOLOGICS      ,MPB,2025-04-18,2025-04,2025-Q2,2025,1,7978.5,0.204
8,2025-04-14,0,,,2025-04-18,2025-04,2025-Q2,2025,1,7978.5,0.204
8,2025-04-14,1,,,2025-04-18,2025-04,2025-Q2,2025,1,7978.5,0.204
-1,2025-04-16,0,,,2025-04-18,2025-04,2025-Q2,2025,1,7978.5,0.204
-1,2025-04-16,0,,,2025-04-18,2025-04,2025-Q2,2025,1,7978.5,0.204
25,2025-04-16,1,MCKESSON PLASMA AND BIOLOGICS,MPB,2025-04-18,2025-04,2025-Q2,2025,1,7978.5,0.204
12,2025-04-21,1,DOTHAN D AND S                     ,ONCOLOGY SUPPLY,2025-04-25,2025-04,2025-Q2,2025,1,7978.5,0.204
6,2025-04-21,1,MCKESSON SPECIALTY CARE DIST KY,MSH,2025-04-25,2025-04,2025-Q2,2025,1,7978.5,0.204
4,2025-04-21,1,McKesson Specialty Care DC,MSH,2025-04-25,2025-04,2025-Q2,2025,1,7978.5,0.204
11,2025-04-21,1,MCKESSON PLASMA AND BIOLOGICS,MPB,2025-04-25,2025-04,2025-Q2,2025,1,7978.5,0.204
50,2025-04-21,1,MCKESSON PLASMA AND BIOLOGICS      ,MPB,2025-04-25,2025-04,2025-Q2,2025,1,7978.5,0.204
4,2025-04-22,0,,,2025-04-25,2025-04,2025-Q2,2025,1,7978.5,0.204
4,2025-04-22,1,,,2025-04-25,2025-04,2025-Q2,2025,1,7978.5,0.204
-2,2025-04-23,0,MCKESSON SPECIALTY CARE DIST,MSH,2025-04-25,2025-04,2025-Q2,2025,1,7978.5,0.204
10,2025-04-24,1,DOTHAN D AND S                     ,ONCOLOGY SUPPLY,2025-04-25,2025-04,2025-Q2,2025,1,7978.5,0.204
4,2025-04-24,1,ASD HEALTHCARE - MONTCLAIR,ASD,2025-04-25,2025-04,2025-Q2,2025,1,7978.5,0.204
11,2025-04-24,1,ASD HEALTHCARE-BROOKS              ,ASD,2025-04-25,2025-04,2025-Q2,2025,1,7978.5,0.204
1,2025-04-28,1,MCKESSON SPECIALTY CARE DIST MS,MSH,2025-05-02,2025-04,2025-Q2,2025,1,7978.5,0.204
7,2025-04-28,1,McKesson Specialty Care DC,MSH,2025-05-02,2025-04,2025-Q2,2025,1,7978.5,0.204
23,2025-04-28,1,MCKESSON PLASMA AND BIOLOGICS,MPB,2025-05-02,2025-04,2025-Q2,2025,1,7978.5,0.204
5,2025-04-29,1,MCKESSON SPECIALTY CARE DIST KY,MSH,2025-05-02,2025-04,2025-Q2,2025,1,7978.5,0.204
4,2025-04-30,0,,,2025-05-02,2025-04,2025-Q2,2025,1,7978.5,0.204
4,2025-05-01,1,DOTHAN D AND S                     ,ONCOLOGY SUPPLY,2025-05-02,2025-05,2025-Q2,2025,1,7978.5,0.205
3,2025-05-01,1,ASD HEALTHCARE - MONTCLAIR,ASD,2025-05-02,2025-05,2025-Q2,2025,1,7978.5,0.205
7,2025-05-01,1,ASD HEALTHCARE-BROOKS              ,ASD,2025-05-02,2025-05,2025-Q2,2025,1,7978.5,0.205
16,2025-05-05,1,McKesson Specialty Care DC,MSH,2025-05-09,2025-05,2025-Q2,2025,1,7978.5,0.205
4,2025-05-05,1,MCKESSON SPECIALTY CARE DIST MS,MSH,2025-05-09,2025-05,2025-Q2,2025,1,7978.5,0.205
12,2025-05-05,1,MCKESSON PLASMA AND BIOLOGICS,MPB,2025-05-09,2025-05,2025-Q2,2025,1,7978.5,0.205
10,2025-05-06,1,MCKESSON SPECIALTY CARE DIST KY,MSH,2025-05-09,2025-05,2025-Q2,2025,1,7978.5,0.205
50,2025-05-06,1,MCKESSON PLASMA AND BIOLOGICS      ,MPB,2025-05-09,2025-05,2025-Q2,2025,1,7978.5,0.205
8,2025-05-07,1,,,2025-05-09,2025-05,2025-Q2,2025,1,7978.5,0.205
6,2025-05-08,1,ASD HEALTHCARE-BROOKS              ,ASD,2025-05-09,2025-05,2025-Q2,2025,1,7978.5,0.205
13,2025-05-08,1,DOTHAN D AND S                     ,ONCOLOGY SUPPLY,2025-05-09,2025-05,2025-Q2,2025,1,7978.5,0.205
2,2025-05-08,1,ASD HEALTHCARE - MONTCLAIR,ASD,2025-05-09,2025-05,2025-Q2,2025,1,7978.5,0.205
-18,2025-05-09,0,MCKESSON SPECIALTY CARE DIST,MSH,2025-05-09,2025-05,2025-Q2,2025,1,7978.5,0.205
12,2025-05-12,1,McKesson Specialty Care DC,MSH,2025-05-16,2025-05,2025-Q2,2025,1,7978.5,0.205
16,2025-05-12,1,MCKESSON PLASMA AND BIOLOGICS,MPB,2025-05-16,2025-05,2025-Q2,2025,1,7978.5,0.205
8,2025-05-13,1,,,2025-05-16,2025-05,2025-Q2,2025,1,7978.5,0.205
12,2025-05-13,1,,,2025-05-16,2025-05,2025-Q2,2025,1,7978.5,0.205
14,2025-05-15,1,ASD HEALTHCARE - MONTCLAIR,ASD,2025-05-16,2025-05,2025-Q2,2025,1,7978.5,0.205
2,2025-05-15,1,DOTHAN D AND S                     ,ONCOLOGY SUPPLY,2025-05-16,2025-05,2025-Q2,2025,1,7978.5,0.205
18,2025-05-15,1,ASD HEALTHCARE-BROOKS              ,ASD,2025-05-16,2025-05,2025-Q2,2025,1,7978.5,0.205
8,2025-05-15,1,MCKESSON SPECIALTY CARE DIST KY,MSH,2025-05-16,2025-05,2025-Q2,2025,1,7978.5,0.205
6,2025-05-19,1,MCKESSON SPECIALTY CARE DIST MS,MSH,2025-05-23,2025-05,2025-Q2,2025,1,7978.5,0.205
5,2025-05-19,1,MCKESSON SPECIALTY CARE DIST MS,MSH,2025-05-23,2025-05,2025-Q2,2025,1,7978.5,0.205
12,2025-05-19,1,MCKESSON SPECIALTY CARE DIST KY,MSH,2025-05-23,2025-05,2025-Q2,2025,1,7978.5,0.205
23,2025-05-19,1,McKesson Specialty Care DC,MSH,2025-05-23,2025-05,2025-Q2,2025,1,7978.5,0.205
50,2025-05-19,1,MCKESSON PLASMA AND BIOLOGICS      ,MPB,2025-05-23,2025-05,2025-Q2,2025,1,7978.5,0.205
25,2025-05-19,1,MCKESSON PLASMA AND BIOLOGICS,MPB,2025-05-23,2025-05,2025-Q2,2025,1,7978.5,0.205
4,2025-05-21,0,,,2025-05-23,2025-05,2025-Q2,2025,1,7978.5,0.205
24,2025-05-22,1,ASD HEALTHCARE-BROOKS              ,ASD,2025-05-23,2025-05,2025-Q2,2025,1,7978.5,0.205
-12,2025-05-22,0,MCKESSON PLASMA AND BIOLOGICS,MPB,2025-05-23,2025-05,2025-Q2,2025,1,7978.5,0.205
9,2025-05-27,1,McKesson Specialty Care DC,MSH,2025-05-30,2025-05,2025-Q2,2025,1,7978.5,0.205
11,2025-05-27,1,MCKESSON SPECIALTY CARE DIST MS,MSH,2025-05-30,2025-05,2025-Q2,2025,1,7978.5,0.205
19,2025-05-27,1,MCKESSON PLASMA AND BIOLOGICS,MPB,2025-05-30,2025-05,2025-Q2,2025,1,7978.5,0.205
21,2025-05-28,1,MCKESSON SPECIALTY CARE DIST KY,MSH,2025-05-30,2025-05,2025-Q2,2025,1,7978.5,0.205
50,2025-05-28,1,MCKESSON PLASMA AND BIOLOGICS      ,MPB,2025-05-30,2025-05,2025-Q2,2025,1,7978.5,0.205
2,2025-05-29,1,DOTHAN D AND S                     ,ONCOLOGY SUPPLY,2025-05-30,2025-05,2025-Q2,2025,1,7978.5,0.205
9,2025-05-29,1,ASD HEALTHCARE - MONTCLAIR,ASD,2025-05-30,2025-05,2025-Q2,2025,1,7978.5,0.205
5,2025-05-29,1,ASD HEALTHCARE-BROOKS              ,ASD,2025-05-30,2025-05,2025-Q2,2025,1,7978.5,0.205
13,2025-06-02,1,McKesson Specialty Care DC,MSH,2025-06-06,2025-06,2025-Q2,2025,1,7978.5,0.208
25,2025-06-02,1,MCKESSON PLASMA AND BIOLOGICS,MPB,2025-06-06,2025-06,2025-Q2,2025,1,7978.5,0.208
6,2025-06-02,0,,,2025-06-06,2025-06,2025-Q2,2025,1,7978.5,0.208
4,2025-06-02,1,,,2025-06-06,2025-06,2025-Q2,2025,1,7978.5,0.208
8,2025-06-03,1,,,2025-06-06,2025-06,2025-Q2,2025,1,7978.5,0.208
10,2025-06-05,1,DOTHAN D AND S                     ,ONCOLOGY SUPPLY,2025-06-06,2025-06,2025-Q2,2025,1,7978.5,0.208
16,2025-06-05,1,ASD HEALTHCARE - MONTCLAIR,ASD,2025-06-06,2025-06,2025-Q2,2025,1,7978.5,0.208
20,2025-06-05,1,ASD HEALTHCARE-BROOKS              ,ASD,2025-06-06,2025-06,2025-Q2,2025,1,7978.5,0.208
8,2025-06-09,1,MCKESSON SPECIALTY CARE DIST KY,MSH,2025-06-13,2025-06,2025-Q2,2025,1,7978.5,0.208
6,2025-06-09,1,MCKESSON SPECIALTY CARE DIST MS,MSH,2025-06-13,2025-06,2025-Q2,2025,1,7978.5,0.208
7,2025-06-09,1,MCKESSON SPECIALTY CARE DIST KY,MSH,2025-06-13,2025-06,2025-Q2,2025,1,7978.5,0.208
5,2025-06-09,1,McKesson Specialty Care DC,MSH,2025-06-13,2025-06,2025-Q2,2025,1,7978.5,0.208
50,2025-06-09,1,MCKESSON PLASMA AND BIOLOGICS      ,MPB,2025-06-13,2025-06,2025-Q2,2025,1,7978.5,0.208
3,2025-06-09,1,MCKESSON PLASMA AND BIOLOGICS,MPB,2025-06-13,2025-06,2025-Q2,2025,1,7978.5,0.208
4,2025-06-09,0,,,2025-06-13,2025-06,2025-Q2,2025,1,7978.5,0.208
4,2025-06-10,1,,,2025-06-13,2025-06,2025-Q2,2025,1,7978.5,0.208
12,2025-06-12,1,ASD HEALTHCARE-BROOKS              ,ASD,2025-06-13,2025-06,2025-Q2,2025,1,7978.5,0.208
9,2025-06-12,1,ASD HEALTHCARE - MONTCLAIR,ASD,2025-06-13,2025-06,2025-Q2,2025,1,7978.5,0.208
4,2025-06-16,1,MCKESSON SPECIALTY CARE DIST MS,MSH,2025-06-20,2025-06,2025-Q2,2025,1,7978.5,0.208
5,2025-06-16,1,McKesson Specialty Care DC,MSH,2025-06-20,2025-06,2025-Q2,2025,1,7978.5,0.208
25,2025-06-16,1,MCKESSON PLASMA AND BIOLOGICS,MPB,2025-06-20,2025-06,2025-Q2,2025,1,7978.5,0.208
12,2025-06-16,1,,,2025-06-20,2025-06,2025-Q2,2025,1,7978.5,0.208
6,2025-06-17,1,,,2025-06-20,2025-06,2025-Q2,2025,1,7978.5,0.208
13,2025-06-18,1,MCKESSON SPECIALTY CARE DIST KY,MSH,2025-06-20,2025-06,2025-Q2,2025,1,7978.5,0.208
4,2025-06-18,0,,,2025-06-20,2025-06,2025-Q2,2025,1,7978.5,0.208
4,2025-06-19,1,ASD HEALTHCARE - MONTCLAIR,ASD,2025-06-20,2025-06,2025-Q2,2025,1,7978.5,0.208
11,2025-06-19,1,ASD HEALTHCARE-BROOKS              ,ASD,2025-06-20,2025-06,2025-Q2,2025,1,7978.5,0.208
7,2025-06-19,1,DOTHAN D AND S                     ,ONCOLOGY SUPPLY,2025-06-20,2025-06,2025-Q2,2025,1,7978.5,0.208
1,2025-06-23,1,McKesson Specialty Care DC,MSH,2025-06-27,2025-06,2025-Q2,2025,1,7978.5,0.208
6,2025-06-23,1,MCKESSON SPECIALTY CARE DIST MS,MSH,2025-06-27,2025-06,2025-Q2,2025,1,7978.5,0.208
7,2025-06-23,1,MCKESSON PLASMA AND BIOLOGICS,MPB,2025-06-27,2025-06,2025-Q2,2025,1,7978.5,0.208
8,2025-06-24,0,,,2025-06-27,2025-06,2025-Q2,2025,1,7978.5,0.208
5,2025-06-25,1,MCKESSON SPECIALTY CARE DIST KY,MSH,2025-06-27,2025-06,2025-Q2,2025,1,7978.5,0.208
50,2025-06-25,1,MCKESSON PLASMA AND BIOLOGICS      ,MPB,2025-06-27,2025-06,2025-Q2,2025,1,7978.5,0.208
2,2025-06-25,1,,,2025-06-27,2025-06,2025-Q2,2025,1,7978.5,0.208
9,2025-06-26,1,DOTHAN D AND S                     ,ONCOLOGY SUPPLY,2025-06-27,2025-06,2025-Q2,2025,1,7978.5,0.208
2,2025-06-26,1,ASD HEALTHCARE-BROOKS              ,ASD,2025-06-27,2025-06,2025-Q2,2025,1,7978.5,0.208
10,2025-06-26,1,ASD HEALTHCARE - MONTCLAIR,ASD,2025-06-27,2025-06,2025-Q2,2025,1,7978.5,0.208
-3,2025-06-26,0,,,2025-06-27,2025-06,2025-Q2,2025,1,7978.5,0.208
-1,2025-06-26,0,,,2025-06-27,2025-06,2025-Q2,2025,1,7978.5,0.208
13,2025-06-26,1,MCKESSON SPECIALTY CARE DIST KY,MSH,2025-06-27,2025-06,2025-Q2,2025,1,7978.5,0.208
-1,2025-06-26,0,,,2025-06-27,2025-06,2025-Q2,2025,1,7978.5,0.208
-1,2025-06-26,0,,,2025-06-27,2025-06,2025-Q2,2025,1,7978.5,0.208
30,2025-07-01,1,MCKESSON PLASMA AND BIOLOGICS,MPB,2025-07-04,2025-07,2025-Q3,2025,1,8203.1,0.207
-2,2025-07-02,0,McKesson Specialty Care DC,MSH,2025-07-04,2025-07,2025-Q3,2025,1,8203.1,0.207
1,2025-07-07,1,ASD HEALTHCARE - MONTCLAIR,ASD,2025-07-11,2025-07,2025-Q3,2025,1,8203.1,0.207
23,2025-07-07,1,ASD HEALTHCARE-BROOKS              ,ASD,2025-07-11,2025-07,2025-Q3,2025,1,8203.1,0.207
9,2025-07-07,1,MCKESSON SPECIALTY CARE DIST MS,MSH,2025-07-11,2025-07,2025-Q3,2025,1,8203.1,0.207
20,2025-07-07,1,MCKESSON PLASMA AND BIOLOGICS,MPB,2025-07-11,2025-07,2025-Q3,2025,1,8203.1,0.207
50,2025-07-08,1,MCKESSON PLASMA AND BIOLOGICS      ,MPB,2025-07-11,2025-07,2025-Q3,2025,1,8203.1,0.207
8,2025-07-08,1,,,2025-07-11,2025-07,2025-Q3,2025,1,8203.1,0.207
2,2025-07-08,1,,,2025-07-11,2025-07,2025-Q3,2025,1,8203.1,0.207
-7,2025-07-09,0,MCKESSON PLASMA AND BIOLOGICS      ,MPB,2025-07-11,2025-07,2025-Q3,2025,1,8203.1,0.207
12,2025-07-09,1,,,2025-07-11,2025-07,2025-Q3,2025,1,8203.1,0.207
8,2025-07-10,1,ASD HEALTHCARE-BROOKS              ,ASD,2025-07-11,2025-07,2025-Q3,2025,1,8203.1,0.207
3,2025-07-10,1,ASD HEALTHCARE - MONTCLAIR,ASD,2025-07-11,2025-07,2025-Q3,2025,1,8203.1,0.207
15,2025-07-14,1,MCKESSON SPECIALTY CARE DIST MS,MSH,2025-07-18,2025-07,2025-Q3,2025,1,8203.1,0.207
16,2025-07-14,1,MCKESSON SPECIALTY CARE DIST MS,MSH,2025-07-18,2025-07,2025-Q3,2025,1,8203.1,0.207
10,2025-07-14,1,McKesson Specialty Care DC,MSH,2025-07-18,2025-07,2025-Q3,2025,1,8203.1,0.207
12,2025-07-14,1,MCKESSON PLASMA AND BIOLOGICS,MPB,2025-07-18,2025-07,2025-Q3,2025,1,8203.1,0.207
6,2025-07-15,1,,,2025-07-18,2025-07,2025-Q3,2025,1,8203.1,0.207
4,2025-07-17,1,DOTHAN D AND S                     ,ONCOLOGY SUPPLY,2025-07-18,2025-07,2025-Q3,2025,1,8203.1,0.207
6,2025-07-17,1,ASD HEALTHCARE - MONTCLAIR,ASD,2025-07-18,2025-07,2025-Q3,2025,1,8203.1,0.207
9,2025-07-17,1,ASD HEALTHCARE-BROOKS              ,ASD,2025-07-18,2025-07,2025-Q3,2025,1,8203.1,0.207
7,2025-07-21,1,McKesson Specialty Care DC,MSH,2025-07-25,2025-07,2025-Q3,2025,1,8203.1,0.207
50,2025-07-21,1,MCKESSON PLASMA AND BIOLOGICS,MPB,2025-07-25,2025-07,2025-Q3,2025,1,8203.1,0.207
4,2025-07-21,1,,,2025-07-25,2025-07,2025-Q3,2025,1,8203.1,0.207
2,2025-07-22,0,,,2025-07-25,2025-07,2025-Q3,2025,1,8203.1,0.207
12,2025-07-22,1,,,2025-07-25,2025-07,2025-Q3,2025,1,8203.1,0.207
16,2025-07-24,1,ASD HEALTHCARE-BROOKS              ,ASD,2025-07-25,2025-07,2025-Q3,2025,1,8203.1,0.207
1,2025-07-24,1,ASD HEALTHCARE - MONTCLAIR,ASD,2025-07-25,2025-07,2025-Q3,2025,1,8203.1,0.207
9,2025-07-24,1,DOTHAN D AND S                     ,ONCOLOGY SUPPLY,2025-07-25,2025-07,2025-Q3,2025,1,8203.1,0.207
6,2025-07-24,1,,,2025-07-25,2025-07,2025-Q3,2025,1,8203.1,0.207
15,2025-07-28,1,MCKESSON PLASMA AND BIOLOGICS,MPB,2025-08-01,2025-07,2025-Q3,2025,1,8203.1,0.207
10,2025-07-29,1,MCKESSON SPECIALTY CARE DIST MS,MSH,2025-08-01,2025-07,2025-Q3,2025,1,8203.1,0.207
12,2025-07-29,1,McKesson Specialty Care DC,MSH,2025-08-01,2025-07,2025-Q3,2025,1,8203.1,0.207
4,2025-07-30,1,DOTHAN D AND S                     ,ONCOLOGY SUPPLY,2025-08-01,2025-07,2025-Q3,2025,1,8203.1,0.207
6,2025-07-30,1,ASD HEALTHCARE-BROOKS              ,ASD,2025-08-01,2025-07,2025-Q3,2025,1,8203.1,0.207
4,2025-07-30,1,ASD HEALTHCARE - MONTCLAIR,ASD,2025-08-01,2025-07,2025-Q3,2025,1,8203.1,0.207
6,2025-07-30,1,McKesson Specialty Care DC,MSH,2025-08-01,2025-07,2025-Q3,2025,1,8203.1,0.207
6,2025-07-30,1,MCKESSON SPECIALTY CARE DIST MS,MSH,2025-08-01,2025-07,2025-Q3,2025,1,8203.1,0.207
25,2025-07-30,1,MCKESSON PLASMA AND BIOLOGICS,MPB,2025-08-01,2025-07,2025-Q3,2025,1,8203.1,0.207
50,2025-07-31,1,MCKESSON PLASMA AND BIOLOGICS      ,MPB,2025-08-01,2025-07,2025-Q3,2025,1,8203.1,0.207
2,2025-08-04,1,MCKESSON SPECIALTY CARE DIST MS,MSH,2025-08-08,2025-08,2025-Q3,2025,1,8217.9,0.206
2,2025-08-04,1,MCKESSON SPECIALTY CARE DIST LVG,MSH,2025-08-08,2025-08,2025-Q3,2025,1,8217.9,0.206
2,2025-08-05,1,MCKESSON SPECIALTY CARE DIST LVG,MSH,2025-08-08,2025-08,2025-Q3,2025,1,8217.9,0.206
4,2025-08-06,1,,,2025-08-08,2025-08,2025-Q3,2025,1,8217.9,0.206
25,2025-08-11,1,MCKESSON SPECIALTY CARE DIST LVG,MSH,2025-08-15,2025-08,2025-Q3,2025,1,8217.9,0.206
24,2025-08-11,1,MCKESSON SPECIALTY CARE DIST MS,MSH,2025-08-15,2025-08,2025-Q3,2025,1,8217.9,0.206
21,2025-08-12,1,MCKESSON SPECIALTY CARE DIST LVG,MSH,2025-08-15,2025-08,2025-Q3,2025,1,8217.9,0.206
6,2025-08-12,1,,,2025-08-15,2025-08,2025-Q3,2025,1,8217.9,0.206
12,2025-08-19,1,,,2025-08-22,2025-08,2025-Q3,2025,1,8217.9,0.206
9,2025-08-20,1,ASD HEALTHCARE - MONTCLAIR,ASD,2025-08-22,2025-08,2025-Q3,2025,1,8217.9,0.206
15,2025-08-20,1,ASD HEALTHCARE DISTRIBUTION CENTER,ASD,2025-08-22,2025-08,2025-Q3,2025,1,8217.9,0.206
3,2025-08-20,1,ONCOLOGY SUPPLY DISTRIBUTION CENTER,ONCOLOGY SUPPLY,2025-08-22,2025-08,2025-Q3,2025,1,8217.9,0.206
3,2025-08-20,1,ONCOLOGY SUPPLY DISTRIBUTION CENTER,ONCOLOGY SUPPLY,2025-08-22,2025-08,2025-Q3,2025,1,8217.9,0.206
1,2025-08-20,1,ASD HEALTHCARE - MONTCLAIR,ASD,2025-08-22,2025-08,2025-Q3,2025,1,8217.9,0.206
22,2025-08-20,1,ASD HEALTHCARE DISTRIBUTION CENTER,ASD,2025-08-22,2025-08,2025-Q3,2025,1,8217.9,0.206
30,2025-08-20,1,MCKESSON PLASMA AND BIOLOGICS MS,MPB,2025-08-22,2025-08,2025-Q3,2025,1,8217.9,0.206
7,2025-08-21,1,ASD HEALTHCARE - MONTCLAIR,ASD,2025-08-22,2025-08,2025-Q3,2025,1,8217.9,0.206
19,2025-08-21,1,ASD HEALTHCARE DISTRIBUTION CENTER,ASD,2025-08-22,2025-08,2025-Q3,2025,1,8217.9,0.206
9,2025-08-21,1,ONCOLOGY SUPPLY DISTRIBUTION CENTER,ONCOLOGY SUPPLY,2025-08-22,2025-08,2025-Q3,2025,1,8217.9,0.206
8,2025-08-21,1,,,2025-08-22,2025-08,2025-Q3,2025,1,8217.9,0.206
50,2025-08-21,1,MCKESSON PLASMA AND BIOLOGICS KY,MPB,2025-08-22,2025-08,2025-Q3,2025,1,8217.9,0.206
-2,2025-08-25,0,,,2025-08-29,2025-08,2025-Q3,2025,1,8217.9,0.206
8,2025-08-28,1,ONCOLOGY SUPPLY DISTRIBUTION CENTER,ONCOLOGY SUPPLY,2025-08-29,2025-08,2025-Q3,2025,1,8217.9,0.206
5,2025-08-28,1,ASD HEALTHCARE DISTRIBUTION CENTER,ASD,2025-08-29,2025-08,2025-Q3,2025,1,8217.9,0.206
5,2025-08-28,1,ASD HEALTHCARE - MONTCLAIR,ASD,2025-08-29,2025-08,2025-Q3,2025,1,8217.9,0.206
20,2025-08-28,1,MCKESSON PLASMA AND BIOLOGICS KY,MPB,2025-08-29,2025-08,2025-Q3,2025,1,8217.9,0.206
30,2025-08-28,1,MCKESSON PLASMA AND BIOLOGICS MS,MPB,2025-08-29,2025-08,2025-Q3,2025,1,8217.9,0.206
6,2025-08-28,1,,,2025-08-29,2025-08,2025-Q3,2025,1,8217.9,0.206
2,2025-09-02,1,MCKESSON SPECIALTY CARE DIST LVG,MSH,2025-09-05,2025-09,2025-Q3,2025,1,8217.9,0.177
8,2025-09-02,1,MCKESSON SPECIALTY CARE DIST MS,MSH,2025-09-05,2025-09,2025-Q3,2025,1,8217.9,0.177
50,2025-09-03,1,MCKESSON PLASMA AND BIOLOGICS KY,MPB,2025-09-05,2025-09,2025-Q3,2025,1,8217.9,0.177
1,2025-09-03,1,,,2025-09-05,2025-09,2025-Q3,2025,1,8217.9,0.177
-2,2025-09-04,0,MCKESSON CORPORATE,MSH,2025-09-05,2025-09,2025-Q3,2025,1,8217.9,0.177
32,2025-09-04,1,ASD HEALTHCARE DISTRIBUTION CENTER,ASD,2025-09-05,2025-09,2025-Q3,2025,1,8217.9,0.177
9,2025-09-04,1,ASD HEALTHCARE - MONTCLAIR,ASD,2025-09-05,2025-09,2025-Q3,2025,1,8217.9,0.177
2,2025-09-04,1,ONCOLOGY SUPPLY DISTRIBUTION CENTER,ONCOLOGY SUPPLY,2025-09-05,2025-09,2025-Q3,2025,1,8217.9,0.177
-1,2025-09-04,0,,,2025-09-05,2025-09,2025-Q3,2025,1,8217.9,0.177
50,2025-09-08,1,MCKESSON PLASMA AND BIOLOGICS KY,MPB,2025-09-12,2025-09,2025-Q3,2025,1,8217.9,0.177
10,2025-09-08,1,MCKESSON SPECIALTY CARE DIST MS,MSH,2025-09-12,2025-09,2025-Q3,2025,1,8217.9,0.177
6,2025-09-09,1,,,2025-09-12,2025-09,2025-Q3,2025,1,8217.9,0.177
27,2025-09-11,1,ASD HEALTHCARE DISTRIBUTION CENTER,ASD,2025-09-12,2025-09,2025-Q3,2025,1,8217.9,0.177
12,2025-09-11,1,ONCOLOGY SUPPLY DISTRIBUTION CENTER,ONCOLOGY SUPPLY,2025-09-12,2025-09,2025-Q3,2025,1,8217.9,0.177
10,2025-09-11,1,ASD HEALTHCARE - MONTCLAIR,ASD,2025-09-12,2025-09,2025-Q3,2025,1,8217.9,0.177
22,2025-09-15,1,MCKESSON SPECIALTY CARE DIST MS,MSH,2025-09-19,2025-09,2025-Q3,2025,1,8217.9,0.177
28,2025-09-15,1,MCKESSON SPECIALTY CARE DIST LVG,MSH,2025-09-19,2025-09,2025-Q3,2025,1,8217.9,0.177
50,2025-09-16,1,MCKESSON PLASMA AND BIOLOGICS KY,MPB,2025-09-19,2025-09,2025-Q3,2025,1,8217.9,0.177
2,2025-09-18,1,ONCOLOGY SUPPLY DISTRIBUTION CENTER,ONCOLOGY SUPPLY,2025-09-19,2025-09,2025-Q3,2025,1,8217.9,0.177
11,2025-09-18,1,ASD HEALTHCARE - MONTCLAIR,ASD,2025-09-19,2025-09,2025-Q3,2025,1,8217.9,0.177
33,2025-09-18,1,ASD HEALTHCARE DISTRIBUTION CENTER,ASD,2025-09-19,2025-09,2025-Q3,2025,1,8217.9,0.177
10,2025-09-22,1,MCKESSON SPECIALTY CARE DIST MS,MSH,2025-09-26,2025-09,2025-Q3,2025,1,8217.9,0.177
10,2025-09-22,1,MCKESSON SPECIALTY CARE DIST LVG,MSH,2025-09-26,2025-09,2025-Q3,2025,1,8217.9,0.177
12,2025-09-23,1,,,2025-09-26,2025-09,2025-Q3,2025,1,8217.9,0.177
50,2025-09-24,1,MCKESSON PLASMA AND BIOLOGICS KY,MPB,2025-09-26,2025-09,2025-Q3,2025,1,8217.9,0.177
50,2025-09-25,1,ASD HEALTHCARE DISTRIBUTION CENTER,ASD,2025-09-26,2025-09,2025-Q3,2025,1,8217.9,0.177
15,2025-09-25,1,ASD HEALTHCARE - MONTCLAIR,ASD,2025-09-26,2025-09,2025-Q3,2025,1,8217.9,0.177
9,2025-09-25,1,ONCOLOGY SUPPLY DISTRIBUTION CENTER,ONCOLOGY SUPPLY,2025-09-26,2025-09,2025-Q3,2025,1,8217.9,0.177
12,2025-09-29,1,MCKESSON PLASMA AND BIOLOGICS MS,MPB,2025-10-03,2025-09,2025-Q3,2025,1,8217.9,0.177
10,2025-09-29,1,MCKESSON SPECIALTY CARE DIST LVG,MSH,2025-10-03,2025-09,2025-Q3,2025,1,8217.9,0.177
5,2025-09-29,1,MCKESSON SPECIALTY CARE DIST MS,MSH,2025-10-03,2025-09,2025-Q3,2025,1,8217.9,0.177
2,2025-09-30,1,MCKESSON SPECIALTY CARE DIST LVG,MSH,2025-10-03,2025-09,2025-Q3,2025,1,8217.9,0.177
50,2025-09-30,1,MCKESSON PLASMA AND BIOLOGICS KY,MPB,2025-10-03,2025-09,2025-Q3,2025,1,8217.9,0.177
6,2025-10-02,1,ONCOLOGY SUPPLY DISTRIBUTION CENTER,ONCOLOGY SUPPLY,2025-10-03,2025-10,2025-Q4,2025,1,8217.9,0.205
11,2025-10-02,1,ASD HEALTHCARE - MONTCLAIR,ASD,2025-10-03,2025-10,2025-Q4,2025,1,8217.9,0.205
6,2025-10-06,1,,,2025-10-10,2025-10,2025-Q4,2025,1,8217.9,0.205
15,2025-10-06,1,MCKESSON SPECIALTY CARE DIST MS,MSH,2025-10-10,2025-10,2025-Q4,2025,1,8217.9,0.205
12,2025-10-06,1,MCKESSON SPECIALTY CARE DIST LVG,MSH,2025-10-10,2025-10,2025-Q4,2025,1,8217.9,0.205
7,2025-10-06,1,MCKESSON PLASMA AND BIOLOGICS MS,MPB,2025-10-10,2025-10,2025-Q4,2025,1,8217.9,0.205
8,2025-10-13,1,MCKESSON SPECIALTY CARE DIST MS,MSH,2025-10-17,2025-10,2025-Q4,2025,1,8217.9,0.205
6,2025-10-13,1,MCKESSON SPECIALTY CARE DIST LVG,MSH,2025-10-17,2025-10,2025-Q4,2025,1,8217.9,0.205
4,2025-10-13,1,MCKESSON SPECIALTY CARE DIST LVG,MSH,2025-10-17,2025-10,2025-Q4,2025,1,8217.9,0.205
3,2025-10-13,1,MCKESSON PLASMA AND BIOLOGICS MS,MPB,2025-10-17,2025-10,2025-Q4,2025,1,8217.9,0.205
4,2025-10-09,1,ONCOLOGY SUPPLY DISTRIBUTION CENTER,ONCOLOGY SUPPLY,2025-10-10,2025-10,2025-Q4,2025,1,8217.9,0.205
3,2025-10-09,1,ASD HEALTHCARE DISTRIBUTION CENTER,ASD,2025-10-10,2025-10,2025-Q4,2025,1,8217.9,0.205
9,2025-10-09,1,ASD HEALTHCARE - MONTCLAIR,ASD,2025-10-10,2025-10,2025-Q4,2025,1,8217.9,0.205
11,2025-10-16,1,ASD HEALTHCARE - MONTCLAIR,ASD,2025-10-17,2025-10,2025-Q4,2025,1,8217.9,0.205
9,2025-10-16,1,ONCOLOGY SUPPLY DISTRIBUTION CENTER,ONCOLOGY SUPPLY,2025-10-17,2025-10,2025-Q4,2025,1,8217.9,0.205
21,2025-10-16,1,ASD HEALTHCARE DISTRIBUTION CENTER,ASD,2025-10-17,2025-10,2025-Q4,2025,1,8217.9,0.205
12,2025-10-20,1,MCKESSON SPECIALTY CARE DIST MS,MSH,2025-10-24,2025-10,2025-Q4,2025,1,8217.9,0.205
10,2025-10-20,1,MCKESSON SPECIALTY CARE DIST LVG,MSH,2025-10-24,2025-10,2025-Q4,2025,1,8217.9,0.205
18,2025-10-20,1,MCKESSON PLASMA AND BIOLOGICS MS,MPB,2025-10-24,2025-10,2025-Q4,2025,1,8217.9,0.205
50,2025-10-21,1,MCKESSON PLASMA AND BIOLOGICS KY,MPB,2025-10-24,2025-10,2025-Q4,2025,1,8217.9,0.205
9,2025-10-23,1,ONCOLOGY SUPPLY DISTRIBUTION CENTER,ONCOLOGY SUPPLY,2025-10-24,2025-10,2025-Q4,2025,1,8217.9,0.205
1,2025-10-23,1,ASD HEALTHCARE - MONTCLAIR,ASD,2025-10-24,2025-10,2025-Q4,2025,1,8217.9,0.205
27,2025-10-23,1,ASD HEALTHCARE DISTRIBUTION CENTER,ASD,2025-10-24,2025-10,2025-Q4,2025,1,8217.9,0.205
4,2025-10-27,1,,,2025-10-31,2025-10,2025-Q4,2025,1,8217.9,0.205
20,2025-10-27,1,MCKESSON PLASMA AND BIOLOGICS MS,MPB,2025-10-31,2025-10,2025-Q4,2025,1,8217.9,0.205
12,2025-10-27,1,MCKESSON SPECIALTY CARE DIST LVG,MSH,2025-10-31,2025-10,2025-Q4,2025,1,8217.9,0.205
16,2025-10-27,1,MCKESSON SPECIALTY CARE DIST MS,MSH,2025-10-31,2025-10,2025-Q4,2025,1,8217.9,0.205
3,2025-10-28,1,MCKESSON SPECIALTY CARE DIST LVG,MSH,2025-10-31,2025-10,2025-Q4,2025,1,8217.9,0.205
50,2025-10-28,1,MCKESSON PLASMA AND BIOLOGICS KY,MPB,2025-10-31,2025-10,2025-Q4,2025,1,8217.9,0.205
8,2025-10-28,1,,,2025-10-31,2025-10,2025-Q4,2025,1,8217.9,0.205
2,2025-10-30,1,ASD HEALTHCARE - MONTCLAIR,ASD,2025-10-31,2025-10,2025-Q4,2025,1,8217.9,0.205
29,2025-10-30,1,ASD HEALTHCARE DISTRIBUTION CENTER,ASD,2025-10-31,2025-10,2025-Q4,2025,1,8217.9,0.205
8,2025-10-30,1,ONCOLOGY SUPPLY DISTRIBUTION CENTER,ONCOLOGY SUPPLY,2025-10-31,2025-10,2025-Q4,2025,1,8217.9,0.205
3,2025-11-03,1,MCKESSON SPECIALTY CARE DIST MS,MSH,2025-11-07,2025-11,2025-Q4,2025,1,8217.9,0.205
2,2025-11-03,1,MCKESSON SPECIALTY CARE DIST LVG,MSH,2025-11-07,2025-11,2025-Q4,2025,1,8217.9,0.205
27,2025-11-03,1,MCKESSON PLASMA AND BIOLOGICS MS,MPB,2025-11-07,2025-11,2025-Q4,2025,1,8217.9,0.205
2,2025-11-04,1,MCKESSON SPECIALTY CARE DIST LVG,MSH,2025-11-07,2025-11,2025-Q4,2025,1,8217.9,0.205
10,2025-11-06,1,ONCOLOGY SUPPLY DISTRIBUTION CENTER,ONCOLOGY SUPPLY,2025-11-07,2025-11,2025-Q4,2025,1,8217.9,0.205
50,2025-11-06,1,ASD HEALTHCARE DISTRIBUTION CENTER,ASD,2025-11-07,2025-11,2025-Q4,2025,1,8217.9,0.205
5,2025-11-06,1,ASD HEALTHCARE - MONTCLAIR,ASD,2025-11-07,2025-11,2025-Q4,2025,1,8217.9,0.205
8,2025-11-10,1,MCKESSON SPECIALTY CARE DIST LVG,MSH,2025-11-14,2025-11,2025-Q4,2025,1,8217.9,0.205
13,2025-11-10,1,MCKESSON SPECIALTY CARE DIST MS,MSH,2025-11-14,2025-11,2025-Q4,2025,1,8217.9,0.205
50,2025-11-10,1,MCKESSON PLASMA AND BIOLOGICS MS,MPB,2025-11-14,2025-11,2025-Q4,2025,1,8217.9,0.205
4,2025-11-10,1,,,2025-11-14,2025-11,2025-Q4,2025,1,8217.9,0.205
50,2025-11-12,1,MCKESSON PLASMA AND BIOLOGICS KY,MPB,2025-11-14,2025-11,2025-Q4,2025,1,8217.9,0.205
2,2025-11-13,1,ASD HEALTHCARE - MONTCLAIR,ASD,2025-11-14,2025-11,2025-Q4,2025,1,8217.9,0.205
13,2025-11-13,1,ONCOLOGY SUPPLY DISTRIBUTION CENTER,ONCOLOGY SUPPLY,2025-11-14,2025-11,2025-Q4,2025,1,8217.9,0.205
13,2025-11-17,1,MCKESSON SPECIALTY CARE DIST LVG,MSH,2025-11-21,2025-11,2025-Q4,2025,1,8217.9,0.205
10,2025-11-17,1,MCKESSON SPECIALTY CARE DIST MS,MSH,2025-11-21,2025-11,2025-Q4,2025,1,8217.9,0.205
50,2025-11-18,1,MCKESSON PLASMA AND BIOLOGICS KY,MPB,2025-11-21,2025-11,2025-Q4,2025,1,8217.9,0.205
3,2025-11-18,1,MCKESSON SPECIALTY CARE DIST LVG,MSH,2025-11-21,2025-11,2025-Q4,2025,1,8217.9,0.205
12,2025-11-19,1,,,2025-11-21,2025-11,2025-Q4,2025,1,8217.9,0.205
5,2025-11-20,1,ASD HEALTHCARE - MONTCLAIR,ASD,2025-11-21,2025-11,2025-Q4,2025,1,8217.9,0.205
17,2025-11-20,1,ASD HEALTHCARE DISTRIBUTION CENTER,ASD,2025-11-21,2025-11,2025-Q4,2025,1,8217.9,0.205
4,2025-11-20,1,ONCOLOGY SUPPLY DISTRIBUTION CENTER,ONCOLOGY SUPPLY,2025-11-21,2025-11,2025-Q4,2025,1,8217.9,0.205
6,2025-11-24,1,ASD HEALTHCARE - MONTCLAIR,ASD,2025-11-28,2025-11,2025-Q4,2025,1,8217.9,0.205
18,2025-11-24,1,MCKESSON SPECIALTY CARE DIST LVG,MSH,2025-11-28,2025-11,2025-Q4,2025,1,8217.9,0.205
50,2025-11-24,1,MCKESSON PLASMA AND BIOLOGICS MS,MPB,2025-11-28,2025-11,2025-Q4,2025,1,8217.9,0.205
4,2025-11-25,1,,,2025-11-28,2025-11,2025-Q4,2025,1,8217.9,0.205
3,2025-12-01,1,MCKESSON SPECIALTY CARE DIST LVG,MSH,2025-12-05,2025-12,2025-Q4,2025,1,8217.9,0.157
15,2025-12-01,1,MCKESSON SPECIALTY CARE DIST MS,MSH,2025-12-05,2025-12,2025-Q4,2025,1,8217.9,0.157
9,2025-12-01,1,MCKESSON SPECIALTY CARE DIST LVG,MSH,2025-12-05,2025-12,2025-Q4,2025,1,8217.9,0.157
50,2025-12-01,1,MCKESSON PLASMA AND BIOLOGICS KY,MPB,2025-12-05,2025-12,2025-Q4,2025,1,8217.9,0.157
38,2025-12-01,1,MCKESSON PLASMA AND BIOLOGICS KY,MPB,2025-12-05,2025-12,2025-Q4,2025,1,8217.9,0.157
12,2025-12-02,1,MCKESSON PLASMA AND BIOLOGICS KY,MPB,2025-12-05,2025-12,2025-Q4,2025,1,8217.9,0.157
-2,2025-12-03,0,MCKESSON CORPORATE,MSH,2025-12-05,2025-12,2025-Q4,2025,1,8217.9,0.157
-1,2025-12-03,0,MCKESSON CORPORATE,MSH,2025-12-05,2025-12,2025-Q4,2025,1,8217.9,0.157
2,2025-12-04,1,ASD HEALTHCARE - MONTCLAIR,ASD,2025-12-05,2025-12,2025-Q4,2025,1,8217.9,0.157
25,2025-12-04,1,ASD HEALTHCARE DISTRIBUTION CENTER,ASD,2025-12-05,2025-12,2025-Q4,2025,1,8217.9,0.157
19,2025-12-04,1,ONCOLOGY SUPPLY DISTRIBUTION CENTER,ONCOLOGY SUPPLY,2025-12-05,2025-12,2025-Q4,2025,1,8217.9,0.157
4,2025-12-08,1,MCKESSON SPECIALTY CARE DIST MS,MSH,2025-12-12,2025-12,2025-Q4,2025,1,8217.9,0.157
8,2025-12-08,1,MCKESSON SPECIALTY CARE DIST LVG,MSH,2025-12-12,2025-12,2025-Q4,2025,1,8217.9,0.157
4,2025-12-09,1,MCKESSON SPECIALTY CARE DIST LVG,MSH,2025-12-12,2025-12,2025-Q4,2025,1,8217.9,0.157
8,2025-12-10,1,,,2025-12-12,2025-12,2025-Q4,2025,1,8217.9,0.157
5,2025-12-11,1,ASD HEALTHCARE - MONTCLAIR,ASD,2025-12-12,2025-12,2025-Q4,2025,1,8217.9,0.157
15,2025-12-11,1,ONCOLOGY SUPPLY DISTRIBUTION CENTER,ONCOLOGY SUPPLY,2025-12-12,2025-12,2025-Q4,2025,1,8217.9,0.157
50,2025-12-11,1,ASD HEALTHCARE DISTRIBUTION CENTER,ASD,2025-12-12,2025-12,2025-Q4,2025,1,8217.9,0.157
8,2025-12-11,1,,,2025-12-12,2025-12,2025-Q4,2025,1,8217.9,0.157
10,2025-12-15,1,MCKESSON SPECIALTY CARE DIST LVG,MSH,2025-12-19,2025-12,2025-Q4,2025,1,8217.9,0.157
15,2025-12-15,1,MCKESSON SPECIALTY CARE DIST MS,MSH,2025-12-19,2025-12,2025-Q4,2025,1,8217.9,0.157
2,2025-12-17,1,MCKESSON SPECIALTY CARE DIST LVG,MSH,2025-12-19,2025-12,2025-Q4,2025,1,8217.9,0.157
50,2025-12-17,1,MCKESSON PLASMA AND BIOLOGICS KY,MPB,2025-12-19,2025-12,2025-Q4,2025,1,8217.9,0.157
9,2025-12-18,1,ONCOLOGY SUPPLY DISTRIBUTION CENTER,ONCOLOGY SUPPLY,2025-12-19,2025-12,2025-Q4,2025,1,8217.9,0.157
50,2025-12-18,1,ASD HEALTHCARE DISTRIBUTION CENTER,ASD,2025-12-19,2025-12,2025-Q4,2025,1,8217.9,0.157
1,2025-12-22,1,ONCOLOGY SUPPLY DISTRIBUTION CENTER,ONCOLOGY SUPPLY,2025-12-26,2025-12,2025-Q4,2025,1,8217.9,0.157
7,2025-12-22,1,ASD HEALTHCARE - MONTCLAIR,ASD,2025-12-26,2025-12,2025-Q4,2025,1,8217.9,0.157
36,2025-12-22,1,MCKESSON PLASMA AND BIOLOGICS MS,MPB,2025-12-26,2025-12,2025-Q4,2025,1,8217.9,0.157
50,2025-12-22,1,MCKESSON PLASMA AND BIOLOGICS KY,MPB,2025-12-26,2025-12,2025-Q4,2025,1,8217.9,0.157
7,2025-12-22,1,MCKESSON SPECIALTY CARE DIST MS,MSH,2025-12-26,2025-12,2025-Q4,2025,1,8217.9,0.157
14,2025-12-22,1,MCKESSON SPECIALTY CARE DIST LVG,MSH,2025-12-26,2025-12,2025-Q4,2025,1,8217.9,0.157
8,2025-12-29,1,MCKESSON SPECIALTY CARE DIST MS,MSH,2026-01-02,2025-12,2025-Q4,2025,1,8217.9,0.157
6,2025-12-29,1,MCKESSON SPECIALTY CARE DIST LVG,MSH,2026-01-02,2025-12,2025-Q4,2025,1,8217.9,0.157
15,2025-12-29,1,ONCOLOGY SUPPLY DISTRIBUTION CENTER,ONCOLOGY SUPPLY,2026-01-02,2025-12,2025-Q4,2025,1,8217.9,0.157
5,2025-12-29,1,ASD HEALTHCARE - MONTCLAIR,ASD,2026-01-02,2025-12,2025-Q4,2025,1,8217.9,0.157
14,2025-12-29,1,MCKESSON PLASMA AND BIOLOGICS MS,MPB,2026-01-02,2025-12,2025-Q4,2025,1,8217.9,0.157
2,2026-01-05,1,MCKESSON SPECIALTY CARE DIST MS,MSH,2026-01-09,2026-01,2026-Q1,2026,1,8587.7,0.2
12,2026-01-05,1,MCKESSON SPECIALTY CARE DIST LVG,MSH,2026-01-09,2026-01,2026-Q1,2026,1,8587.7,0.2
3,2026-01-06,1,MCKESSON SPECIALTY CARE DIST LVG,MSH,2026-01-09,2026-01,2026-Q1,2026,1,8587.7,0.2
50,2026-01-06,1,MCKESSON PLASMA AND BIOLOGICS KY,MPB,2026-01-09,2026-01,2026-Q1,2026,1,8587.7,0.2
6,2026-01-07,1,,,2026-01-09,2026-01,2026-Q1,2026,1,8587.7,0.2
22,2026-01-08,1,ASD HEALTHCARE DISTRIBUTION CENTER,ASD,2026-01-09,2026-01,2026-Q1,2026,1,8587.7,0.2
18,2026-01-08,1,ONCOLOGY SUPPLY DISTRIBUTION CENTER,ONCOLOGY SUPPLY,2026-01-09,2026-01,2026-Q1,2026,1,8587.7,0.2
9,2026-01-08,1,ASD HEALTHCARE - MONTCLAIR,ASD,2026-01-09,2026-01,2026-Q1,2026,1,8587.7,0.2
4,2026-01-12,1,MCKESSON SPECIALTY CARE DIST LVG,MSH,2026-01-16,2026-01,2026-Q1,2026,1,8587.7,0.2
8,2026-01-12,1,MCKESSON SPECIALTY CARE DIST MS,MSH,2026-01-16,2026-01,2026-Q1,2026,1,8587.7,0.2
3,2026-01-14,1,MCKESSON SPECIALTY CARE DIST LVG,MSH,2026-01-16,2026-01,2026-Q1,2026,1,8587.7,0.2
50,2026-01-14,1,MCKESSON PLASMA AND BIOLOGICS KY,MPB,2026-01-16,2026-01,2026-Q1,2026,1,8587.7,0.2
3,2026-01-15,1,ASD HEALTHCARE - MONTCLAIR,ASD,2026-01-16,2026-01,2026-Q1,2026,1,8587.7,0.2
10,2026-01-15,1,ONCOLOGY SUPPLY DISTRIBUTION CENTER,ONCOLOGY SUPPLY,2026-01-16,2026-01,2026-Q1,2026,1,8587.7,0.2
50,2026-01-15,1,ASD HEALTHCARE DISTRIBUTION CENTER,ASD,2026-01-16,2026-01,2026-Q1,2026,1,8587.7,0.2
8,2026-01-15,1,,,2026-01-16,2026-01,2026-Q1,2026,1,8587.7,0.2
6,2026-01-19,1,MCKESSON SPECIALTY CARE DIST LVG,MSH,2026-01-23,2026-01,2026-Q1,2026,1,8587.7,0.2
6,2026-01-19,1,MCKESSON SPECIALTY CARE DIST MS,MSH,2026-01-23,2026-01,2026-Q1,2026,1,8587.7,0.2
22,2026-01-19,1,MCKESSON PLASMA AND BIOLOGICS MS,MPB,2026-01-23,2026-01,2026-Q1,2026,1,8587.7,0.2
1,2026-01-20,1,MCKESSON SPECIALTY CARE DIST LVG,MSH,2026-01-23,2026-01,2026-Q1,2026,1,8587.7,0.2
6,2026-01-21,1,,,2026-01-23,2026-01,2026-Q1,2026,1,8587.7,0.2
14,2026-01-22,1,ONCOLOGY SUPPLY DISTRIBUTION CENTER,ONCOLOGY SUPPLY,2026-01-23,2026-01,2026-Q1,2026,1,8587.7,0.2
4,2026-01-22,1,ASD HEALTHCARE DISTRIBUTION CENTER,ASD,2026-01-23,2026-01,2026-Q1,2026,1,8587.7,0.2
6,2026-01-22,1,ASD HEALTHCARE - MONTCLAIR,ASD,2026-01-23,2026-01,2026-Q1,2026,1,8587.7,0.2
7,2026-01-29,1,ASD HEALTHCARE DISTRIBUTION CENTER,ASD,2026-01-30,2026-01,2026-Q1,2026,1,8587.7,0.2
11,2026-01-29,1,ONCOLOGY SUPPLY DISTRIBUTION CENTER,ONCOLOGY SUPPLY,2026-01-30,2026-01,2026-Q1,2026,1,8587.7,0.2
10,2026-01-29,1,ASD HEALTHCARE - MONTCLAIR,ASD,2026-01-30,2026-01,2026-Q1,2026,1,8587.7,0.2
7,2026-01-29,1,MCKESSON SPECIALTY CARE DIST MS,MSH,2026-01-30,2026-01,2026-Q1,2026,1,8587.7,0.2
2,2026-01-29,1,MCKESSON SPECIALTY CARE DIST LVG,MSH,2026-01-30,2026-01,2026-Q1,2026,1,8587.7,0.2
8,2026-01-29,1,,,2026-01-30,2026-01,2026-Q1,2026,1,8587.7,0.2
4,2026-01-30,1,MCKESSON SPECIALTY CARE DIST LVG,MSH,2026-01-30,2026-01,2026-Q1,2026,1,8587.7,0.2
50,2026-02-02,1,MCKESSON PLASMA AND BIOLOGICS KY,MPB,2026-02-06,2026-02,2026-Q1,2026,1,8587.7,0.209
9,2026-02-02,1,MCKESSON SPECIALTY CARE DIST LVG,MSH,2026-02-06,2026-02,2026-Q1,2026,1,8587.7,0.209
9,2026-02-02,1,MCKESSON SPECIALTY CARE DIST MS,MSH,2026-02-06,2026-02,2026-Q1,2026,1,8587.7,0.209
5,2026-02-02,1,MCKESSON PLASMA AND BIOLOGICS MS,MPB,2026-02-06,2026-02,2026-Q1,2026,1,8587.7,0.209
4,2026-02-04,1,MCKESSON SPECIALTY CARE DIST LVG,MSH,2026-02-06,2026-02,2026-Q1,2026,1,8587.7,0.209
16,2026-02-05,1,ASD HEALTHCARE DISTRIBUTION CENTER,ASD,2026-02-06,2026-02,2026-Q1,2026,1,8587.7,0.209
6,2026-02-05,1,ASD HEALTHCARE - MONTCLAIR,ASD,2026-02-06,2026-02,2026-Q1,2026,1,8587.7,0.209
6,2026-02-05,1,ONCOLOGY SUPPLY DISTRIBUTION CENTER,ONCOLOGY SUPPLY,2026-02-06,2026-02,2026-Q1,2026,1,8587.7,0.209
14,2026-02-09,1,MCKESSON SPECIALTY CARE DIST LVG,MSH,2026-02-13,2026-02,2026-Q1,2026,1,8587.7,0.209
10,2026-02-09,1,MCKESSON SPECIALTY CARE DIST MS,MSH,2026-02-13,2026-02,2026-Q1,2026,1,8587.7,0.209
8,2026-02-09,1,,,2026-02-13,2026-02,2026-Q1,2026,1,8587.7,0.209
4,2026-02-10,1,MCKESSON SPECIALTY CARE DIST LVG,MSH,2026-02-13,2026-02,2026-Q1,2026,1,8587.7,0.209
16,2026-02-12,1,ONCOLOGY SUPPLY DISTRIBUTION CENTER,ONCOLOGY SUPPLY,2026-02-13,2026-02,2026-Q1,2026,1,8587.7,0.209
5,2026-02-12,1,ASD HEALTHCARE - MONTCLAIR,ASD,2026-02-13,2026-02,2026-Q1,2026,1,8587.7,0.209
10,2026-02-12,1,ASD HEALTHCARE DISTRIBUTION CENTER,ASD,2026-02-13,2026-02,2026-Q1,2026,1,8587.7,0.209
3,2026-02-16,1,MCKESSON SPECIALTY CARE DIST LVG,MSH,2026-02-20,2026-02,2026-Q1,2026,1,8587.7,0.209
13,2026-02-16,1,MCKESSON SPECIALTY CARE DIST MS,MSH,2026-02-20,2026-02,2026-Q1,2026,1,8587.7,0.209
5,2026-02-16,1,MCKESSON SPECIALTY CARE DIST LVG,MSH,2026-02-20,2026-02,2026-Q1,2026,1,8587.7,0.209
100,2026-02-16,1,MCKESSON PLASMA AND BIOLOGICS KY,MPB,2026-02-20,2026-02,2026-Q1,2026,1,8587.7,0.209
6,2026-02-16,1,MCKESSON PLASMA AND BIOLOGICS MS,MPB,2026-02-20,2026-02,2026-Q1,2026,1,8587.7,0.209
18,2026-02-16,1,MCKESSON PLASMA AND BIOLOGICS MS,MPB,2026-02-20,2026-02,2026-Q1,2026,1,8587.7,0.209
8,2026-02-19,1,ONCOLOGY SUPPLY DISTRIBUTION CENTER,ONCOLOGY SUPPLY,2026-02-20,2026-02,2026-Q1,2026,1,8587.7,0.209
4,2026-02-19,1,ASD HEALTHCARE - MONTCLAIR,ASD,2026-02-20,2026-02,2026-Q1,2026,1,8587.7,0.209
5,2026-02-19,1,ASD HEALTHCARE DISTRIBUTION CENTER,ASD,2026-02-20,2026-02,2026-Q1,2026,1,8587.7,0.209
2,2026-02-23,1,MCKESSON SPECIALTY CARE DIST MS,MSH,2026-02-27,2026-02,2026-Q1,2026,1,8587.7,0.209
7,2026-02-23,1,MCKESSON SPECIALTY CARE DIST LVG,MSH,2026-02-27,2026-02,2026-Q1,2026,1,8587.7,0.209
3,2026-02-24,1,MCKESSON SPECIALTY CARE DIST LVG,MSH,2026-02-27,2026-02,2026-Q1,2026,1,8587.7,0.209
6,2026-02-25,1,,,2026-02-27,2026-02,2026-Q1,2026,1,8587.7,0.209
1,2026-02-26,1,ASD HEALTHCARE - MONTCLAIR,ASD,2026-02-27,2026-02,2026-Q1,2026,1,8587.7,0.209
23,2026-02-26,1,ASD HEALTHCARE DISTRIBUTION CENTER,ASD,2026-02-27,2026-02,2026-Q1,2026,1,8587.7,0.209
9,2026-02-26,1,ONCOLOGY SUPPLY DISTRIBUTION CENTER,ONCOLOGY SUPPLY,2026-02-27,2026-02,2026-Q1,2026,1,8587.7,0.209
12,2026-03-02,1,MCKESSON SPECIALTY CARE DIST LVG,MSH,2026-03-06,2026-03,2026-Q1,2026,1,8587.7,0.192
13,2026-03-02,1,MCKESSON SPECIALTY CARE DIST MS,MSH,2026-03-06,2026-03,2026-Q1,2026,1,8587.7,0.192
6,2026-03-02,1,,,2026-03-06,2026-03,2026-Q1,2026,1,8587.7,0.192
11,2026-03-02,1,MCKESSON PLASMA AND BIOLOGICS MS,MPB,2026-03-06,2026-03,2026-Q1,2026,1,8587.7,0.192
50,2026-03-03,1,MCKESSON PLASMA AND BIOLOGICS KY,MPB,2026-03-06,2026-03,2026-Q1,2026,1,8587.7,0.192
4,2026-03-03,1,MCKESSON SPECIALTY CARE DIST LVG,MSH,2026-03-06,2026-03,2026-Q1,2026,1,8587.7,0.192
10,2026-03-05,1,ASD HEALTHCARE - MONTCLAIR,ASD,2026-03-06,2026-03,2026-Q1,2026,1,8587.7,0.192
18,2026-03-05,1,ONCOLOGY SUPPLY DISTRIBUTION CENTER,ONCOLOGY SUPPLY,2026-03-06,2026-03,2026-Q1,2026,1,8587.7,0.192
50,2026-03-05,1,ASD HEALTHCARE DISTRIBUTION CENTER,ASD,2026-03-06,2026-03,2026-Q1,2026,1,8587.7,0.192
17,2026-03-09,1,MCKESSON PLASMA AND BIOLOGICS MS,MPB,2026-03-13,2026-03,2026-Q1,2026,1,8587.7,0.192
15,2026-03-09,1,MCKESSON SPECIALTY CARE DIST MS,MSH,2026-03-13,2026-03,2026-Q1,2026,1,8587.7,0.192
5,2026-03-09,1,MCKESSON SPECIALTY CARE DIST LVG,MSH,2026-03-13,2026-03,2026-Q1,2026,1,8587.7,0.192
3,2026-03-12,1,ONCOLOGY SUPPLY DISTRIBUTION CENTER,ONCOLOGY SUPPLY,2026-03-13,2026-03,2026-Q1,2026,1,8587.7,0.192
4,2026-03-12,1,ASD HEALTHCARE - MONTCLAIR,ASD,2026-03-13,2026-03,2026-Q1,2026,1,8587.7,0.192
50,2026-03-12,1,MCKESSON PLASMA AND BIOLOGICS KY,MPB,2026-03-13,2026-03,2026-Q1,2026,1,8587.7,0.192
5,2026-03-12,1,MCKESSON SPECIALTY CARE DIST LVG,MSH,2026-03-13,2026-03,2026-Q1,2026,1,8587.7,0.192
6,2026-03-16,1,MCKESSON SPECIALTY CARE DIST MS,MSH,2026-03-20,2026-03,2026-Q1,2026,1,8587.7,0.192
9,2026-03-16,1,MCKESSON SPECIALTY CARE DIST LVG,MSH,2026-03-20,2026-03,2026-Q1,2026,1,8587.7,0.192
7,2026-03-16,1,MCKESSON PLASMA AND BIOLOGICS MS,MPB,2026-03-20,2026-03,2026-Q1,2026,1,8587.7,0.192
2,2026-03-17,1,MCKESSON SPECIALTY CARE DIST LVG,MSH,2026-03-20,2026-03,2026-Q1,2026,1,8587.7,0.192
14,2026-03-19,1,ASD HEALTHCARE DISTRIBUTION CENTER,ASD,2026-03-20,2026-03,2026-Q1,2026,1,8587.7,0.192
12,2026-03-19,1,ASD HEALTHCARE - MONTCLAIR,ASD,2026-03-20,2026-03,2026-Q1,2026,1,8587.7,0.192
8,2026-03-19,1,ONCOLOGY SUPPLY DISTRIBUTION CENTER,ONCOLOGY SUPPLY,2026-03-20,2026-03,2026-Q1,2026,1,8587.7,0.192
8,2026-03-19,1,,,2026-03-20,2026-03,2026-Q1,2026,1,8587.7,0.192
4,2026-03-23,1,MCKESSON SPECIALTY CARE DIST MS,MSH,2026-03-27,2026-03,2026-Q1,2026,1,8587.7,0.192
15,2026-03-23,1,MCKESSON SPECIALTY CARE DIST LVG,MSH,2026-03-27,2026-03,2026-Q1,2026,1,8587.7,0.192
18,2026-03-23,1,MCKESSON PLASMA AND BIOLOGICS MS,MPB,2026-03-27,2026-03,2026-Q1,2026,1,8587.7,0.192
6,2026-03-26,1,MCKESSON SPECIALTY CARE DIST LVG,MSH,2026-03-27,2026-03,2026-Q1,2026,1,8587.7,0.192
19,2026-03-26,1,ASD HEALTHCARE - MONTCLAIR,ASD,2026-03-27,2026-03,2026-Q1,2026,1,8587.7,0.192
15,2026-03-26,1,ONCOLOGY SUPPLY DISTRIBUTION CENTER,ONCOLOGY SUPPLY,2026-03-27,2026-03,2026-Q1,2026,1,8587.7,0.192
50,2026-03-26,1,ASD HEALTHCARE DISTRIBUTION CENTER,ASD,2026-03-27,2026-03,2026-Q1,2026,1,8587.7,0.192
100,2026-03-26,1,MCKESSON PLASMA AND BIOLOGICS KY,MPB,2026-03-27,2026-03,2026-Q1,2026,1,8587.7,0.192
7,2026-03-30,1,MCKESSON SPECIALTY CARE DIST LVG,MSH,2026-04-03,2026-03,2026-Q1,2026,1,8587.7,0.192
8,2026-03-30,1,MCKESSON SPECIALTY CARE DIST MS,MSH,2026-04-03,2026-03,2026-Q1,2026,1,8587.7,0.192
2,2026-03-30,1,MCKESSON SPECIALTY CARE DIST LVG,MSH,2026-04-03,2026-03,2026-Q1,2026,1,8587.7,0.192
30,2026-03-30,1,MCKESSON PLASMA AND BIOLOGICS MS,MPB,2026-04-03,2026-03,2026-Q1,2026,1,8587.7,0.192
18,2026-04-02,1,ASD HEALTHCARE DISTRIBUTION CENTER,ASD,2026-04-03,2026-04,2026-Q2,2026,1,8587.7,0.209
3,2026-04-02,1,ASD HEALTHCARE - MONTCLAIR,ASD,2026-04-03,2026-04,2026-Q2,2026,1,8587.7,0.209
5,2026-04-02,1,ONCOLOGY SUPPLY DISTRIBUTION CENTER,ONCOLOGY SUPPLY,2026-04-03,2026-04,2026-Q2,2026,1,8587.7,0.209
11,2026-04-06,1,MCKESSON SPECIALTY CARE DIST MS,MSH,2026-04-10,2026-04,2026-Q2,2026,1,8587.7,0.209
1,2026-04-06,1,MCKESSON SPECIALTY CARE DIST LVG,MSH,2026-04-10,2026-04,2026-Q2,2026,1,8587.7,0.209
22,2026-04-06,1,MCKESSON PLASMA AND BIOLOGICS MS,MPB,2026-04-10,2026-04,2026-Q2,2026,1,8587.7,0.209
8,2026-04-07,1,,,2026-04-10,2026-04,2026-Q2,2026,1,8587.7,0.209
7,2026-04-07,1,MCKESSON SPECIALTY CARE DIST LVG,MSH,2026-04-10,2026-04,2026-Q2,2026,1,8587.7,0.209
50,2026-04-07,1,MCKESSON PLASMA AND BIOLOGICS KY,MPB,2026-04-10,2026-04,2026-Q2,2026,1,8587.7,0.209
20,2026-04-09,1,ASD HEALTHCARE DISTRIBUTION CENTER,ASD,2026-04-10,2026-04,2026-Q2,2026,1,8587.7,0.209
8,2026-04-09,1,ONCOLOGY SUPPLY DISTRIBUTION CENTER,ONCOLOGY SUPPLY,2026-04-10,2026-04,2026-Q2,2026,1,8587.7,0.209
1,2026-04-09,1,ASD HEALTHCARE - MONTCLAIR,ASD,2026-04-10,2026-04,2026-Q2,2026,1,8587.7,0.209
8,2026-04-13,1,MCKESSON SPECIALTY CARE DIST MS,MSH,2026-04-17,2026-04,2026-Q2,2026,1,8587.7,0.209
12,2026-04-13,1,MCKESSON SPECIALTY CARE DIST LVG,MSH,2026-04-17,2026-04,2026-Q2,2026,1,8587.7,0.209
6,2026-04-13,1,,,2026-04-17,2026-04,2026-Q2,2026,1,8587.7,0.209
50,2026-04-13,1,MCKESSON PLASMA AND BIOLOGICS MS,MPB,2026-04-17,2026-04,2026-Q2,2026,1,8587.7,0.209
8,2026-04-16,1,ASD HEALTHCARE - MONTCLAIR,ASD,2026-04-17,2026-04,2026-Q2,2026,1,8587.7,0.209
20,2026-04-16,1,ASD HEALTHCARE DISTRIBUTION CENTER,ASD,2026-04-17,2026-04,2026-Q2,2026,1,8587.7,0.209
8,2026-04-16,1,ONCOLOGY SUPPLY DISTRIBUTION CENTER,ONCOLOGY SUPPLY,2026-04-17,2026-04,2026-Q2,2026,1,8587.7,0.209
9,2026-04-20,1,MCKESSON SPECIALTY CARE DIST LVG,MSH,2026-04-24,2026-04,2026-Q2,2026,1,8587.7,0.209
10,2026-04-20,1,MCKESSON SPECIALTY CARE DIST MS,MSH,2026-04-24,2026-04,2026-Q2,2026,1,8587.7,0.209
11,2026-04-23,1,ASD HEALTHCARE - MONTCLAIR,ASD,2026-04-24,2026-04,2026-Q2,2026,1,8587.7,0.209
50,2026-04-23,1,ASD HEALTHCARE DISTRIBUTION CENTER,ASD,2026-04-24,2026-04,2026-Q2,2026,1,8587.7,0.209
1,2026-04-23,1,ONCOLOGY SUPPLY DISTRIBUTION CENTER,ONCOLOGY SUPPLY,2026-04-24,2026-04,2026-Q2,2026,1,8587.7,0.209
8,2026-04-23,1,,,2026-04-24,2026-04,2026-Q2,2026,1,8587.7,0.209
1,2026-04-27,1,MCKESSON SPECIALTY CARE DIST LVG,MSH,2026-05-01,2026-04,2026-Q2,2026,1,8587.7,0.209
7,2026-04-27,1,MCKESSON SPECIALTY CARE DIST MS,MSH,2026-05-01,2026-04,2026-Q2,2026,1,8587.7,0.209
8,2026-04-27,1,MCKESSON PLASMA AND BIOLOGICS MS,MPB,2026-05-01,2026-04,2026-Q2,2026,1,8587.7,0.209
6,2026-04-29,1,,,2026-05-01,2026-04,2026-Q2,2026,1,8587.7,0.209
50,2026-04-29,1,MCKESSON PLASMA AND BIOLOGICS KY,MPB,2026-05-01,2026-04,2026-Q2,2026,1,8587.7,0.209
2,2026-05-01,1,ONCOLOGY SUPPLY DISTRIBUTION CENTER,ONCOLOGY SUPPLY,2026-05-01,2026-05,2026-Q2,2026,1,8587.7,0.209
12,2026-05-04,1,MCKESSON SPECIALTY CARE DIST LVG,MSH,2026-05-08,2026-05,2026-Q2,2026,1,8587.7,0.209
21,2026-05-04,1,MCKESSON SPECIALTY CARE DIST MS,MSH,2026-05-08,2026-05,2026-Q2,2026,1,8587.7,0.209
8,2026-05-04,1,MCKESSON PLASMA AND BIOLOGICS MS,MPB,2026-05-08,2026-05,2026-Q2,2026,1,8587.7,0.209
4,2026-05-04,1,,,2026-05-08,2026-05,2026-Q2,2026,1,8587.7,0.209
50,2026-05-06,1,MCKESSON PLASMA AND BIOLOGICS KY,MPB,2026-05-08,2026-05,2026-Q2,2026,1,8587.7,0.209
8,2026-05-07,1,ASD HEALTHCARE - MONTCLAIR,ASD,2026-05-08,2026-05,2026-Q2,2026,1,8587.7,0.209
14,2026-05-07,1,ASD HEALTHCARE DISTRIBUTION CENTER,ASD,2026-05-08,2026-05,2026-Q2,2026,1,8587.7,0.209
8,2026-05-07,1,ONCOLOGY SUPPLY DISTRIBUTION CENTER,ONCOLOGY SUPPLY,2026-05-08,2026-05,2026-Q2,2026,1,8587.7,0.209
12,2026-05-11,1,MCKESSON SPECIALTY CARE DIST MS,MSH,2026-05-15,2026-05,2026-Q2,2026,1,8587.7,0.209
7,2026-05-11,1,MCKESSON SPECIALTY CARE DIST LVG,MSH,2026-05-15,2026-05,2026-Q2,2026,1,8587.7,0.209
23,2026-05-11,1,MCKESSON PLASMA AND BIOLOGICS MS,MPB,2026-05-15,2026-05,2026-Q2,2026,1,8587.7,0.209
4,2026-05-13,1,,,2026-05-15,2026-05,2026-Q2,2026,1,8587.7,0.209
15,2026-05-14,1,ASD HEALTHCARE - MONTCLAIR,ASD,2026-05-15,2026-05,2026-Q2,2026,1,8587.7,0.209
50,2026-05-14,1,ASD HEALTHCARE DISTRIBUTION CENTER,ASD,2026-05-15,2026-05,2026-Q2,2026,1,8587.7,0.209
10,2026-05-18,1,MCKESSON PLASMA AND BIOLOGICS MS,MPB,2026-05-22,2026-05,2026-Q2,2026,1,8587.7,0.209
2,2026-05-18,1,MCKESSON SPECIALTY CARE DIST LVG,MSH,2026-05-22,2026-05,2026-Q2,2026,1,8587.7,0.209
7,2026-05-18,1,MCKESSON SPECIALTY CARE DIST MS,MSH,2026-05-22,2026-05,2026-Q2,2026,1,8587.7,0.209
6,2026-05-18,1,,,2026-05-22,2026-05,2026-Q2,2026,1,8587.7,0.209
50,2026-05-19,1,MCKESSON PLASMA AND BIOLOGICS KY,MPB,2026-05-22,2026-05,2026-Q2,2026,1,8587.7,0.209
6,2026-05-21,1,,,2026-05-22,2026-05,2026-Q2,2026,1,8587.7,0.209
8,2026-05-21,1,,,2026-05-22,2026-05,2026-Q2,2026,1,8587.7,0.209
8,2026-05-21,1,ASD HEALTHCARE DISTRIBUTION CENTER,ASD,2026-05-22,2026-05,2026-Q2,2026,1,8587.7,0.209
4,2026-05-21,1,ASD HEALTHCARE - MONTCLAIR,ASD,2026-05-22,2026-05,2026-Q2,2026,1,8587.7,0.209
12,2026-05-26,1,MCKESSON SPECIALTY CARE DIST MS,MSH,2026-05-29,2026-05,2026-Q2,2026,1,8587.7,0.209
9,2026-05-26,1,MCKESSON SPECIALTY CARE DIST LVG,MSH,2026-05-29,2026-05,2026-Q2,2026,1,8587.7,0.209
32,2026-05-26,1,MCKESSON PLASMA AND BIOLOGICS MS,MPB,2026-05-29,2026-05,2026-Q2,2026,1,8587.7,0.209
30,2026-05-27,1,,,2026-05-29,2026-05,2026-Q2,2026,1,8587.7,0.209
50,2026-05-27,1,MCKESSON PLASMA AND BIOLOGICS KY,MPB,2026-05-29,2026-05,2026-Q2,2026,1,8587.7,0.209
3,2026-05-28,1,ONCOLOGY SUPPLY DISTRIBUTION CENTER,ONCOLOGY SUPPLY,2026-05-29,2026-05,2026-Q2,2026,1,8587.7,0.209
6,2026-05-28,1,ASD HEALTHCARE DISTRIBUTION CENTER,ASD,2026-05-29,2026-05,2026-Q2,2026,1,8587.7,0.209
9,2026-05-28,1,ASD HEALTHCARE - MONTCLAIR,ASD,2026-05-29,2026-05,2026-Q2,2026,1,8587.7,0.209
15,2026-06-01,1,MCKESSON SPECIALTY CARE DIST MS,MSH,2026-06-05,2026-06,2026-Q2,2026,1,8587.7,0.209
7,2026-06-01,1,MCKESSON SPECIALTY CARE DIST LVG,MSH,2026-06-05,2026-06,2026-Q2,2026,1,8587.7,0.209
3,2026-06-03,1,MCKESSON SPECIALTY CARE DIST LVG,MSH,2026-06-05,2026-06,2026-Q2,2026,1,8587.7,0.209
10,2026-06-04,1,ASD HEALTHCARE - MONTCLAIR,ASD,2026-06-05,2026-06,2026-Q2,2026,1,8587.7,0.209
5,2026-06-04,1,ONCOLOGY SUPPLY DISTRIBUTION CENTER,ONCOLOGY SUPPLY,2026-06-05,2026-06,2026-Q2,2026,1,8587.7,0.209
23,2026-06-04,1,ASD HEALTHCARE DISTRIBUTION CENTER,ASD,2026-06-05,2026-06,2026-Q2,2026,1,8587.7,0.209
14,2026-06-08,1,MCKESSON SPECIALTY CARE DIST MS,MSH,2026-06-12,2026-06,2026-Q2,2026,1,8587.7,0.209
4,2026-06-08,1,MCKESSON SPECIALTY CARE DIST LVG,MSH,2026-06-12,2026-06,2026-Q2,2026,1,8587.7,0.209
27,2026-06-08,1,MCKESSON PLASMA AND BIOLOGICS MS,MPB,2026-06-12,2026-06,2026-Q2,2026,1,8587.7,0.209
6,2026-06-09,1,,,2026-06-12,2026-06,2026-Q2,2026,1,8587.7,0.209
50,2026-06-09,1,MCKESSON PLASMA AND BIOLOGICS KY,MPB,2026-06-12,2026-06,2026-Q2,2026,1,8587.7,0.209
4,2026-06-09,1,MCKESSON SPECIALTY CARE DIST LVG,MSH,2026-06-12,2026-06,2026-Q2,2026,1,8587.7,0.209
12,2026-06-10,1,,,2026-06-12,2026-06,2026-Q2,2026,1,8587.7,0.209
28,2026-06-11,1,ASD HEALTHCARE DISTRIBUTION CENTER,ASD,2026-06-12,2026-06,2026-Q2,2026,1,8587.7,0.209
6,2026-06-11,1,ASD HEALTHCARE - MONTCLAIR,ASD,2026-06-12,2026-06,2026-Q2,2026,1,8587.7,0.209
10,2026-06-15,1,MCKESSON SPECIALTY CARE DIST MS,MSH,2026-06-19,2026-06,2026-Q2,2026,1,8587.7,0.209
2,2026-06-15,1,MCKESSON SPECIALTY CARE DIST LVG,MSH,2026-06-19,2026-06,2026-Q2,2026,1,8587.7,0.209
8,2026-06-15,1,MCKESSON SPECIALTY CARE DIST LVG,MSH,2026-06-19,2026-06,2026-Q2,2026,1,8587.7,0.209
27,2026-06-15,1,MCKESSON PLASMA AND BIOLOGICS MS,MPB,2026-06-19,2026-06,2026-Q2,2026,1,8587.7,0.209
6,2026-06-18,1,ONCOLOGY SUPPLY DISTRIBUTION CENTER,ONCOLOGY SUPPLY,2026-06-19,2026-06,2026-Q2,2026,1,8587.7,0.209
21,2026-06-18,1,ASD HEALTHCARE - MONTCLAIR,ASD,2026-06-19,2026-06,2026-Q2,2026,1,8587.7,0.209
50,2026-06-18,1,ASD HEALTHCARE DISTRIBUTION CENTER,ASD,2026-06-19,2026-06,2026-Q2,2026,1,8587.7,0.209
85,2026-06-24,1,MCKESSON SPECIALTY CARE DIST MS,MSH,2026-06-26,2026-06,2026-Q2,2026,1,8587.7,0.209
80,2026-06-24,1,MCKESSON SPECIALTY CARE DIST LVG,MSH,2026-06-26,2026-06,2026-Q2,2026,1,8587.7,0.209
75,2026-06-24,1,MCKESSON PLASMA AND BIOLOGICS MS,MPB,2026-06-26,2026-06,2026-Q2,2026,1,8587.7,0.209
6,2026-06-25,1,,,2026-06-26,2026-06,2026-Q2,2026,1,8587.7,0.209
30,2026-06-25,1,,,2026-06-26,2026-06,2026-Q2,2026,1,8587.7,0.209
1,2026-06-25,1,ONCOLOGY SUPPLY DISTRIBUTION CENTER,ONCOLOGY SUPPLY,2026-06-26,2026-06,2026-Q2,2026,1,8587.7,0.209
16,2026-06-25,1,ASD HEALTHCARE - MONTCLAIR,ASD,2026-06-26,2026-06,2026-Q2,2026,1,8587.7,0.209
125,2026-06-26,1,MCKESSON PLASMA AND BIOLOGICS KY,MPB,2026-06-26,2026-06,2026-Q2,2026,1,8587.7,0.209
24,2026-06-26,1,MCKESSON SPECIALTY CARE DIST LVG,MSH,2026-06-26,2026-06,2026-Q2,2026,1,8587.7,0.209
3,2026-07-01,1,ONCOLOGY SUPPLY DISTRIBUTION CENTER,ONCOLOGY SUPPLY,2026-07-03,2026-07,2026-Q3,2026,1,8845.33,0.209
17,2026-07-01,1,ASD HEALTHCARE DISTRIBUTION CENTER,ASD,2026-07-03,2026-07,2026-Q3,2026,1,8845.33,0.209
9,2026-07-01,1,ASD HEALTHCARE - MONTCLAIR,ASD,2026-07-03,2026-07,2026-Q3,2026,1,8845.33,0.209
8,2026-07-01,1,,,2026-07-03,2026-07,2026-Q3,2026,1,8845.33,0.209
50,2026-07-09,1,ASD HEALTHCARE DISTRIBUTION CENTER,ASD,2026-07-10,2026-07,2026-Q3,2026,1,8845.33,0.209
11,2026-07-09,1,ONCOLOGY SUPPLY DISTRIBUTION CENTER,ONCOLOGY SUPPLY,2026-07-10,2026-07,2026-Q3,2026,1,8845.33,0.209
3,2026-07-09,1,ASD HEALTHCARE - MONTCLAIR,ASD,2026-07-10,2026-07,2026-Q3,2026,1,8845.33,0.209
3,2026-07-13,1,,,2026-07-17,2026-07,2026-Q3,2026,1,8845.33,0.209
